Sender,Ticket Link,Ticket Info,Desired Outcome,Action Required,TCK 전달예정,Confirmer,Confirmer Reply
김지우 Kevin 글로벌CX전략팀,https://spigenhelp.zendesk.com/agent/tickets/1000148886,"링크: https://spigenhelp.zendesk.com/agent/tickets/1000148886
국가 / 제품: UK / iPhone 16 Pro Ultra Hybrid T MagFit
ASIN=B0D79ZYR7G / SKU=ACS08513
구매일자: 2024-10-08","1차: 버튼 파손(정상 사용 주장, 사진 제출) → 사용 중 발생 손상으로 도움불가 안내
2차: 정상 사용 중 고장 강조 및 내구성 문제 제기 → 동일 기준으로 도움불가 재안내
3차(현재): goodwill 차원 교환 요청 및 매니저 검토 요청","구매 약 1년 7개월 경과
(최근 2년) 총 주문 3개 / FBA 환불 0건 / 셀러 환불 0건 / 셀러 코드 발급 0건
사진 첨부 있으나 버튼 파손 원인 단정 어려움 (외부 영향 가능성 존재)
GCX 기준상 장기간 사용 후 발생한 기능 파손은 워런티 대상 아님
유사 전례: 장기간 사용 후 기능부 파손 → 도움불가 케이스 다수 존재
충성 고객 여부: 총 주문 3건 / 환불 0건 → 충성고객 해당
※ 위 근거로 “제조상 결함 확인 불가, 사용 중 영향으로 판단되어 도움 불가 유지” 예정","고객 상황에 대한 유감 표현
사용환경 및 외부 영향에 의한 파손으로 사료되며 제조상 결함은 확인되지 않은 점 재안내
구매 후 1년 7개월이 경과된 것으로 확인
도움 불가 3차(재인입시 NRN)",나아름 Jane 글로벌CX전략팀,"Mon 9:44 AM
@
김지우 Kevin 글로벌CX전략팀
 프로님,
충성 고객 + iPh. 16 기종 과재고 고려하여 다음과 같이 작성하였습니다.
1. 고객 사용기간 확인하였음
2. 사용기간동안 발생된 일반적인 마모는 제조상의 결함이 아님
3. 워런티 제공대상 아니나 이번에만 예외적 도움드리는 점 참고
4. 대체품 제공 안내 + 동의 시, 개인정보 회신 바람
Mon 9:44 AM"
김지우 Kevin 글로벌CX전략팀,https://spigenhelp.zendesk.com/agent/tickets/1000148570,"링크: https://spigenhelp.zendesk.com/agent/tickets/1000148570
국가 / 제품: DE / Galaxy S26 Ultra Nano Pop MagFit
ASIN=B0FVBFF7BJ / SKU=ACS11039
구매일자: 2026-03-10","1차: 버튼 탈락(영상 제출, 정상 사용 주장) → 교품 제공(MCF)
2차: 교품 수령 후 타 제품(Blueberry Navy) 품질 불만(핏 불량, 버튼 눌림감 불량, 사용감 의심) → 사진 및 바코드 요청
3차(현재): 사진/영상으로 입증 어렵다며 반품 후 환불 요구 → 지속적으로 제품 품질 문제 주장","구매 약 2개월 경과
(최근 2년) 총 주문 9개 / FBA 환불 4건 / 셀러 환불 0건 / 셀러 코드 발급 0건
구매한 두 제품 중 하나는 이미 버튼탈락이 영상으로 확인되어 MCF 1회 진행됨
2차 클레임은 다른 색상 제품(Navy) 품질 문제로 주장되나, 명확한 하자 입증 부족
Nano Pop 버튼 구조상 탈착 가능한 설계 → 제조상 결함 단정 어려움
신제품 초기 클레임 및 고객 구매 이력 고려 추가 1회 지원 타당
충성 고객 여부: 총 주문 9건 / 환불 4건 → 충성고객 아님
※ 위 근거로 “제조상 결함 확인 불가하나, 신제품 이슈 및 고객 불편 고려 추가 MCF 1회 제공” 예정","고객 불편에 대해 유감
해당 제품의 버튼부는 장/탈착 가능한 제품이며 제조상 결함이 아닌 것으로 확인됨
고객 불편을 고려 대체품 제공(MCF진행)",임영신 June 글로벌CX전략팀,"May 27, 4:43 PM
네, 확인 감사합니다.
May 27, 4:43 PM"
김지우 Kevin 글로벌CX전략팀,https://spigenhelp.zendesk.com/agent/tickets/1000148795,"링크: https://spigenhelp.zendesk.com/agent/tickets/1000148795
국가 / 제품: DE / iPhone 17 Pro Max Nano Pop MagFit
ASIN=B0FD1J8X1R / SKU=ACS09915
구매일자: 2026-04-20","1차: 짧은 사용 기간 내 마모 및 가장자리 소재 약화 주장 → 사진 요청 및 사용환경 확인 요청
2차(현재): 사진 첨부 후 환불 재요청 → 제조상 결함 여부 불명확, 고객 불편 고려 대응 검토","구매 약 1개월 경과
(최근 2년) 총 주문 7개 / FBA 환불 4건 / 셀러 환불 1건 / 셀러 코드 발급 0건
사진상 코팅 벗겨짐 및 마모 확인되나, 사용환경/외부요인 영향 가능성 존재 (명확한 제조 결함 단정 어려움)
GCX 기준상 단기간 외관 손상은 사용환경 영향 가능성 우선 검토 → 원칙상 제한적 대응 대상
과거 폐기사진 AI 편집 의심 이력 존재 → 관리 필요 고객
※ 위 근거로 “제조상 결함 확인 불가, 고객 불편 고려 1회 예외적 환불 또는 MCF 제공” 예정","고객 상황에 대한 유감 표현
사진 확인 결과, 사용환경 및 외부 영향에 의한 파손으로 사료되며 제조상 결함은 확인되지 않음
고객 불편 고려 예외적 대체품 제공 예정 (MCF 진행)",임영신 June 글로벌CX전략팀,"May 26, 2:47 PM
확인 감사해요~!
May 26, 2:47 PM"
임영신 June 글로벌CX전략팀,https://spigenhelp.zendesk.com/agent/tickets/1000148842,"https://spigenhelp.zendesk.com/agent/tickets/1000148842
국가 / 제품: IN / Galaxy S24 FE용 Parallax
ASIN: B0D7NMKV4N
구매일자: 2025-10-18","1차: 10월에 구매한 케이스가 느슨해져 휴대폰에 밀착되지 않음. 품질에 실망하여 도움 요청 (구매 7개월 경과) 
동일 티켓: #1000126697 (2025.11.08일 문의 / 405-8340376-0196352)
Galaxy S24 FE용 케이스를 10/18일에 아마존에서 구매했는데 느슨해져 제대로 맞지 않음. 반품 기한이 종료되어 소비자 법원에 이에 대한 소송을 제기하겠음 (상단 늘어난 영상 첨부)
-> 아마존 CS 교환/환불 2차례 안내 + 도움 불가 + 재인입 후 NRN 처리한 건","(최근 2년) 총 주문 제품 3개 / FBA 환불 제품 2개 / 셀러 환불 0건 (아마존 환불 이력 높은 고객)
상이한 고객 이름/이메일 문의)
이전 티켓: Sree Devi / sreedevishibinjohn@gmail.com
본 티켓: Shibin John / shibinsreejohn@gmail.com","고객 불편 유감
사용 과정에서의 제품 손상은 워런티 대상 아님+도움 불가 1차 안내",,
임영신 June 글로벌CX전략팀,https://spigenhelp.zendesk.com/agent/tickets/1000148221,"https://spigenhelp.zendesk.com/agent/tickets/1000148221
국가 / 제품: IN /  iPhone 16 Pro Max용 Optik Armor MagFit 케이스
ASIN: B0D21MYF4D
구매일자: 2025-05-05","1차: 25년 05월 05일에 구매한 제품의 품질 실망. 카메라 커버 잠금 부분이 매우 헐거워 가장자리에서 제대로 고정되지 않음. 사용이 불편하며 전체적인 사용 경험에 영향을 주고 있음. 지원 정책을 확인한 결과 해당 제품은 보증 대상임을 확인하였으며, 이에 따라 불량 제품에 대한 교환 보증 클레임을 요청함.
->  사용 중 생긴 결함 1차 안내 (환불 X)
2차: 케이스의 카메라 커버 문제는 사고로 인한 손상 또는 부주의한 취급에 의해 발생한 것이 아님. 일상에서 사용하던 중 커버가 느슨해졌고 더 이상 고정되지 않아 사용하기 불편함. 카메라 커버 매커니즘의 기능 및 내구성 문제로 제조상 결함 주장.
-> 사용 중 생긴 결함 2차 안내 (환불 X)
3차:  낙하 충격 없이 정상적으로 사용했음에도 헐거워져 고정되지 않음. Optik Amor의 핵심 기능인 만큼 정상 사용 중 발생한 기능 저하에 실망함. 제조 결함으로 인정되지 않더라도 고객 만족 또는 선의 차원의 예외적 교체를 위해 관련 부서 재검토를 요청함
이전 환불 티켓) 
#1000109694 iPhone 16 Pro Max용 Optik Pro 카메라 글라스 부착 후 이미지 품질이 하락하고 뚜렷하지 않음. EZ Fit Privacy 글라스 부착 후 색상 정확도가 떨어지며, 특히 화면에 노란빛이 돌며 왜곡이 생김.
-> 예외적으로 두 제품 100% 환불","(최근 2년) 총 주문 제품 6개 / FBA 환불 제품 0개 / 셀러 환불 2건 / MCF 발송 0건
구매 후 1년 20일 경과
동일 주문 건 이전 #1000110439 에서 기기손상으로 문의 인입되었으나 도움 불가 처리됨","고객 불편 유감
사용 과정에서의 제품 손상은 워런티 대상 아님+도움 불가 3차 안내
Mon 10:25 AM",,
임영신 June 글로벌CX전략팀,https://spigenhelp.zendesk.com/agent/tickets/1000148951,"https://spigenhelp.zendesk.com/agent/tickets/1000148951
국가 / 제품: IN /  Galaxy S24 Ultra용 UH OneTap Metal Ring MagFit
ASIN: B0CM5F2J95
구매일자: 2025-07-10","1차: 측면이 벌어지고 접착 부위가 떨어짐. 고가 제품이나 1년도 사용하지 못함 (사진) 
2차: (독촉) 
이전 환불 티켓:
#1000117094 iPhone 16 Pro용 Ultra Hybrid T MagFit 측면 분리 -> 폐기 사진 확인 후 환불 100% 
#1000074054 Nothing Phone (2)용 UH 케이스의 측면 분리 및 코팅 벗겨짐 -> 100% 환불 (2년 경과)","(최근 2년) 총 주문 제품 17개 / FBA 환불 제품 7개 / 셀러 환불 1건
상이한 이름 및 이메일 2개 사용
emailvineet9090@gmail.com / Vineet Bhardwaj Narachi
vivekbhatt458@gmail.com / Vivek Bhatt","고객 불편 유감
사용 과정에서의 제품 손상은 워런티 대상 아님+ 도움 불가  1차 안내",김지우 Kevin 글로벌CX전략팀,"May 26, 5:06 PM
확인 감사합니다 리더님. 해당 티켓 환불 100%로 전달하겠습니다!
May 26, 5:06 PM"
임영신 June 글로벌CX전략팀,https://spigenhelp.zendesk.com/agent/tickets/1000148940,"https://spigenhelp.zendesk.com/agent/tickets/1000148940
국가 / 제품: SE / Apple Watch Ultra 2 49mm용 Rugged Band 스트랩
ASIN:B092Z6M3KD
구매일자: 2024-12-21","1차: 아마존을 통해 교체 받은 제품이 1년 만에 또 파손됨. 아마존에서는 물과 접촉되면 안 된다고 나와있어서 샤워할 때 스트랩을 항상 탈착했음. 그러나 매일 장/탈착하는 것을 견디지 못하는 것 같음. 더 이상 이 스트랩을 신뢰하지 않아 메탈 스트랩을 사용할 것이니 환불 요청. (사진 첨부)
-> 사용 중 생긴 결함 1차 안내 (환불 X)
2차: 매우 실망스러우며, 이러한 답변은 납득하기 어려움. 손목 Band는 수년 동안 매일 착용하고 벗는 사용 환경을 충분히 견딜 수 있어야 한다고 생각함. 예를 들어 Casio 시계 밴드만 봐도 수년간 문제 없이 사용할 수 있음. 첫 번째 Band가 파손된 이후에 두 번째는 더욱 조심해서 사용했음. Amazon 측에서도 해당 제품은 당연히 더 오래 사용 가능해야 한다고 안내했음. 또한 슈피겐의 고무 재질 손목 Band에서 동일한 문제가 발생했다는 사례를 많이 확인했음. 이 문제는 분명 품질상의 문제이며, 슈피겐도 이를 알고 있다고 생각함.
만약 환불이 불가능하다면 앞으로는 슈피겐 제품을 다시는 구매하지 않을 것임. 또한 친구와 가족들에게도 이번 고객 서비스 경험을 알릴 예정임. 최소한 새 손목 Band라도 제공해 주기를 바라며, 가능하다면 쉽게 파손되지 않는 금속 Band로 보내주기를 희망함.
-> 사용 중 생긴 결함 2차 안내 (환불 X)
3차: 그렇다면 슈피겐은 매일 착용하고 벗는 사용 환경에서 1년 이상 견디지 못하는 손목 Band를 판매하고 있다는 의미인지 궁금함. 슈피겐의 고무 손목 Band가 약 1년 정도 지나면 파손된다는 것은 사실이라고 생각함.
이전 메일에서도 언급했듯이, 현재 사용 중인 제품은 동일 모델의 두 번째로 사용한 제품이며 이번에는 더욱 조심해서 사용했음. 그럼에도 불구하고 약 1년 만에 다시 파손되었음.
슈피겐이 고객 불만을 진지하게 받아들이지 않는 것처럼 느껴짐. 이러한 이유로 환불이 이루어지지 않는다면 앞으로 슈피겐 제품 구매를 중단할 예정임. 또한 본인이 거주하는 스웨덴에서는 법적으로 2년의 보증 및 하자 청구 권리가 보장되어 있다고 함.
참고로 아래 Reddit 게시글도 확인해 주시기 바람. (파손 관련 Negative Review)
https://www.reddit.com/r/GalaxyWatch/s/bDrzE3WCaP","(최근 2년) 총 주문 제품 1개 / FBA 환불 제품 0개 / 셀러 환불 0건 / MCF 발송 0건
-구매 1년 5개월 경과","고객 불편 유감
고객 의견 유관 부서 전달+사용 과정에서의 제품 손상은 워런티 대상 아님+  이전에 안내한 바와 같이 제품 상태는 다양한 요인으로 인해 상이할 수 있음 +도움 불가 3차 안내
Mon 10:49 AM",,
임영신 June 글로벌CX전략팀,https://spigenhelp.zendesk.com/agent/tickets/1000148904,"https://spigenhelp.zendesk.com/agent/tickets/1000148904
국가 / 제품: JP/ UH MagFit 케이스
https://item.rakuten.co.jp/spigen-officialstore/acs0018/?s-id=review_pc_il_item_03_text
구매일자: 2026/03/04","상품 설명에 황변이 잘 되지 않는다고 되어 있어 구매했는데, 황변이 발생함. 약 3개월만에 황변이 발생하는 것이 일반적인 현상인지 문의 (사진 첨부)","확인 불가
[전달 예정]
투명 케이스의 오염 빛 변색 정도는 사용 환경 조건, 방식에 따라 달라질 수 있음 + 도움 불가
Mon 11:06 AM",,,
김지우 Kevin 글로벌CX전략팀,https://spigenhelp.zendesk.com/agent/tickets/1000148773,"링크: https://spigenhelp.zendesk.com/agent/tickets/1000148773
국가 / 제품: DE / iPhone 17 Pro Max Ultra Hybrid T MagFit
ASIN=B0FD22YW2J / SKU=ACS10046
구매일자: 2025-12-17","1차: 황변 발생 주장 (사진 제출) → 폐기사진 요청 후 환불 안내
2차(현재): 제품 폐기하여 폐기사진 제출 불가, 장기 고객임을 강조하며 환불 또는 교체 요청","구매 약 5개월 경과
(최근 2년) 총 주문 1개 / FBA 환불 0건 / 셀러 환불 0건 / 셀러 코드 발급 0건
첨부 사진상 황변 상태는 명확하게 확인됨
폐기사진 미제공으로 환불 조건은 충족되지 않으나, 실사용 기반 황변 클레임 신뢰도 높음
동일 SKU MCF 재고 245개 보유 → 재고 소진 목적 MCF 대응 적합
충성 고객은 아니나 기업용 구매 언급 및 장기 사용자 어필 고려 시 경험 케어 필요
※ 위 근거로 “MCF 대체품 발송” 예정","고객 상황에 대한 유감 표현
황변의 경우, 형광등, 자외선 노출, 충전기 발열, 화장품 등 다양한 유저의 사용환경 및 외부요인에 의해 발생될 수 있음
고객 불편을 고려하여 대체품 발송 예정 (MCF진행)",임영신 June 글로벌CX전략팀,"May 27, 10:25 AM
@
양숙랑 Grace 글로벌CX전략팀
 리더님, 이 티켓 재인입되었습니다. MCF 로 제공받은 제품도 동일한 하자가 있다는 것에 강하게 불만 표시하며, 아래와 같은 요청을 보냈습니다. 
1회성 무상 교체 문구는 본인이 요구한 부분이 아님. 해당 제품이 문제가 있으므로 보증 정책에 따라 교체되어야 함. 다른 사람들에게 알리겠으며 접수한 불만 사항에 대한 참조 번호를 확인해서 제공해주길 바람. 또한 공식적으로 정보 열람 청구 (Subject Access Request)) 를 요청함. 해당 절차가 완료된 이후에는 잊힐 권리 (Right to be Forgotten) 요청도 진행하고자 함. 컴플라이언스 팀에 전달하여 절차 시작해 주길 바람.
이에 따라, 아래와 같이 예상 답변 작성하였습니다. 의견 부탁드립니다.  
고객 불편 유감
대체품 제공은 예외적인 1회성 도움이나 고객 불편 고려하여 환불 도움 드림 
아마존 셀러로써 당사는 아마존 구매에 따른 오더 내역을 열람함 + 일반 데이터 보호 규정(GDPR)과 같은 관련 데이터 보호법에 따라 문의에 답변하기 위한 목적으로만 개인정보 수집 및 이용 안내
May 27, 10:25 AM"
김지우 Kevin 글로벌CX전략팀,https://spigenhelp.zendesk.com/agent/tickets/1000148756,"링크: https://spigenhelp.zendesk.com/agent/tickets/1000148756
국가 / 제품: UK / Galaxy S26 Tough Armor MagFit
ASIN=B0FWGJBGQS / SKU=ACS11168
구매일자: 2026-05-23","1차: MagSafe 차량용 마운트 사용 직후 케이스 후면 손상 발생 → 주문내역/사진/사용환경 요청
2차(현재): MagSafe 차량용 마운트(타사 제품) 사용 시 도색 내구성 문제 또는 마운트 영향 여부 문의 → 원인 검토 및 보상 요청","구매 약 10일 경과
(최근 2년) 총 주문 3개 / FBA 환불 0건 / 셀러 환불 0건 / 셀러 코드 발급 0건
MagSafe 마운트 사용 시 자력 및 접촉 마찰로 인한 링 자국 발생 케이스로 판단 (사진 확인됨)
내부 기준상 외부 액세서리 사용 및 마찰에 따른 자국은 워런티 대상 아님 (제조상 결함 단정 불가)
타고객 유사 전례 다수 존재 (#1000140387, #1000075721, #1000028814 등) – 환불/MCF 혼재
충성 고객 조건 충족 (총 주문 3건, 환불 이력 없음)
※ 위 근거로 “제조상 결함 확인 불가, 고객 불편 고려 MCF 대체품 제공” 예정","제품 사용 중 불편을 겪으신 점 유감
사진 확인 결과 제조상 결함은 확인되지 않았음
고객 불편을 고려하여 대체품 제공 예정(MCF)",임영신 June 글로벌CX전략팀,"May 26, 5:16 PM
확인 감사합니다.
May 26, 5:16 PM"
김지우 Kevin 글로벌CX전략팀,https://spigenhelp.zendesk.com/agent/tickets/1000149136,"링크: https://spigenhelp.zendesk.com/agent/tickets/1000149136
국가 / 제품: UK / Google Pixel 10a SP_Glas.tR
 EZ Fit Pro
ASIN=B0GBZFFVRG / SKU=AGL11364
구매일자: 2026-05-31","1차: 부착 중 Pull Tab 파손으로 필름 손상 주장(사진 첨부) → 바코드 사진 요청
2차(현재): 바코드 포함 사진 제출 완료 → 제품 자체 문제 및 설치 과정 이슈 주장 지속","구매 2일 경과
(최근 2년) 총 주문 3개 / FBA 환불 0건 / 셀러 환불 0건 / 셀러 코드 발급 0건
초기 부착 과정에서 Pull tab 파손 → 설치 방식/속도 관련 이슈 가능성 존재
Pixel 10a EZ Fit Pro 제품 상세페이지에 가이드 필름 관련 주의사항 미기재 확인
동일 제품 유사 인입 2건 존재 (초기 불량 단정 어려우나 반복 발생 확인 필요)
충성 고객 여부: 충족 (총 주문 3건 & 환불 이력 없음)
설치 관련(가이드필름 벗겨짐은 아님) 배드리뷰 2건 + 가이드필름뜯김 클레임 2건 존재
※ 위 근거로 “제조상 결함 확인 불가, 고객 불편 고려 MCF대응” 예정","제품 사용 중 불편을 겪으신 점 유감
사진 확인 결과 제조상 결함은 확인되지 않았음
고객 불편을 고려하여 대체품 제공 예정(MCF)",양숙랑 Grace 글로벌CX전략팀,"May 27, 2:37 PM
프로님. 제안대로 도움불가 안내 부탁 드려요.
(사용 환경과 기후등의 외부영향이 큰 나라 같아요.)
May 27, 2:37 PM"
김지우 Kevin 글로벌CX전략팀,https://spigenhelp.zendesk.com/agent/tickets/1000149087,"링크: https://spigenhelp.zendesk.com/agent/tickets/1000149087  
국가 / 제품: UK / Galaxy Z Fold 7 Slim Armor Pro MagFit  
ASIN=B0F1BGJNHX / SKU=ACS09551  
구매일자: 2025-11-12","1차: 힌지 상단 파손 주장(사진 제출) → 사진 요청 및 검토  
2차: 제조 결함 주장 및 재검토 요청 → 50% 환불 제안  
3차: 50% 환불 거절 및 교체/전액 환불 요구 → 예외적 MCF 교환 제공  
4차(현재): 교환품 수령 후 약 2주 내 동일 부위(하단 힌지) 재파손 주장 + 강한 불만 및 리뷰 언급 → 추가 보상 요구","+ 구매 약 6~7개월 경과 (MCF 전 구매 제품)
+ (최근 2년) 총 주문 2개 / FBA 환불 0건 / 셀러 환불 0건 / 셀러 코드 발급 0건 / MCF 1건  
1. 동일 부위 반복 파손 주장이나, 사용 중 외부 영향 가능성 존재 (사진 有)  
2. 기존 티켓에서 예외적 MCF 1회 제공된 이력 있음 → 추가 보상은 원칙상 제한 필요하나, 고객 불만 강도 및 리뷰 리스크 고려 
3. 교환품 수령 후 단기간 내 재발생으로 고객 체감 불편 높음  
※ 위 근거로 “제조상 결함 확인 불가, 고객 불편 고려 1회 추가 MCF 제공” 예정","1. 고객 상황에 대해 유감스럽게 생각
2. 사진 확인 결과 제조상 결함은 확인되지 않았음
3. 고객 불편을 고려하여 대체품을 다시 한 번 제공드리자함(사진 확인 후 MCF 진행)",임영신 June 글로벌CX전략팀,"May 27, 4:42 PM
확인 감사합니다.
May 27, 4:42 PM"
김지우 Kevin 글로벌CX전략팀,https://spigenhelp.zendesk.com/agent/tickets/1000148621,"링크: https://spigenhelp.zendesk.com/agent/tickets/1000148621
국가 / 제품: ES / Other (ODM) Selfie Stick
ASIN=B0C8VNS486 / SKU=AMP06402
구매일자: 2026-04-27","1차: 자석이 너무 강해 탈착 시 모듈이 분리될 것 같다는 우려 → 제품 상태 및 바코드 사진 요청
2차(현재): 링이 거치대에서 약간 헐거워진 상태 (사진 첨부) → 장기 사용 시 분리 우려로 조치 요청","구매 약 1개월 경과
(최근 2년) 총 주문 2개 / FBA 환불 0건 / 셀러 환불 0건 / 셀러 코드 발급 0건
사진상 링이 다소 유격 있는 상태이나 완전 분리/파손은 아님 → 명확한 하자 단정 어려움
GCX 기준상 기능 사용 가능 + 외부 영향 가능성 존재 시 보상 필수 아님 → 단, 초기 사용 기간 및 구조 불안 요소 고려 시 CS 대응 필요
타고객 유사 전례: 구조부 유격/결합부 이슈 건에서 고객 불편 고려 환불/교체 대응 사례 다수
충성 고객 아님 (주문 2건)
※ 위 근거로 “제조상 결함 확인 불가, 고객 불편 고려 MCF 진행” 예정","제품 사용 중 불편을 겪으신 점 유감
사진 확인 결과 제조상 결함은 확인되지 않았음
고객 불편을 고려하여 대체품 제공 도움 예정(MCF)
Tue 3:42 PM",,
김지우 Kevin 글로벌CX전략팀,https://spigenhelp.zendesk.com/agent/tickets/1000149117,"링크: https://spigenhelp.zendesk.com/agent/tickets/1000149117
국가 / 제품: DE / Galaxy Tab S10 FE Rugged Armor Pro
ASIN=B0DYQCQVXB / SKU=ACS09380
구매일자: 2026-05-14","1차: 케이스 + 글라스 동시 사용 시 모서리에서 글라스 들뜸 발생 → 사진 및 정보 요청
2차(현재): 케이스 장착 시 전면 카메라 기준 좌우 모서리 글라스 들뜸 (사진/기기정보/바코드 제출) → 호환 문제 해결 또는 조치 요청","구매 약 2~3주 경과
(최근 2년) 총 주문 2개 / FBA 환불 0건 / 셀러 환불 0건 / 셀러 코드 발급 0건
사진상 케이스 장착 시 글라스 들뜸 현상 확인 가능 → (자사)제품 간 간섭으로 판단
타고객 유사 전례 다수 존재 (#1000098777, #1000082112, #1000128303) → 동일 케이스/글라스 간섭 이슈 시 글라스 환불 처리
충성 고객 아님 (주문 2건)
※ 위 근거로 “제조상 결함 확인 불가, 고객 불편 고려 글라스 환불” 예정","제품 사용 중 불편을 겪으신 점 유감
고객 의견은 유관 부서에 전달 완료
고객 불편을 고려하여 환불 도움 예정(글라스만 환불)",임영신 June 글로벌CX전략팀,"May 27, 4:59 PM
확인 감사합니다~!
May 27, 4:59 PM"
김지우 Kevin 글로벌CX전략팀,https://spigenhelp.zendesk.com/agent/tickets/1000149322,"링크: https://spigenhelp.zendesk.com/agent/tickets/1000149322
국가 / 제품: FR / Galaxy S24 Ultra Ultra Hybrid
ASIN=B0CM4RFNV9 / SKU=ACS07294
구매일자: 2024-09-19","1차: 범퍼 분리(사진 제출) → 사용 중 마모 가능성 안내 및 도움불가
2차(현재): EU 소비자법 근거로 제조결함 주장 및 환불/교환 요구 + 법적 조치 언급 → 재검토 요청","구매 1년 8개월 경과
(최근 2년) 총 주문 2개 / FBA 환불 1건 / 셀러 환불 0건 / 셀러 코드 발급 0건
사진상 범퍼-백플레이트 분리 확인되나, 장기간 사용에 따른 접착부 이탈 가능성 존재 (명확한 초기불량 단정 어려움)
내부 기준상 1년 이상 경과 + 사용 중 발생 손상으로 판단 시 보상 제외 케이스 해당
타고객 유사 전례: TPU/접착 분리 건 장기 사용 후 도움불가 처리 사례 존재 (#1000110842)
충성 고객 아님 (총 주문 2건)
법적 조치 및 ODR/기관 신고 언급(2년 워런티 주장) → 강성 클레임
※ 위 근거로 “제조상 결함 확인 불가, 사용 중 외부 영향 가능성 → 도움불가 2차 유지” 예정","고객 상황에 대한 유감 표현
사진 확인 결과 해당 현상은 외부 환경 및 사용 패턴에 따라 발생할 수 있음
제조상 결함은 확인되지 않았음
도움 불가한 점 양해 부탁(도움불가 2차)",김지우 Kevin 글로벌CX전략팀,"May 27, 6:02 PM
네 알겠습니다 리더님. 내일 도움불가 2차로 메모 남기도록 하겠습니다. 확인 감사합니다!
May 27, 6:02 PM"
김지우 Kevin 글로벌CX전략팀,https://spigenhelp.zendesk.com/agent/tickets/1000149301,"링크: https://spigenhelp.zendesk.com/agent/tickets/1000149301
국가 / 제품: UK / iPhone 17 Pro Max SP Glas.tR
 EZ Fit Privacy
ASIN=B0D84JFDCS / SKU=AGL07908
구매일자: 2026-05-22",1차(현재): 글라스 2주 내 파손 주장(사진 제출) → 환불 또는 조치 요청,"구매 약 2주 미만 경과
(최근 2년) 총 주문 15개 / FBA 환불 0건 / 셀러 환불 3건 / 셀러 코드 발급 0건
사진상 크랙 형태가 외부 충격(압력/낙하 등)에 의한 파손 패턴으로 판단됨 (자연 균열 형태 아님)
고객 주장(무충격 파손)과 상충 → 제품 기인 결함으로 보기 어려움
동일 사유(글라스 깨짐)로 다수 환불 이력 존재 (#1000135546, #1000088235 등)
상이 이메일 3개 사용 + 과거 관리 대상 이력 확인 → 어뷰징 패턴 의심
내부 기준상 반복 클레임 및 외부 요인 파손 → 보상 제외
※ 위 근거로 “제조상 결함 확인 불가, 외부 충격에 의한 파손 + 반복 환불 이력 → 도움불가” 예정","제품 사용 중 불편을 겪으신 점 유감
확인 결과 사용 중 마찰 등에 의한 외부 요인으로 판단되어 워런티 대상이 아님
도움 불가한 점 양해 부탁",양숙랑 Grace 글로벌CX전략팀,"May 28, 10:49 AM
프로님. 제안대로 안내 부탁 드립니다.
May 28, 10:49 AM"
임영신 June 글로벌CX전략팀,https://spigenhelp.zendesk.com/agent/tickets/1000149112,"https://spigenhelp.zendesk.com/agent/tickets/1000149112
국가 / 제품: IN / iPhone 14 Plus용 Silicone Fit MagFit 
ASIN: B0B1P373BY
구매일자: 2025-02-03","1차 :iPhone 14 Plus용 Silicone Fit MagFit를 새로 구매했는데 이전 제품과 동일한 문제가 다시 발생했음. 케이스가 다시 변형되었으며, 특히 볼륨 버튼과 전원 버튼 주변이 부풀어 오르는 증상이 나타남. 정상적으로 사용하던 중 동일한 문제가 두 번째로 발생
-> 제품 사진 + 파손 경위 문의
2차: (사진 첨부) 앞서 말씀드린 것처럼 볼륨 버튼 부분이 파손됨","(최근 2년) 총 주문 제품 2개 / FBA 환불 제품 0개 / 셀러 환불 1건 / MCF 발송 0건
이전 환불 티켓 #1000134474 iPhone 14 Plus용 Silicone Fit MagFit 케이스 볼륨 버튼과 잠금 버튼 주변이 변형되어 돌출되었음. -> 폐기 사진 후 100% 환불","고객 불편 유감
첨부 사진에서 제조상의 결함 확인되지 않음+그러나 고객 불편 고려하여 예외적으로 환불 도움 드림
Yesterday 9:59 AM",,
김지우 Kevin 글로벌CX전략팀,https://spigenhelp.zendesk.com/agent/tickets/1000149250,"링크: https://spigenhelp.zendesk.com/agent/tickets/1000149250
국가 / 제품: UK / iPhone 16 Pro Max Ultra Hybrid
ASIN=B0D21Q551B / SKU=ACS07992
구매일자: 2024-11-17","1차: 황변 발생 주장 → 폐기사진 요청 후 환불 진행
2차: 추가 사용 후 황변 심화 주장 → 사용환경 영향 안내 및 도움불가
3차(현재): 평생 보증 주장하며 재클레임 → 환불/보상 재요청","구매 약 18개월 경과
(최근 2년) 총 주문 1개 / FBA 환불 0건 / 셀러 환불 0건 / 셀러 코드 발급 0건
최초 인입 이후 추가 약 1년 이상 지속 사용 후 재클레임 → 장기사용에 따른 자연 변색 가능성 높음
황변은 사용 환경(자외선, 열, 오염 등)에 따른 외부 요인 영향이 큰 이슈로 제조상 결함 단정 불가
내부 기준상 장기간 사용 후 발생한 외관 변화 → 워런티 대상 제외
고객 “평생 보증” 주장 및 1점 리뷰 언급 → 불만 강도 존재
※ 위 근거로 “제조상 결함 확인 불가, 장기사용 및 외부 요인에 따른 변색 → NRN 처리” 예정",*NRN,임영신 June 글로벌CX전략팀,"May 28, 3:31 PM
확인 감사합니다!
May 28, 3:31 PM"
김지우 Kevin 글로벌CX전략팀,https://spigenhelp.zendesk.com/agent/tickets/1000149111,"링크: https://spigenhelp.zendesk.com/agent/tickets/1000149111
국가 / 제품: DE / Google Pixel 10 Pro XL PowerArc (EF323MQ)
ASIN=B0FRD6N8JV / SKU=ACH10398
구매일자: 2026-02-05","1차: 충전 불량 주장 → 영상 및 정보 요청
2차: 추가 영상 제출 → 문제 재현 설명
3차(현재): 동일 조건에서 타 충전기는 정상 작동, 해당 제품만 무선충전 불가 → 환불/조치 요청","구매 약 4개월 경과
(최근 2년) 총 주문 1개 / FBA 환불 0건 / 셀러 환불 0건 / 셀러 코드 발급 0건
동일 어댑터/케이블 환경에서 타 충전기는 정상 작동, 해당 제품만 무선충전 불가 → 제품 기능 이상 가능성 있음
영상상 LED 점등 후 꺼짐 현상 반복 → 정상 동작 아님
외부 요인(케이블/어댑터) 배제된 상태로 고객 주장 신뢰성 있음
단일 주문, 환불 이력 없음 → 어뷰징 정황 없음
※ 위 근거로 “제조상 결함 확인 불가하나, 고객 불편 고려 환불 100%” 예정","제품 사용 중 불편을 겪으신 점 유감
확인 결과 제조상 결함은 발견되지 않았으나, 고객 불편을 고려하여 환불로 도움",양숙랑 Grace 글로벌CX전략팀,"May 28, 3:56 PM
프로님. 아래내용으로 안내 부탁 드립니다. 날짜 기한 안내가 조금 위화감이 있어 생략했습니다. 고객이 리뷰에 내용을 공개할수 있기 때문입니다.
고객 상황에 대한 유감 표현
폐기사진은 고객이 제품 사용으로 인해 겪을 불편 예방 및 기존 반품을 해야하는 번거로움을 덜기 위함임
폐기사진 없이는 환불이 불가
동일 주장으로 재인입시 NRN
May 28, 3:56 PM"
김지우 Kevin 글로벌CX전략팀,https://spigenhelp.zendesk.com/agent/tickets/1000149254,"링크: https://spigenhelp.zendesk.com/agent/tickets/1000149254
국가 / 제품: IT / iPad Pro 11 (24) (New Biz)_LD207W2
ASIN=B0FFFM7RCD / SKU=AMP09838
구매일자: 2025-10-25","1차: 충전 스탠드 완전 작동 불가 및 충전 불가 주장 → 영상, 어댑터/케이블 정보, OS 확인 요청
2차(현재): 영상 및 액세서리 정보 제출, 정상 사용 중 최근 갑작스러운 작동 불가 → 환불/교체 요청","구매 약 7개월 경과
(최근 2년) 총 주문 8개 / FBA 환불 5건 / 셀러 환불 0건 / 셀러 코드 발급 0건
영상 확인 기반 충전 불가 재현(타사케이블 사용)되며, 다양한 어댑터/케이블 교차 테스트로 외부 요인 배제 주장
영상상 케이블을 디바이스에 꽂으면 충전되나, 슈피겐 스텐드에 꽂으면 (무선)충전이 안됨 확인 가능
GCX 기준상 명확한 제조상 결함 단정은 어려우나, 기능 미작동 이슈로 고객 불편 인정 가능
타고객 유사 전례 (#1000148721, #1000148151) 동일 제품 충전 불량 → 100% 환불 진행 사례 존재
총 주문 대비 FBA 환불 비율 높아 충성 고객 아님
※ 위 근거로 “제조상 결함 확인 불가, 고객 불편 고려 환불” 예정","제품 사용 중 불편을 겪으신 점 유감
확인 결과 제조상 결함은 발견되지 않았으나, 고객 불편을 고려하여 환불로 도움 예정",임영신 June 글로벌CX전략팀,"May 29, 9:31 AM
@
양숙랑 Grace 글로벌CX전략팀
 리더님, 라자다 MY에서 24년 11월에 워치 스트랩 구매 고객이 파손되었다면서 강하게 컴플레인하고 있습니다. TCT에서 도움 불가로 안내하였으나 고객이 SNS 및 SQ 측에도 알리겠다고 하여, SQ 통해 다시 저희 쪽으로 내용 넘어올 가능성이 있어 공유드립니다. 
이 고객은 제품 구매한지 1년 6개월 가량 되었고, 사진으로 보아 사용 과정에서의 마모 및 파손으로 이해됩니다. 도움 불가 안내가 맞다고 생각되나 TCT에서 에스컬한 만큼 예외적으로 10% 바우처를 제공할까 하는데 어떠신지요? 의견 부탁드립니다.     
https://docs.google.com/spreadsheets/d/1HZ14uqTVeP7bGYZDu9v9Ve2C1xNY_m6dcSv-KMCoAKc/edit?gid=43582188#gid=43582188&range=N149
https://docs.google.com/spreadsheets/d/1HZ14uqTVeP7bGYZDu9v9Ve2C1xNY_m6dcSv-KMCoAKc/edit?gid=43582188#gid=43582188&range=N14937
37
https://docs.google.com/spreadsheets/d/1HZ14uqTVeP7bGYZDu9v9Ve2C1xNY_m6dcSv-KMCoAKc/edit?gid=43582188#gid=43582188&range=N14937
구매처: Lazada MY
제품 수령일: 2024-11-29
제품: Rugged Armor Pro for Pixel Watch 3 (45mm)
SKU: ACS07599
클레임: 정상 사용 중에 제품이 파손되어 도움 요청 
-> 라자다 워런티 및 반품 규정 안내하며 도움 불가 1차 안내
2차: 강하게 불만 표현하며, SNS 및 구글에 게재 예고. 라자다 규정의 공식 문서 요청 및 Spigen USA 에 알릴 것이라고 함
May 29, 9:31 AM"
임영신 June 글로벌CX전략팀,https://spigenhelp.zendesk.com/agent/tickets/1000149359,"https://spigenhelp.zendesk.com/agent/tickets/1000149359
국가 / 제품: IN / iPhone 17 Pro용 LA 케이스 
ASIN: B0FD1PBKD8
구매일자: 2026-05-01","1차: 케이스 내부에 지속적으로 습기가 차오르면서 자신의 휴대폰이 손상될 위험이 있음. 해당 문제는 한두 번이 아닌 제품 사용을 시작한 이후 여러 차례 반복됨 (사진 첨부)
-> 사용 환경 문의
2차: 케이스를 비나 물에 노출하지 않고, 일상적인 정상 사용 환경에서만 사용했음. 습기 문제는 일반적인 사용 중 3~4회 반복적으로 발생함.
해당 상황은 통화 중, 주머니에 넣고 다닐 때, 실내외를 이동할 때 발생함. 오사용으로 인한 것이 아니라고 함. 휴대폰 뒷면과 케이스 안쪽 표면 사이에 습기가 차는 현상이 발생함.
통풍이 제대로 되지 않는 디자인 또는 소재 결함으로 보임. 반복적으로 발생하는 문제이며, 기기에 손상을 줄 위험이 있어 명확한 해결 방안을 요청함.","(최근 2년) 총 주문 제품 8개 / FBA 환불 제품 0개 / 셀러 환불 1건 / MCF 발송 0건 -> 충성 고객
구매 후 1개월 경과","고객 불편 유감
사진 확인 시, 제품의 제조상 결함 확인되지 않음 + 도움 불가 1차 안내",나아름 Jane 글로벌CX전략팀,"May 29, 9:49 AM
@
김지우 Kevin 글로벌CX전략팀
 프로님 말씀하신대로 2025.12.14에 구매했는데 왜 5개월이 지난 시점에서 배송중 파손으로 클레임하시는지 의문이네요,,! 작성하신대로 도움불가 안내 부탁드립니다. 
May 29, 9:49 AM"
임영신 June 글로벌CX전략팀,https://spigenhelp.zendesk.com/agent/tickets/1000147707,"https://spigenhelp.zendesk.com/agent/tickets/1000147707
국가 / 제품:  IN /     
Spigen Ultra Hybrid Back Cover Case Compatible with iPhone 12 Pro/12 (TPU + Poly Carbonate | Crystal Clear)
ASIN: B08BHCY8CN
구매일자: 2026-03-13",1차: 사용 1달만에 황변됨. 환불 요청 (사진 첨부),"(최근 2년) 총 주문 제품 10개 / FBA 환불 제품 6개 / 셀러 환불 1건
상이한 이메일 2개 사용
nikitag526@gmail.com (해당 건)
nisha.kamara@gmail.com (#1000122114)
이전 환불 티켓)
#1000122114 Galaxy A55용 UH 케이스 황변 -> 폐기 사진 확인 후 100% 환불","고객 제품 사용 불편 유감 
외부 환경 및 사용에 따라 오염 및 이염 정도 상이할 수 있으며, 이는 제조 결함이 아님 
그러나 고객 불편 고려하여 폐기 사진 요청 후 환불 도움
May 18, 4:59 PM",,
김지우 Kevin 글로벌CX전략팀,https://spigenhelp.zendesk.com/agent/tickets/1000146499,"링크: https://spigenhelp.zendesk.com/agent/tickets/1000146499
국가 / 제품: DE / iPhone 17 SP_Glas.tR
 EZ Fit Slim
ASIN=B0D84YX465 / SKU=AGL07928
구매일자: 2026-05-03","1차: 글라스 2회 구매 후 모두 단기간 내 크랙 발생 주장 → 제품 상태 및 바코드 사진 요청
2차: 1개 주문 건에 대한 크랙 사진만 제출 → MCF 진행 위한 고객 정보 요청
3차: 고객, 2팩(총 4장) 요청 → 1건만 확인되어 1EA 제공 가능 안내 및 추가 사진 요청
4차: 추가 사진 없음 → 1EA만 제공 가능 재안내
5차(현재): 기존 2EA 제공 안내 여부 혼선 제기 → 정책 불일치 인지로 컴플레인 발생
 반복 파손 주장 고객이며 충성고객이나, 증빙이 제한적이여(1개만 증빙) 1개만 MCF 제공 타당","구매 약 16일 경과
(최근 2년) 총 주문 5개 / FBA 환불 0건 / 셀러 환불 0건 / 셀러 코드 발급 0건
핵심 쟁점 요약
동일 제품 2회 구매 후 반복 파손 주장
사진은 1건만 확인 가능 (추가 증빙 없음)
“overnight에도 크랙 발생” 등 제품 이상 강하게 주장
이전 안내(2EA 제공)로 오인 → 신뢰 저하 및 혼선 발생
내부 기준(GCX_2024 CS PROCEDURE) 검토 결과 파손류(크랙)는 외부 요인 가능성 높아 제한적 보상 대상 다만, 반복 발생 + 초기 사용 기간 짧음 → 예외 검토 가능
증빙 부족으로 원칙상 1EA 제공 타당
타고객 유사 전례
반복 파손 + 증빙 일부만 존재 시 1EA 제공 원칙이나, 충성 고객에 한해 예외 2EA 제공 사례 존재 (유사 케이스 다수)
충성 고객 여부
총 주문 5건 / 환불 0건 → 충성 고객 해당
※ 위 근거로 “제조상 결함 확인 불가, 고객 불편 고려 1개만 MCF 제공” 예정","고객 불편에 대한 유감 표현
고객 불편을 고려하여 사진 제공된 1개 제품에 대해서만 대체품 제공 예정(MCF진행)
사진이 없으면 대체품 제공이 불가한점 양해 바람",나아름 Jane 글로벌CX전략팀,"May 19, 11:29 AM
@
김지우 Kevin 글로벌CX전략팀
 프로님, 말씀하신대로 1개의 제품에 대해서만 MCF 안내 부탁드립니다. 충성고객이긴하나 , 글라스가 모두 아무 외부요인없이 금이가고 깨졌다는게 이상하긴해서요! 감사합니다!
May 19, 11:29 AM"
김지우 Kevin 글로벌CX전략팀,https://spigenhelp.zendesk.com/agent/tickets/1000147778,"링크: https://spigenhelp.zendesk.com/agent/tickets/1000147778
국가 / 제품: UK / Galaxy S26 Ultra Ultra Hybrid MagFit
ASIN=B0FWGPKRH5 / SKU=ACS11160
구매일자: 2026-04-08","1차: 하단부 들뜸 및 장착력 저하(사진 제출) → 외부 요인 안내 및 도움불가
2차(현재): 외부 요인 부정 + 설계/내구성 문제 주장, 반품 요청 → 도움불가 재검토 요구","구매 약 1개월 경과
(최근 2년) 총 주문 7개 / FBA 환불 5건 / 셀러 환불 0건 / 셀러 코드 발급 0건
하단 TPU 늘어남으로 장착력 저하 주장 및 구조적 설계 문제 제기 (사진 有)
내부 기준상 사용 중 변형/늘어남은 외부 요인 및 사용 환경 영향으로 판단, 제조상 결함 단정 어려움
유사 TPU 늘어남 케이스 다수 존재하며, 대부분 사용 중 변형으로 도움불가 처리
상습환불 고객 (환불 비율 과다: 5/7)
※ 위 근거로 “제조상 결함 확인 불가, 사용 중 변형으로 판단되어 도움불가 2차 유지” 예정","제품 사용 중 불편을 겪으신 점 유감
사진 확인 결과, 사용환경 및 외부 영향에 의한 파손으로 사료되며 제조상 결함은 확인되지 않음
도움 불가한 점 양해 부탁 (도움불가 2차)",나아름 Jane 글로벌CX전략팀,"May 20, 2:03 PM
@
김지우 Kevin 글로벌CX전략팀
 프로님 사진 확인했습니다. 사용기간도 짧고, 대체품 제공도 원치 않아하는 고객이라 폐기사진 확인 후, 환불로 안내 부탁드립니다. 감사합니다!
May 20, 2:03 PM"
김지우 Kevin 글로벌CX전략팀,https://spigenhelp.zendesk.com/agent/tickets/1000147752,"링크: https://spigenhelp.zendesk.com/agent/tickets/1000147752
국가 / 제품: UK / Galaxy S26 Ultra Nano Pop MagFit
ASIN=B0FV9N1Y5H / SKU=ACS11037
구매일자: 2026-05-17","1차: 하단 베젤 좌측 들뜸(사진 첨부) → 로고 사진 요청
2차: 동일 이슈 지속 → 대체품(MCF) 제공
3차(현재): 교체품도 동일/더 심한 형합 문제 → 환불 가능 여부 문의
 교품 이후에도 동일 증상 지속되어 고객 불편 고려 환불 전환 필요 #형합이슈 #재발","구매 5일 경과
(최근 2년) 총 주문 1개 / FBA 환불 0건 / 셀러 환불 0건 / 셀러 코드 발급 0건
사진상 하단 베젤 들뜸 확인되며, 교체품에서도 동일 증상 재현
GCX 기준상 교품 1회 이후 동일 클레임 지속 시 추가 보상 검토 가능
타고객 유사 전례 다수 존재 (#1000141875, #1000140064, #1000140621)
비충성 고객 (주문 1건)
※ 위 근거로 “제조상 결함 확인 불가, 고객 불편 고려 환불” 예정","고객 상황에 대한 유감 표현
대체품 제공으로 고객 불편 해소 도움을 드린 바 있으나 재차 요청하셔서 예외적으로 환불 도움",임영신 June 글로벌CX전략팀,"May 22, 9:43 AM
@
김지우 Kevin 글로벌CX전략팀
 프로님, 이 제품은 이전에 SIREN 등록하여 개선 결정되었던 제품입니다. 고객이 수령한 제품이 V0, V1 여부를 보면 좋겠네요.
갤럭시 S26 Ultra용 Nano Pop Magfit(ACS11038, ACS11037)_형합 이슈_GCX
 내용 참고 부탁드려요 
갤럭시 S26 Ultra용 Nano Pop Magfit(ACS11038, ACS11037)_형합 이슈_GCX
Copy link
Open in chat
임영신 June 글로벌CX전략팀 is the owner
No changes since last viewed by you
Summarize this file
May 22, 9:43 AM"
임영신 June 글로벌CX전략팀,https://spigenhelp.zendesk.com/agent/tickets/1000148171,"https://spigenhelp.zendesk.com/agent/tickets/1000148171
국가 / 제품: UK / Spigen Slim Armor Pro [Hinge Protection] Case Compatible with Samsung Galaxy Z Fold 6 - Black
ASIN: B0CXVDKBZ7
구매일자: 2025-03-30","1차: 전면 케이스의 프레임이 파손됨. 사용한 지 1년도 되지 않았는데 디자인의 결함이 나타남. (사진 첨부)
-> 사용 중 생긴 결함 1차 안내 (환불 X)
2차: 디자인 결함에 의해 파손됨. 슈피겐에서 고객 탓을 하는 것은 터무니 없음.
해당 부위의 디자인에 대해 매우 우려스러웠지만 슈피겐이 믿을만한 회사라고 신뢰하였고 그에 따라 워런티도 마땅히 이행해 줄 것이라고 생각했음. 그러나 자신의 선택이 틀렸고 후회스러움.
최대한 많은 리뷰를 남겨서 슈피겐의 운영 방식, 고객 응대 방식, 그리고 케이스의 결함 가능성에 대해 사람들에게 알릴 것임. 다시는 슈피겐 제품을 구매하지 않겠음.
-> 사용 중 생긴 결함 2차 안내 (환불 X)
3차: 케이스의 수명이 길지 않은데 2년씩이나 워런티를 제공하는 이유가 무엇이냐며, 스스로조차 보호하지 못하는 보호 케이스가 어디 있냐고 함. 이 케이스는 1년도 되지 않아 그다지 많이 사용되지도 않았음에도 저절로 분리되었음.
또한, 슈피겐은 2년 워런티를 제공한다고 하였는데, 이 회사는 운영 방식이 거의 사기에 가까움.
최소한의 서비스만 제공하고 과도한 요금을 청구하여 고객에게 한 약속도 지키지 않음. 슈피겐을 소비자보호기관에 신고할 예정임.","다른 구매 내역 확인되지 않음
구매 후 1년 1개월 경과
(MCF: 45)","고객 불편 유감
사용 과정에서의 제품 손상은 제조상의 결함이 아니며, 워런티 커버 대상 아님+ 그러나 고객 불편 고려하여 예외적으로 대체품 제공 도움 드리고자 함+ 동의시 정보 요청
May 26, 10:48 AM",,
임영신 June 글로벌CX전략팀,https://spigenhelp.zendesk.com/agent/tickets/1000148151,"https://spigenhelp.zendesk.com/agent/tickets/1000148151
국가 / 제품: DE / Spigen Magnetische iPad Ladestation, 18W Kabelloses Induktives Ladegerät Ständer 360° Drehbar mit Hochfestes Aluminium & SilikonpolsIter Kompatibel mit iPad Pro 11"" M4 (2024) - Space Grau
ASIN: B0FFFM7RCD
구매일자: 2026-02-26","1차: 초기에는 정상적으로 작동했지만 현재는 iPad 충전을 시작하기 위해서 USB 커넥터를 뽑았다가 다시 연결해야만 작동하며, 일단 충전이 시작된 이후에는 전원을 껐다가 다시 켜도 충전이 재시작되지 않는 문제가 발생함.
이 문제를 어떻게 해결할 수 있는지 문의하며, 제품 자체는 매우 마음에 들어 다른 브랜드로 교체하고 싶지 않음.
-> 동영상 요청, iPad 모델명 및 어댑터 모델명 문의, 케이블 및 어댑터 이상 여부 문의, 충전 세팅 변경 여부 문의.
2차: iPad Pro (11인치, M4)를 사용 중이며, iPadOS 26.5가 설치되어 있음.
여러 개의 충전기와 케이블을 사용해 봤지만 모두 동일한 문제가 발생함.
iPad의 USB-C 포트에 직접 연결하면 충전이 완벽하게 되지만, LD207W2 스탠드를 사용하면 충전이 되지 않음. (동영상 첨부)","(최근 2년) 총 주문 제품 1개 / FBA 환불 제품 0개 / 셀러 환불 0건 / MCF 발송 0건
구매일: 2026.02.26
MCF 발송용 가용 재고: 0개","고객 불편 유감
고객 의견 유관 부서 전달 완료+ 불편 고려하여 예외적으로 환불 도움 드림
May 26, 11:19 AM",,
임영신 June 글로벌CX전략팀,https://spigenhelp.zendesk.com/agent/tickets/1000148094,"https://spigenhelp.zendesk.com/agent/tickets/1000148094
국가 / 제품: IT / Spigen Cover Optik Armor Compatibile con Samsung Galaxy S25 Ultra - Nero
ASIN: B0DJ9VXF5M
구매일자: 2026-05-21","1차: 카메라 커버가 있어서 구매했는데 카메라 커버가 누락된 제품을 수령함. 카메라 렌즈 손상의 위험이 있고 사용하기 어려워서 도움 요청함(사진 첨부)
-> 중고품 수령 + FBA CS 안내
2차: 아마존에 반품을 요청하려고 했으나 절차가 진행되지 않고 있음. 더 이상 반품 대상 제품이 아니라서 워런티 요청함
-> FBA CS 배송 이슈 2차 안내
3차: Amazon 채팅 고객센터에 문의했으나 상품이 반품 불가 항목으로 지원이 어렵다는 안내를 받았음 2년 보증 적용을 언급하여 지원 요청함
-> 고객센터에서 반품 불가항목으로 안내한 채팅 스크린 샷, 사진, 바코드
4차: 현재 고객센터와는 전화로만 연락이 가능하고 더 이상 채팅이 열리지 않아 스크린샷을 보낼 방법이 없다고 함. 대신 사진(최초 인입 사진과 동일) 및 바코드를 첨부했음. (바코드에 LPN 확인되지 않음)","(최근 2년) 총 주문 제품 1개 / FBA 환불 제품 0개 / 셀러 환불 0건 / MCF 발송 0건
-MCF 재고 575개","고객 불편 유감
당사는 아마존 FBA 서비스(재고 관리, 배송 등 모두 아마존에서 커버) 이용중으로, 고객이 수령한 중고품의 경우 아마존 CS를 통해 도움받으셔야 함
그러나 고객 불편 고려하여 예외적 대체품 발송 드리겠음 + 동의 시, 정보 요청 + MCF 처리
May 26, 11:24 AM",,
김지우 Kevin 글로벌CX전략팀,https://spigenhelp.zendesk.com/agent/tickets/1000147570,"링크: https://spigenhelp.zendesk.com/agent/tickets/1000147570
국가 / 제품: NL / Apple Watch Series 9 (45mm) Metal Armor Pro
ASIN=B0CTRXP3R4 / SKU=ACS07660
구매일자: 2026-03-02","1차: 워치 스트랩 착용 중 심한 피부 자극 및 발진 발생 주장 → 사진 요청
2차(현재): 피부 발진 당시 사진은 없으나, 제품 사용 중 자극 발생으로 사용 중단 및 전액 환불 요청","구매 약 2개월 경과
(최근 2년) 총 주문 1개 / FBA 환불 0건 / 셀러 환불 0건 / 셀러 코드 발급 0건
신체 자극(피부 발진) 주장이나, 발진 직접 증빙 사진은 부재 (제품 사진만 제출)
정상 사용 중 불편 주장이나, 제조상 결함 여부 객관적 확인 불가
신체 관련 클레임 특성상 CS 리스크 높음 (리뷰/확산 가능성)
단일 주문 고객으로 특이 이력 없음 (충성 고객 아님)
※ 위 근거로 “제조상 결함 확인 불가, 도움불가” 예정","고객 상황에 대해 유감스럽게 생각
확인 결과 제조상 결함은 발견되지 않아 도움 불가 (1차 안내)
May 26, 11:26 AM",,
임영신 June 글로벌CX전략팀,https://spigenhelp.zendesk.com/agent/tickets/1000148044,"https://spigenhelp.zendesk.com/agent/tickets/1000148044
국가 / 제품: UK / Spigen Ultra Hybrid MagFit Case for iPhone 17 Pro Max (2025), Compatible with MagSafe Accessories [Anti-Yellowing] [Dura Clear] [Military-Grade Drop Protection] - Clear White
ASIN: B0FD1TT96X
구매일자: 2026-01-18","이전 티켓 #1000146410)
iPhone 17 Pro Max용 UH MagFit 케이스가 짧은 기간 안에 황변되어 이 가격대를 고려했을 때 예상치 못함. 교체 또는 환불 요청 (사진 첨부)
-> 폐기사진 3차례 요청 (케이스에 소중한 추억이 담긴 스티커가 부착되어 있어 케이스를 폐기할 수 없음 언급)
1차: 이미 설명드린 바와 같이, 제품에 영구적으로 부착된 스티커 때문에 케이스를 자르거나 파손할 수 없으며, 이를 제거하려고 할 경우 제품이 손상될 수 있음. 이전에 안내받은 환불 조건을 적용하여 제품 파손 없이 환불을 진행해 주시기를 요청한다고 함.
만약 해당 수준에서 해결이 어렵다면 상급 부서로 에스컬레이션해 주시기를 요청함 (*고객이 언급한 폐기 없이 환불 제안 없었음)
-> 폐기사진 4차 요청 + 걱정되신다면 스티커를 부착하지 않은 부분에서 폐기 부탁
2차: 현재 사용 중인 유일한 휴대폰 케이스라 파손 후 사진 제출 요청에는 응할 수 없고, 이 부분은 이미 여러 번 설명했지만 계속 동일한 답변만 받고 있음. 폐기 없이 환불 처리를 요청드리며, 해결이 어렵다면 Amazon 측에 공식적으로 문제를 제기할 예정이며 반복된 자동 응답이 아닌 최종적인 해결 방안을 부탁드림.
-> 황변에 대해 폐기사진 없이 도움불가 재안내 (5차 요청)
3차: 현재 사용 중인 케이스라 파손하거나 사진 증빙을 제공할 수 없다는 점을 이미 여러 번 전달드렸고, 해당 요청에는 응할 수 없음. 문제가 계속 해결되지 않아 이제 Amazon A-to-Z 보증 절차를 통해 직접 문제를 제기할 예정이며, 추가 지연 없이 환불 처리 요청함.","구매 후 3개월 경과
(최근 2년) 총 주문 제품 3개 / FBA 환불 제품 2개 / 셀러 환불 0건 / MCF 발송 0건","고객 불편 유감
제품 사용 과정에서의 이염 등은 워런티 대상 아님+ 그러나 고객 불편 고려하여 예외적으로 도움 드리고자 하였음
제품 폐기 요청은 제품 재사용에 따른 불편 방지를 위함임+절단 뿐 아니라, 케이스에 유성 매직 등으로 X 자 표시하셔도 됨 안내
May 26, 11:33 AM",,
김지우 Kevin 글로벌CX전략팀,https://spigenhelp.zendesk.com/agent/tickets/1000148214,"링크: https://spigenhelp.zendesk.com/agent/tickets/1000148214
국가 / 제품: JP / PowerArc (PC2200 Car Charger)
ASIN=B0BD462WV7 / SKU=ACP04581
구매일자: 2024-12-01","1차: 시거잭 단자 함몰 및 전원 미작동, LED 미점등 → 사진 및 주문정보 요청
2차(현재): 단자부 플라스틱 용융(녹음) 상태 및 발열로 인한 위험 주장, 사용 중단 후 환불 또는 교체 요청 → 환불 검토","구매 약 5개월 경과
(최근 2년) 총 주문 1개 / FBA 환불 0건 / 셀러 환불 0건 / 셀러 코드 발급 0건
단자부 녹음 및 발열 주장으로 안전 이슈 성격 (사진 첨부 확인됨)
정상 사용 중 발생 여부는 명확히 확인 불가하나, 외관 변형(용융) 존재
PowerAcc 카테고리 특성상 안전 클레임 → 리뷰/확산 리스크 높음
단일 주문 고객, 특이 이력 없음 (충성 고객 아님)
※ 위 근거로 “제조상 결함 확인 불가, 고객 불편 고려 환불” 예정","제품 사용 중 불편을 겪으신 점 유감
확인 결과 제조상 결함은 발견되지 않았음
고객 불편을 고려하여 환불 도움 예정
Amazonのカスタマー 彼末　一郎 様から返品および返金ポリシーに関するお問い合わせ
#1000148214
使用したところ、シガーソケットの先端が、引っ込んだ状態で、通電せず。稼働ランプも点灯していません
先端の端子部のプラスチックが溶けた状態になっており、熱的影響があったのかもしれず、危険だと思い使用を辞めました。2年保証ありますので、返品（返金）または、同等以上の代替品の発送を希望します
Status         pending
Priority        normal
View
Update
Comment
By 
Zendesk
App
Remove preview
May 26, 11:35 AM",,
임영신 June 글로벌CX전략팀,https://spigenhelp.zendesk.com/agent/tickets/1000147870,"https://spigenhelp.zendesk.com/agent/tickets/1000147870
국가 / 제품: UK / Spigen Glas.tR
 EZ Fit Pro Tempered Glass Screen Protector for iPhone 17 Pro Max, iPhone 16 Pro Max - 2 Pack
ASIN: B0FCFG5PN6
구매일자: 2025-11-23","1차 :첫 번째 글라스는 발수 코팅이 3개월 만에 벗겨져서 교체했고, 두 번째 글라스는 침대 모서리에 살짝 부딪혔더니 깨짐.
글라스는 교체해서 없고, 패키지도 버려서 없음.
-> 사진 없이 도움 불가
2차: 올레포빅 코팅이 벗겨지는 것에 대한 증빙을 어떻게 제공해야 할지 모르겠음.
또한 슈피겐 글라스가 너무 쉽게 깨진다고 느꼈으며, 한 번 파손된 이후에는 더 나은 브랜드 제품으로 교체했음.
과거에는 슈피겐 제품을 자주 사용하고 지인들에게도 추천했지만, 이번 경험으로 인해 서비스에 매우 실망했다고 함. 환불받지 못할 경우 1점 리뷰를 남길 예정이며, 더 이상 슈피겐 제품을 사용하지 않을 것임.
-> 사진 없이 도움 불가한점 양해 바람(도움 불가 2차)
3차: 불량품에 대한 £13를 왜 환불해 줄 수 없다는 것인지 이유를 모르겠음","다른 구매 내역 확인되지 않음
(재고: 771)","고객 불편 유감
제품 이슈가 확인되지 않아 도움 드리기 어려움 안내
May 26, 11:41 AM",,
김지우 Kevin 글로벌CX전략팀,https://spigenhelp.zendesk.com/agent/tickets/1000148262,"링크: https://spigenhelp.zendesk.com/agent/tickets/1000148262
국가 / 제품: IN / Apple Watch Series 9 (45mm) Thin Fit
ASIN=B09L3TD1NF / SKU=ACS04179
구매일자: 2026-05-14","1차: 45mm 제품 수령 및 본인 기기(46mm)와 미호환 주장 → 상세 정보 요청
2차: 동일 주장 반복 및 환불 요청 → 인보이스 요청
3차: 인보이스 제출 후 환불 요청 → Amazon 내 반품 진행 안내
4차: Amazon이 Spigen으로 문의하라고 했다고 주장 → 해당 증빙 요청
5차(현재): 반복 문의에 피로감 호소 및 증빙 없이 환불 요청 → 추가 대응 필요","구매 약 10일 경과
(최근 2년) 총 주문 1개 / FBA 환불 0건 / 셀러 환불 0건 / 셀러 코드 발급 0건
주문 제품은 Apple Watch 45mm용으로 정상 출고된 것으로 확인되며, 고객의 기기(46mm)와 단순 호환 불일치로 판단됨
Amazon FBA 주문 건으로 초기 반품/환불은 Amazon 내 처리 대상이나, 고객이 이를 거부하고 셀러 환불 요청 지속
Amazon에서 셀러 문의 안내 받았다는 주장 있으나 관련 스크린샷 등 증빙 미제출 상태
사진/영상 등 제품 이상 관련 증빙 없음 → 제품 자체 이슈 확인 불가
IN 고객 특성상 반복 요청 및 피로감 호소 있으나 악의적 정황은 제한적
※ 위 근거로 “Amazon 구매건으로 셀러 직접 환불 불가 → 도움불가 안내” 예정","고객 상황에 대해 유감스럽게 생각
오주문 관련 CS는 아마존 소관으로 자사 도움 불가한 점 양해 부탁 (재인입시 NRN)
Fwd: [Spigen India Pvt. Ltd] Re: New Contact Us! submission received on 05/16/2026 at 14:06 PM
#1000148262
Sunil Agrawal sunilagrawal11@gmail.com
India CrBiz fwd'ed
Status         pending
Priority        normal
View
Update
Comment
By 
Zendesk
App
Remove preview
May 26, 11:50 AM",,
임영신 June 글로벌CX전략팀,https://spigenhelp.zendesk.com/agent/tickets/1000148254,"https://spigenhelp.zendesk.com/agent/tickets/1000148254
국가 / 제품: UK / Spigen Optik Armor Case Compatible with Samsung Galaxy S26 Ultra - Black
ASIN: B0FVBPV3QF
구매일자: 2026-05-14","1차 :케이스를 몇 주 동안 사용했는데 후면에 자국이 생겨 지워지지 않고 얼룩처럼 보임
-> 제품 상태 및 바코드 사진 요청
2차: 사진 첨부","다른 구매 내역 확인되지 않음
2년 경과 이전 티켓)
#1000015755 Galaxy S23 Ultra용 Optik Armor 케이스 장착 후 휴대폰에 스파이더웹 자국 발생 -> 100% 환불
#1000101334 Galaxy S23 Ultra용 TA 케이스 레이어가 본체에서 분리됨 -> TA 케이스는 TPU와 PC의 이중 레이어로 구성되어 재조립 가능 안내
스파이더 웹 자국 관련 참고 티켓)
#1000141183 #1000094524 #1000059270 #1000050317 #1000008462
케이스로 인해 발생한 문제가 아닌 특정 스마트폰 코팅의 특성으로 발생한 자국임 + 기기 보상 불가 + 알콜 & 천 활용하여 제거 안내","고객 불편 유감
케이스로 인해 발생한 문제가 아닌 특정 스마트폰 코팅의 특성으로 발생한 자국임 + 제조상 결함 없음 + 알콜 & 천 활용하여 제거 안내
May 26, 11:57 AM",,
김지우 Kevin 글로벌CX전략팀,https://spigenhelp.zendesk.com/agent/tickets/1000148076,"링크: https://spigenhelp.zendesk.com/agent/tickets/1000148076
국가 / 제품: IN / Galaxy S25 Ultra Ultra Hybrid MagFit
ASIN=B0DJ9VZBCZ / SKU=ACS08959
구매일자: 2025-12-21","1차: 황변 발생 주장 → 사진 요청
2차: 로고 포함 사진 제출 → 폐기 사진 요청 후 환불 안내
3차: 폐기 사진 제출 → 폐기 여부 불충분 사유로 영상 요청
4차(현재): 폐기 완료 후 추가 증빙 요구에 대해 강한 불만 제기, 환불 또는 교체 즉시 처리 요구 및 미조치 시 대응 예고 → 고객 불편 및 프로세스 혼선 고려 환불 처리 검토","구매 약 5개월 경과
(최근 2년) 총 주문 1개 / FBA 환불 0건 / 셀러 환불 0건 / 셀러 코드 발급 0건
폐기 요청 후 고객이 실제 제품 파손까지 완료한 상태 → 이후 추가 영상 요구로 절차 신뢰 훼손
사진상 폐기 여부 판단 애매(AI조작 가능성있음)하나, 고객은 이미 비가역적 조치 수행 (제품 사용 불가 상태)
강성 컴플레인 (소비자 보호 신고 및 법적 대응 언급)
단일 주문 고객으로 충성 고객 아님, 악성 반복 이력 없음
※ 위 근거로 “제조상 결함 확인 불가, 폐기자료 재요청” 예정","고객 상황에 대한 유감 표현
첨부주신 이미지로는 (폐기 동영상 2차 요청)
May 26, 2:23 PM",,
임영신 June 글로벌CX전략팀,https://spigenhelp.zendesk.com/agent/tickets/1000148203,"https://spigenhelp.zendesk.com/agent/tickets/1000148203
국가 / 제품: IT / Spigen Cover Ultra Hybrid OneTap Metal Ring MagFit Compatibile con Pixel 9 Pro - Bianco
ASIN: B0CVR53CVS
구매일자: 2024-08-14","1차 :Google Pixel 9 Pro용 UH OneTap Metal Ring MagFit 케이스 TPU 분리됨 (사진 첨부)
-> 사용 중 생긴 결함 1차 안내 (환불 X)
2차: 일반적인 마모가 아니라 접착제가 제대로 도포되지 않은 것 같음. 구입한지 2년이 되지 않음. 또한 황변 방지가 되어있다고 하였지만 황변됨
-> Yellowing 1년 경과 + 사용 중 생긴 결함 2차 안내 (환불 X)
3차: Amazon 상품 페이지에서도 자신과 같은 문제를 겪고 있다는 리뷰가 있는 만큼, 이런 문제가 본인만의 사례는 아님. 또한 Amazon 상품 페이지에 차라리 “황변이 발생하거나 파손될 수 있는 케이스이며, 경우에 따라 2년 보증이 제공될 수도 있음”이라고 적어두는 편이 더 솔직했을 것임. 마지막으로 “광대들(Pagliacci)”이라는 표현을 사용하며 강한 불쾌감을 표현함.","(최근 2년) 총 주문 제품 2개 / FBA 환불 제품 0개 / 셀러 환불 0건 / MCF 발송 0건
-구매 후 1년 9개월 경과","NRN
May 26, 4:43 PM",,
임영신 June 글로벌CX전략팀,https://spigenhelp.zendesk.com/agent/tickets/1000148427,"https://spigenhelp.zendesk.com/agent/tickets/1000148427
국가 / 제품: UK /Spigen Ultra Hybrid S MagFit Case for Samsung Galaxy S25 Ultra, Compatible with MagSafe Accessories - White
ASIN: B0DJ9TGGFR
구매일자: 2025-01-25","1차 : (#1000131024에서 MCF 발송 후, 교체품에 대하여 재인입)
Galaxy S25 Ultra용 UH S MagFit 케이스의 교체품 또한 사용한 지 얼마 되지 않아 동일한 킥스탠드 문제가 발생함. 환불 또는 새 케이스로 교환 요청.
-> 이미 대체품 제공하여 추가 도움 불가 안내
2차: 제품의 결함이 있는 경우, 이미 교체가 되었는지 여부는 중요하지 않음.
여전히 보증 기간 내에 있으며, 영국 소비자 권리법에 따라 제품이 제 기능을 하지 못할 경우 지원을 요청할 권리가 있음.
이 내용을 법무팀에 전달하여 검토해 주시를 바람. 또한, 이 건에 대해 공식적인 항의를 접수하고 참조번호를 전달 요청함.
이전 동일 문의 티켓)
#1000131024 Galaxy S25 Ultra용 UH S MagFit 케이스의 킥스탠드가 느슨하고 고정되지 않아 휴대폰 거치가 불가함
-> MCF 발송",(최근 2년) 총 주문 제품 3개 / FBA 환불 제품 0개 / 셀러 환불 0건 / MCF 발송 1건,"고객 불편 유감
대체품 제공은 1회성으로 추가 도움 드리기 어려움 안내",임영신 June 글로벌CX전략팀,"May 27, 10:25 AM
@
양숙랑 Grace 글로벌CX전략팀
 리더님, 이 티켓 재인입되었습니다. MCF 로 제공받은 제품도 동일한 하자가 있다는 것에 강하게 불만 표시하며, 아래와 같은 요청을 보냈습니다. 
1회성 무상 교체 문구는 본인이 요구한 부분이 아님. 해당 제품이 문제가 있으므로 보증 정책에 따라 교체되어야 함. 다른 사람들에게 알리겠으며 접수한 불만 사항에 대한 참조 번호를 확인해서 제공해주길 바람. 또한 공식적으로 정보 열람 청구 (Subject Access Request)) 를 요청함. 해당 절차가 완료된 이후에는 잊힐 권리 (Right to be Forgotten) 요청도 진행하고자 함. 컴플라이언스 팀에 전달하여 절차 시작해 주길 바람.
이에 따라, 아래와 같이 예상 답변 작성하였습니다. 의견 부탁드립니다.  
고객 불편 유감
대체품 제공은 예외적인 1회성 도움이나 고객 불편 고려하여 환불 도움 드림 
아마존 셀러로써 당사는 아마존 구매에 따른 오더 내역을 열람함 + 일반 데이터 보호 규정(GDPR)과 같은 관련 데이터 보호법에 따라 문의에 답변하기 위한 목적으로만 개인정보 수집 및 이용 안내
May 27, 10:25 AM"
김지우 Kevin 글로벌CX전략팀,https://spigenhelp.zendesk.com/agent/tickets/1000148554,"링크: https://spigenhelp.zendesk.com/agent/tickets/1000148554
국가 / 제품: IN / iPhone 15 Thin Fit
ASIN=B0C5S6FH36 / SKU=ACS06777
구매일자: 2026-02-10",1차(현재): 약 3개월 사용 후 케이스 전체 색상 변색(이염) 주장 및 환불 요청 → 환불 절차 안내 요청,"구매 약 3개월 경과
(최근 2년) 총 주문 9개 / FBA 환불 5건 / 셀러 환불 2건 / 셀러 코드 발급 0건
사진 첨부 기반 전반적인 색상 변색 주장이나, 사진상 멀쩡. 사용기간 및 사용환경 영향 가능성 높음
GCX 기준상 이염/변색은 외부 요인 영향으로 판단되어 워런티 대상 아님
유사 전례 다수 존재 (#1000122114, #1000147707 등) – 환불 이력 반복 패턴 확인(상이 이메일로 지속 인입)
비충성 고객 (환불 비율 과다: 7/9) + 이메일 다중 사용 이력 존재 → 블랙컨슈머 가능성 고려(IN)
※ 위 근거로 “사용환경에 따른 이염/변색 → 도움불가 1차 안내” 예정","제품 사용 중 불편을 겪으신 점 유감
사용 환경 및 외부 요인에 따른 이염·오염으로 확인되며 제조상 결함으로 보기 어려움
워런티 도움 불가(도움 불가 1차)",양숙랑 Grace 글로벌CX전략팀,"May 27, 2:37 PM
프로님. 제안대로 도움불가 안내 부탁 드려요.
(사용 환경과 기후등의 외부영향이 큰 나라 같아요.)
May 27, 2:37 PM"
임영신 June 글로벌CX전략팀,https://spigenhelp.zendesk.com/agent/tickets/1000148388,"https://spigenhelp.zendesk.com/agent/tickets/1000148388
국가 / 제품:  ES /Spigen Funda Ultra Hybrid Magfit Compatible con iPhone 16e 2025 - Zero One Blanco
ASIN: B0DKG9XSH4
구매일자: 2025-04-11","1차: 황변 클레임
-> 1년 경과된 제품으로 도움 불가
2차: 투명 케이스가 1년 만에 황변되는 것은 정상이 아니라고 생각되며 답변도 불만족스러움
작년에 슈피겐에서 여러 제품을 구매했는데 앞으로 슈피겐 제품을 구매하지 않겠으며 아마존에 배드 리뷰를 남기겠음
사무실에서 사용했고 햇빛이나 오염 물질에 거의 노출되지 않았으며 다른 케이스와 함께 사용하여 사용 기간도 절반 정도임
서포트에 대해 컴플레인 및 Rhinoshield 제품과 같이 황변되지 않는 케이스도 있음","(최근 2년) 총 주문 제품 5개 / FBA 환불 제품 1개 / 셀러 환불 0건 / MCF 발송 0건
( MCF: 238)","고객 제품 사용 불편 유감
외부 환경 및 사용에 따라 오염 및 이염 정도 상이할 수 있으며, 이는 제조 결함이 아님
그러나 고객 불편 고려하여 폐기 사진(X자 마크) 요청 후 대체품 제공 (충성 고객 고려) + 동의시 정보 요청
May 27, 4:36 PM",,
임영신 June 글로벌CX전략팀,https://spigenhelp.zendesk.com/agent/tickets/1000148434,"https://spigenhelp.zendesk.com/agent/tickets/1000148434
국가 / 제품:  DE / Spigen Rugged Armor MagFit Hülle für Samsung Galaxy S25 Ultra, Kompatibel mit MagSafe -Schwarz
ASIN: B0DJ9V6CP6
구매일자: 2026-03-04","1차: 케이스에 하얀 점들이 묻어 있음. 접착제 같기도 하고 코팅이 벗겨지는 것 같기도 함.
케이스를 따뜻한 물에 적신천으로 닦았는데 문지를 수록 하얀 점들이 많이 생김. (사진 첨부)
-> Order ID & 케이스 전반적인 상태 확인 가능한 사진 요청
2차: 케이스 사진 및 인보이스 첨부.","(최근 2년) 총 주문 제품 1개 / FBA 환불 제품 0개 / 셀러 환불 0건 / MCF 발송 0건
( MCF:150)","고객 제품 사용 불편 유감
사용 환경 및 외부 영향에 의한 이염·오염으로 확인되며 제조상 결함으로 보기 어려움
그러나 고객 불편 고려하여 폐기 사진(X자 마크) 요청 후 대체품 제공  + 동의시 정보 요청
May 27, 4:40 PM",,
임영신 June 글로벌CX전략팀,https://spigenhelp.zendesk.com/agent/tickets/1000148571,"https://spigenhelp.zendesk.com/agent/tickets/1000148571
국가 / 제품:  DE /  iPhone 17 Pro용 Thin Fit MagFit 케이스 
ASIN: B0FD29X7T8
구매일자: 2026-05-14","1차: 케이스 장착한 상태로 약 1미터 높이에서 타일 바닥에 떨어졌음. 
다행히 휴대폰은 잘 보호되었지만, 케이스에 흠집이 생는데 케이스를 산 지 겨우 일주일밖에 안 되어서 교환이나 환불을 받을 수 있는지 문의. (사진 첨부)","(최근 2년) 총 주문 제품 14개 / FBA 환불 제품 6개 / 셀러 환불 0건 / MCF 발송 0건 - 충성 고객
( MCF:295)","고객 제품 사용 불편 유감
사용중 낙하로 인해 발생한 파손 및 스크래치는 제조상의 결함이 아님
그러나 고객 불편 고려하여 예외적으로 대체품 제공 도움 드리고자 함 + 동의시 정보 요청
May 27, 4:47 PM",,
김지우 Kevin 글로벌CX전략팀,https://spigenhelp.zendesk.com/agent/tickets/1000148554,"링크: https://spigenhelp.zendesk.com/agent/tickets/1000148554
국가 / 제품: IN / iPhone 15 Thin Fit
ASIN=B0C5S6FH36 / SKU=ACS06777
구매일자: 2026-02-10","1차: 약 3개월 사용 후 케이스 전체 색상 변색(이염) 주장 및 환불 요청 → 도움불가 1차 안내
2차(현재): 색상이 바래고 전체적으로 제품이 흐릿하고 변색된 상태라 문의드리는 것이며 재확인을 요청","구매 약 3개월 경과
(최근 2년) 총 주문 9개 / FBA 환불 5건 / 셀러 환불 2건 / 셀러 코드 발급 0건
사진 첨부 기반 전반적인 색상 변색 주장이나, 사진상 멀쩡. 사용기간 및 사용환경 영향 가능성 높음
GCX 기준상 이염/변색은 외부 요인 영향으로 판단되어 워런티 대상 아님
유사 전례 다수 존재 (#1000122114, #1000147707 등) – 환불 이력 반복 패턴 확인(상이 이메일로 지속 인입)
비충성 고객 (환불 비율 과다: 7/9) + 이메일 다중 사용 이력 존재 → 블랙컨슈머 가능성 고려(IN)
INQ CC로 이메일 클레임 지속 인입
※ 위 근거로 “사용환경에 따른 이염/변색 → 도움불가 2차 안내” 예정","제품 사용 중 불편을 겪으신 점 유감
사용 환경 및 외부 요인에 따른 이염·오염으로 확인되며 제조상 결함으로 보기 어려워 도움불가한 점 다시 한번 양해 바람(도움 불가 2차)
May 27, 5:38 PM",,
임영신 June 글로벌CX전략팀,https://spigenhelp.zendesk.com/agent/tickets/1000148672,"https://spigenhelp.zendesk.com/agent/tickets/1000148672
국가 / 제품:  DE /  Apple Watch Ultra용 EZ Fit 글라스
ASIN: B0BCXFZVH8 
구매일자: 2026-04-07","1차: EZ Fit 글라스(B0BCXFZVH8) 두 번째 장을 개봉했는데, 가장자리가 파손되어 있어 해결책 요청 (사진 첨부)","(최근 2년) 총 주문 제품 11개 / FBA 환불 제품 0개 / 셀러 환불 0건 / MCF 발송 1건 - 충성 고객
( MCF: 2,330)","고객 제품 사용 불편 유감
고객 첨부 사진에서 제조상의 결함 파악 어려움+그러나 고객 불편 고려하여 예외적으로 대체품 제공 도움 드리고자 함 + 동의시 정보 요청",양숙랑 Grace 글로벌CX전략팀,"May 28, 10:49 AM
프로님. 제안대로 안내 부탁 드립니다.
May 28, 10:49 AM"
임영신 June 글로벌CX전략팀,https://spigenhelp.zendesk.com/agent/tickets/1000147781,"https://spigenhelp.zendesk.com/agent/tickets/1000147781
국가 / 제품:  IT / EF223MS 무선 충전 스탠드
ASIN: B0FCDK3QM1
구매일자: 2026-04-20","1차: EF223MS 무선 충전 스탠드의 휴대폰을 충전하는 부분이 작동하지 않음. iPhone 15 Pro와 사용했음->이슈 영상 + 케이블 및 어댑터 모델명 + 케이블과 어댑터 정상 작동 여부 + 호환 어려운 케이스 안내
2차: 영상 2개 첨부","(최근 2년) 총 주문 제품 4개 / FBA 환불 제품 0개 / 셀러 환불 0건 / MCF 발송 0건 - 충성 고객 
( MCF: 357)","고객 제품 사용 불편 유감
고객 의견 유관 부서 전달 완료+제조상 결함 파악 어려우나 고객 불편 고려하여 예외적으로 대체품 제공 도움 드리고자 함 + 동의시 정보 요청
May 28, 3:15 PM",,
김지우 Kevin 글로벌CX전략팀,https://spigenhelp.zendesk.com/agent/tickets/1000148554,"링크: https://spigenhelp.zendesk.com/agent/tickets/1000148554
국가 / 제품: IN / iPhone 15 Thin Fit
ASIN=B0C5S6FH36 / SKU=ACS06777
구매일자: 2026-02-10","1차: 약 3개월 사용 후 케이스 전체 색상 변색(이염) 주장 및 환불 요청 → 도움불가 1차 안내
2차: 색상이 바래고 전체적으로 제품이 흐릿하고 변색된 상태라 문의드리는 것이며 재확인을 요청
3차(현재): 슈피겐 같은 고급 케이스가 3개월만에 색이 변한 것은 이해하기 어려움. 정중히 환불을 재요청함","구매 약 3개월 경과
(최근 2년) 총 주문 9개 / FBA 환불 5건 / 셀러 환불 2건 / 셀러 코드 발급 0건
사진 첨부 기반 전반적인 색상 변색 주장이나, 사진상 멀쩡. 사용기간 및 사용환경 영향 가능성 높음
GCX 기준상 이염/변색은 외부 요인 영향으로 판단되어 워런티 대상 아님
유사 전례 다수 존재 (#1000122114, #1000147707 등) – 환불 이력 반복 패턴 확인(상이 이메일로 지속 인입)
비충성 고객 (환불 비율 과다: 7/9) + 이메일 다중 사용 이력 존재 → 블랙컨슈머 가능성 고려(IN)
INQ CC로 이메일 클레임 지속 인입
※ 위 근거로 “사용환경에 따른 이염/변색 → 도움불가 3차 안내” 예정","제품 사용 중 불편을 겪으신 점 유감
사용 환경 및 외부 요인에 따른 이염·오염으로 확인되며 제조상 결함으로 보기 어려워 도움불가한 점 다시 한번 양해 바람(도움 불가 3차)
재인입시 NRN
Colour faded in blue cover - iPhone 15
#1000148554
Dear Team,
Please find attach images and invoice of product which is being used just for around 3 months and colours from corner and overall front and back it has started loosing it’s originality w...
Status         pending
Priority        high
View
Update
Comment
By 
Zendesk
App
Remove preview
May 28, 3:38 PM",,
김지우 Kevin 글로벌CX전략팀,https://spigenhelp.zendesk.com/agent/tickets/1000148027,"링크: https://spigenhelp.zendesk.com/agent/tickets/1000148027
국가 / 제품: IN / iPhone 16 Pro Glas.tR
 EZ Fit Slim
ASIN=B0D84YX465 / SKU=AGL07928
구매일자: 2025-08-12","1차: 글라스 1장 정렬 불량 + 2장 사용 중 균열 발생 주장 → 바코드 및 사용 환경 요청
2차: 약 10cm 낙하로 균열 발생 인정 → 사용 중 낙하로 인한 손상으로 도움 불가 안내
3차: 품질 불만 + 과거 케이스 황변 이슈 동시 제기 → 예외적 50% 환불 제안
4차: 75% 이상 환불 요구 및 케이스 추가 보상 요청 → 50% 환불 유지 안내
5차(현재): 글라스 50% 환불 수용 / 케이스 추가 지원 재요청 → 글라스 환불 완료, 케이스는 폐기사진 조건 유지","구매 약 9개월 경과
(최근 2년) 총 주문 3개 / FBA 환불 0건 / 셀러 환불 0건 / 셀러 코드 발급 0건
글라스: 고객이 직접 낙하 사실 인정(약 10cm) → 외부 충격에 의한 손상으로 판단 가능
1장 정렬 불량 주장 있으나 객관적 결함 입증 자료 부족 (패키지 미보유)
케이스: 이전 티켓 #1000145030에서도 폐기사진 3차 요청 후 미제출 이력 있음 + 이번에도 폐기사진 4차례 불응
인도 고객 + 장기 브랜드 이용 강조 및 반복 보상 요구 → 일부 클레임 확장 성향 존재
※ 위 근거로 “글라스는 예외적 50% 환불 유지, 케이스는 폐기사진 수령 시 환불” 예정","고객 상황에 대한 유감 표현
폐기사진은 고객이 제품 사용으로 인해 겪을 불편 예방 및 기존 반품을 해야하는 번거로움을 덜기 위함임
폐기사진 없이는 환불이 불가하며, 구매일(2025.08.12) 기준으로 1년 이내인 8월까지 폐기 사진을 보내주시면 환불 가능 재안내
동일 주장으로 재인입시 NRN",양숙랑 Grace 글로벌CX전략팀,"May 28, 3:56 PM
프로님. 아래내용으로 안내 부탁 드립니다. 날짜 기한 안내가 조금 위화감이 있어 생략했습니다. 고객이 리뷰에 내용을 공개할수 있기 때문입니다.
고객 상황에 대한 유감 표현
폐기사진은 고객이 제품 사용으로 인해 겪을 불편 예방 및 기존 반품을 해야하는 번거로움을 덜기 위함임
폐기사진 없이는 환불이 불가
동일 주장으로 재인입시 NRN
May 28, 3:56 PM"
김지우 Kevin 글로벌CX전략팀,https://spigenhelp.zendesk.com/agent/tickets/1000148688,"링크: https://spigenhelp.zendesk.com/agent/tickets/1000148688
국가 / 제품: IN / Galaxy Z Fold 6 Ultra Hybrid Pro
ASIN=B0CXTX9KJ2 / SKU=ACS07813
구매일자: 2025-12-14","1차: 배송 중 파손 제품 수령 주장 및 교환/환불 요청 → 주문내역 요청
2차: 주문내역 제출 → FBA 배송 책임 및 Amazon CS 안내
3차(현재): Amazon 측 보상 불가 안내 받았다고 주장하며 재요청 → 셀러 환불/교환 요구","구매 약 5개월 경과
(최근 2년) 총 주문 1개 / FBA 환불 0건 / 셀러 환불 0건 / 셀러 코드 발급 0건
배송 중 파손 주장(사진 있음)이나, FBA 물류 건으로 당사 직접 개입 불가
Amazon 측에서도 “반품기간 경과 → 제조사 문의”로 안내된 상태
내부 기준(GCX_2024 CS PROCEDURE) 상 FBA 배송 이슈는 Amazon 책임 범위
단일 주문 고객으로 충성 고객 아님
※ 위 근거로 “배송 중 손상은 도움불가” 예정","고객 상황에 대한 유감 표현
배송 중 파손은 배송을 담당하는 아마존의 관리 책임임
또한 제품 구매 5개월이 경과한 것으로 확인
도움 불가한 점 양해 부탁",나아름 Jane 글로벌CX전략팀,"May 29, 9:49 AM
@
김지우 Kevin 글로벌CX전략팀
 프로님 말씀하신대로 2025.12.14에 구매했는데 왜 5개월이 지난 시점에서 배송중 파손으로 클레임하시는지 의문이네요,,! 작성하신대로 도움불가 안내 부탁드립니다. 
May 29, 9:49 AM"
임영신 June 글로벌CX전략팀,https://spigenhelp.zendesk.com/agent/tickets/1000148525,"https://spigenhelp.zendesk.com/agent/tickets/1000148525
국가 / 제품: DE / TO261YJ Spigen CryoShade Roof Sunshade
ASIN: B0FB25RT93
구매일자: 2026-05-02","사이즈는 잘 맞는데 주름이 너무 신경 쓰여 주름을 없앨 수 있는 방법이 있는지 문의. 3주가 지났는대도 주름이 그대로 남아 있음
-> 제품 상태 및 바코드 사진 요청","(최근 2년) 총 주문 제품 2개 / FBA 환불 제품 0개 / 셀러 환불 0건 / MCF 발송 0건
(MCF: 55)","고객 제품 사용 불편 유감
고객 의견 유관 부서 전달 완료+제조상 결함 파악 어려우나 고객 불편 고려하여 예외적으로 대체품 제공 도움 드리고자 함 + 동의시 정보 요청
May 29, 2:36 PM",,
임영신 June 글로벌CX전략팀,https://spigenhelp.zendesk.com/agent/tickets/1000148721,"https://spigenhelp.zendesk.com/agent/tickets/1000148721
국가 / 제품: UK / LD207W2 무선 충전 스탠드
ASIN: B0FFFM7RCD
구매일자: 2025-11-20","1차: LD207W2 무선 충전 스탠드가 작동하지 않아서 반품/환불 요청 및 신용 카드사에 연락해야 하는지 문의함
-> Order ID + 이슈 영상 + 충전 이슈일 경우, 사용한 케이블과 어댑터 모델명 및 정상 작동 여부
2차: (영상 첨부) iPad Pro 11"" M4를 충전하고 Apple 정품 20W 충전기, UGREEN PD 충전기, Anker 벽면 충전기등 여러 충전기로 시도해 봤으나 충전되지 않음 충전 핀의 전압도 측정해 봤는데 정상으로 나옴. iPad를 재시작하여도 충전되지 않음.",(최근 2년) 총 주문 제품 1개 / FBA 환불 제품 0개 / 셀러 환불 0건 / MCF 발송 0건,"고객 제품 사용 불편 유감
고객 의견 유관 부서 전달 완료 + 고객 불편 고려하여 예외적으로 환불 도움 드리고자 함",양숙랑 Grace 글로벌CX전략팀,"May 29, 2:58 PM
프로님. 꽤 심각한 이슈네요. 제안대로 환불 도움 안내 부탁 드립니다.
May 29, 2:58 PM"
임영신 June 글로벌CX전략팀,https://spigenhelp.zendesk.com/agent/tickets/1000148233,"https://spigenhelp.zendesk.com/agent/tickets/1000148233
국가 / 제품: ES / iPhone 17 Pro Max용 EZ Fit Pro 글라스
ASIN: B0FCFG5PN6
구매일자: 2026-05-03","배송된 대체품 글라스가 매우 좋지 않은 상태로 도착하여 사용할 수 없음(사진 첨부->LPN 바코드 확인됨)
사진에서 손상 상태를 명확히 확인할 수 있고 글라스에 결함이 있어 정상적으로 부착하거나 사용할 수 없음
대체품 재배송 또는 다른 솔루션을 요청함",(최근 2년) 총 주문 제품 11개 / FBA 환불 제품 0개 / 셀러 환불 0건 / MCF 발송 1건,"고객 제품 사용 불편 유감
FBA 배송으로 제품 혼동이 있었던 것 같음+ 예외적으로 대체품 제공 도움 드리고자 함
May 29, 4:42 PM",,
임영신 June 글로벌CX전략팀,https://spigenhelp.zendesk.com/agent/tickets/1000147168,"https://spigenhelp.zendesk.com/agent/tickets/1000147168
국가 / 제품: DE / Spigen Tough Armor (AI) MagFit Hülle für Google Pixel 10 und Pixel 10 Pro
ASIN:  B0F49G6MNX
구매일자: 2026-04-07","1차:  1개월 사용하였는데, 케이스 후면 플레이트, 특히 MagSafe 링 주변에 균열이 생기기 시작함. 
제품은 조심스럽게 사용했으며 떨어뜨린 적도 없음.
소재 또는 제조상 결함일 가능성이 있다고 하며, 워런티 교체 진행 방법 문의. (사진 첨부)
-> 사진 확인 시, 언급된 문제를 명확하게 확인하기 어려움 + 가능하다면 부드러운 천으로 가볍게 닦아 자국이 제거되는지 확인 요청 + 미해결 시, 케이스 전체 상태 사진 + 사용 환경 및 파손 경위 문의
2차: TA MagFit 케이스는 Anker Qi2 인증 정품 충전기로만 충전 및 사용했으며, 손상은 자석의 인력으로 인해 발생함. 아울러 케이스를 닦는 과정에서 후면 플레이트가 분리되었는데, 플라스틱 후면 플레이트가 케이스 본체에서 분리되는 것이 정상인지 문의. (추가 사진 첨부) 교환 또는 환불 요청","(최근 2년) 총 주문 제품 3개 / FBA 환불 제품 0개 / 셀러 환불 0건 / MCF 발송 0건 - 충성 고객
재고: 381개","고객 불편 유감
TA MagFit 케이스는 재결합 가능한 이중 레이어 구조의 제품이며, 해당 현상은 제조상 결함이 아님
케이스 후면의 자국은 사용하는 MagSafe 악세사리(충전기)에 따라 발생할 수 있으며, 타사 제품과의 호환 여부 보증 불가
고객 불편을 고려하여 예외적으로 대체품 제공하고자 함 (충성 고객 고려)+고객 정보 요청
May 14, 11:21 AM",,
임영신 June 글로벌CX전략팀,https://spigenhelp.zendesk.com/agent/tickets/1000147160,"https://spigenhelp.zendesk.com/agent/tickets/1000147160
국가 / 제품: IT / Spigen Cover Thin Fit Compatibile con Apple Watch Series 11/10 46mm (2025/2024) - Nero
ASIN: B0DCCJN38Q
구매일자: 2025-11-26","1차: 
제품 1) Apple Watch 46mm용 EZ Fit 글라스(B0D9MNL7CX) 2장 모두 부착 후 얼마 안 되어 부착 벗겨짐.
제품 2) Apple Watch 46mm용 TF 케이스(B0DCCJN38Q)를 기기 보호를 위해 구매하였는데, 케이스가 기기에 스크래치를 남김.
-> 2개 제품에 대한 이슈를 확인할 수 있는 사진 + 바코드 사진 요청.
2차: 요청한 대로 Apple Watch의 손상 부위와 벗겨진 EZ Fit 글라스를 확인할 수 있는 사진 및 제품 박스 뒷면 사진을 첨부","(최근 2년) 총 주문 제품 8개 / FBA 환불 제품 4개 / 셀러 환불 0건 / MCF 발송 0건
구매일: 2025.11.26 (5개월 18일 경과)","고객 불편 유감
제품과 기기 손상 사이의 인과 관계 확인 어려움+기기보상 불가+2개 제품에 대해 환불 도움
May 14, 12:26 PM",,
임영신 June 글로벌CX전략팀,https://spigenhelp.zendesk.com/agent/tickets/1000146299,"https://spigenhelp.zendesk.com/agent/tickets/1000146299
국가 / 제품:  DE / Rugged Armor MagFit Hülle für mein iPhone 16
ASIN: B0D21RMGQG
구매일자: 2025-01-14","1차: iPhone 16용 Rugged Armor MagFit 케이스의 자석이 알 수 없는 이유로 케이스에서 떨어져 나가서 교환 요청함. (사진 첨부)
-> 사용 중 생긴 결함 1차 안내 (환불 X)
2차: 제품은 정상적으로 사용되었으며, 특별한 충격이나 외부 요인에 노출된 적이 없었기에 해당 제품에 결함이 있는 것 같음. 따라서 이러한 손상은 일반적인 사용 과정에서 발생하는 마모로 볼 수 없기에 케이스를 교체해 주기 바람.
-> 사용 중 생긴 결함 2차 안내 (환불 X)
3차: Rugged Armor MagFit 케이스의 내장 자석이 제자리에서 떨어져 나갔기에, 이 문제가 사용이나 환경적 인으로 인한 상태 변경이라는 의견에는 동의할 수 없음.
명백히 일반적인 마모가 아니라, 계약상 약속된 기능(MagSafe 부착 또는 자석 내장)을 더 이상 수행할 수 없게 된 ""독일 민법 제434조""에 명시된 중대한 재료 결함에 해당함.
이 손상은 정상적인 사용 기간 내에 발생했으며, 어떠한 부적절한 취급도 없었음.
따라서 법적 워런티 권리를 고려하여 재검토하고, 결함 없는 제품으로 교환해 주거나 환불해 주기를 요청함.
만약 정해진 기간 내에 만족스러운 해결책을 받지 못할 경우, 관련 소비자 보호 기관에 보고하거나 소송을 제기할 것임.","(최근 2년) 총 주문 제품 13개 / FBA 환불 제품 7개 / 셀러 환불 0건 / MCF 발송 0건
재고: 157개","고객 불편 유감
사용 과정에서의 제품 손상은 워런티 대상 불포함+도움불가 3차 안내
May 14, 4:00 PM",,
임영신 June 글로벌CX전략팀,https://spigenhelp.zendesk.com/agent/tickets/1000147174,"https://spigenhelp.zendesk.com/agent/tickets/1000147174
국가 / 제품:  DE / Life LF300 RFID Wallet
ASIN: B0G2VDKPH2
구매일자: 2026-05-10","1차: Life LF300 RFID Wallet에서 정말 끔찍한 냄새가 나는데, 이런 냄새는 처음 맡아봄.
-> 제품 상태 및 바코드 사진 요청
 2차: 제품 상태 및 바코드 사진 첨부함.
-> Tier 2 ESC
 3차: 회신 지연 안내 후, Tier 2 ESC (not 1st)
-> 감사 인사","(최근 2년) (최근 2년) 총 주문 제품 7개 / FBA 환불 제품 2개 / 셀러 환불 1건 / MCF 발송 0건
(재고: 49개)","고객 불편 유감
초기에 코팅 공정으로 인해 일시적으로 해당 현상 일어날 수 있음 안내
그러나 고객 불편 고려하여 예외적으로 환불 도움 드리고자 함
May 15, 9:34 AM",,
임영신 June 글로벌CX전략팀,https://spigenhelp.zendesk.com/agent/tickets/1000146830,"https://spigenhelp.zendesk.com/agent/tickets/1000146830
국가 / 제품:  IN / UTS12W 차량용 충전 거치대
ASIN: B0BL8D82ZR
구매일자: 2025-12-12","1차: UTS12W 차량용 충전 거치대가 최근에 작동을 멈췄다며 교체 요청. 휴대폰 모델은 Moto edge 40이며, 모바일 충전기 및 무선 충전 기능이 있는 모바일 배터리 파워 뱅크를 사용했음.
-> 전원 연결된 상태로 기기를 제품에 거치 후, 충전이 되지 않는 것을 보여주는 영상으로 재요청
2차: 휴대폰이 충전 장치에 가까워지면 자동으로 거치가 되도록 설계되어 있지만(Auto-Clamp), 현재의 경우에는 해당 거치 기능이 자동으로 작동하지 않는 문제가 발생하고 있음. 이로 인해 정상적인 작동 방식과 달리 휴대폰을 올바르게 장착하기 위해 지지대를 수동으로 당겨야 하는 상황이며, 빠른 해결을 부탁드림.","(최근 2년) 총 주문 제품 1개 / FBA 환불 제품 0개 / 셀러 환불 0건 / MCF 발송 0건
동일 제품 Arm Auto-Clamp 이슈 관련 참고 티켓 
#1000041708 UTS12W OneTap 차량용 충전기와 함께 iPhone 13 Pro를 사용함. Bracket arms가 계속 열렸다 닫혔다 반복한다며 환불 요청.
-> 환불 100%
#1000043212 UTS12W 차량용 거치대를 12월 10일 구매했는데 작동 멈춤. 다른 케이블로 시도해 봤지만 충전되지 않음.  또한 거치 자동 잠금부(Auto-Clamp)가 필요 이상으로 열림
-> 환불 100%","고객 불편 유감
고객 의견 유관 부서 전달+첨부 영상에서 제조상 결함 파악 어려우나 고객 불편 고려하여 예외적으로 환불 도움 드리고자 함
May 18, 9:44 AM",,
"3 unread,",https://spigenhelp.zendesk.com/agent/tickets/1000147262,"https://spigenhelp.zendesk.com/agent/tickets/1000147262
국가 / 제품:  NL / iPad Pro 11 (22)용 EZ Fit Slim 글라스
ASIN: B08HV54BF5
구매일자: 2026-04-08","1차: 떨어뜨린 적도 없는데 깨져서 교환 또는 환불 요청-> 제품 상태 및 바코드 사진 요청
2차: 제품 상태 사진 첨부함. 패키지는 이미 폐기함","(최근 2년) 총 주문 제품 22개 / FBA 환불 제품 0개 / 셀러 환불 2건 / MCF 발송 0건 - 충성 고객
2년 경과된 환불 티켓)
#112419 iPad Pro 11"" (2022)용 EZ FIT Slim 글라스 버블-> 100% 환불
#1000039133 iPhone 14 Pro용 EZ Fit Privacy 글라스 깨짐-> 100% 환불
2년 이내 환불 티켓)
#1000059069 iPhone 14 Pro용 EZ Fit Privacy 글라스 깨짐-> 100% 환불
#1000070291 iPhone 14 Pro용 EZ Fit Slim 글라스 깨짐-> 100% 환불
#1000079664, #1000081569 (iPhone 16 Pro용 EZ Fit 글라스 주문 수량 2개 깨짐 -> 수량 1개에 대해 불편을 고려하여 예외적 환불","고객 불편 유감
이전에도 동일 이슈로 환불 도움드린 이력 확인됨 + 예외적 도움 지속 어려움+도움불가 1차 안내",임영신 June 글로벌CX전략팀,"May 18, 4:55 PM
@
양숙랑 Grace 글로벌CX전략팀
 리더님, 이 고객 학습화된 어뷰징 사례로 의심되어 도움 불가1차 안내 나갔는데요. 답변 받자마자 재인입되었습니다. 
이전 환불 건은 다른 글라스에서 발생한 이슈였음. 환불 또는 교체품 요청.
(추가 메시지) iPad를 떨어뜨린 적도 없는데 글라스가 너무 빨리 깨짐.
도움 불가 2차 안내 확인 부탁드립니다.
May 18, 4:55 PM"
"2 unread,",https://spigenhelp.zendesk.com/agent/tickets/1000147619,"https://spigenhelp.zendesk.com/agent/tickets/1000147619
국가 / 제품:  IN / iPhone 16 Pro용 UH MagFit 케이스
ASIN: B0D8MSMMW9
구매일자: 2025-09-25","몇 개월 사용하지 않았는데 황변됨. 보증 또는 교환 요청 (사진 첨부)
동일 내용 이전 티켓) #1000125026 1달도 안 되어 iPhone 16 Pro용 UH MagFit 케이스가 황변되기 시작하여 교체 요청
-> 폐기 사진에서 디지털 편집이 감지됨
-> NRN - 내부 메모: INQ에서 고객과 직접 소통 예정 (디지털 편집 확인에 따라 환불 도움 불가, 인도사업부 조가윤P 컨펌 완료) + 티켓 종료",다른 구매 내역 확인 안됨,NRN,양숙랑 Grace 글로벌CX전략팀,"May 18, 10:38 AM
프로님. 제안대로 NRN 부탁 드려요.
May 18, 10:38 AM"
김지우 Kevin 글로벌CX전략팀,https://spigenhelp.zendesk.com/agent/tickets/1000147614,"링크: https://spigenhelp.zendesk.com/agent/tickets/1000147614  
국가 / 제품: FR / iPhone 17 Pro Max Ultra Hybrid S MagFit  
ASIN=B0FD2D52VV / SKU=ACS09893  
구매일자: 2025-10-08","1차: 케이스 황변 발생 주장 (사진 첨부) → 교체 요청  
2차(현재): 충성 고객임을 강조하며 대체품 요청 → 도움 불가 안내 예정","+ 구매 약 7개월 경과  
+ (최근 2년) 총 주문 122개 / FBA 환불 0건 / 셀러 환불 0건 / 셀러 코드 발급 0건  
1. 사진 첨부되어 있으나 황변은 사용환경 영향 가능성이 높은 이슈  
2. 내부 이력상 관리대상 고객 (사진 도용, 지속적 환불 요청, 리셀러 의심 티켓 다수 확인)  
3. 타 티켓 #1000044110 동일 황변 건 → 관리 고객 지정 후 NRN 처리 이력 존재  
4. 충성 고객 조건은 충족하나(주문 수 기준), 관리 대상 고객으로 일반 케이스와 다르게 판단 필요  
※ 위 근거로 “사용환경 영향으로 제조상 결함 확인 불가 및 도움 불가” 예정","1. 고객 상황에 대해 유감스럽게 생각
2. 황변의 경우, 형광등, 자외선 노출, 충전기 발열, 화장품 등 다양한 유저의 사용환경 및 외부요인에 의해 발생될 수 있음  
3. 워런티 도움 불가 안내",나아름 Jane 글로벌CX전략팀,"May 18, 10:43 AM
@
김지우 Kevin 글로벌CX전략팀
 프로님, 이 고객 관리대상지정 고객인 점 확인했습니다.
이전에도 ""리셀러는 당사의 공식 비즈니스 파트너가 아니므로 리셀러와 고객 간 거래 및 사용중 발생한 이슈에 대해 제품 워런티 및 도움 드릴수 없음""으로 안내 후, NRN 처리된 이력이 있네요...!
말씀주신대로 도움불가 유지 부탁드리겠습니다~!
May 18, 10:43 AM"
김지우 Kevin 글로벌CX전략팀,https://spigenhelp.zendesk.com/agent/tickets/1000146642,"링크: https://spigenhelp.zendesk.com/agent/tickets/1000146642
국가 / 제품: IT / Google Pixel 10 Pro PowerArc (ArcStation Essential GaN 45W)
ASIN=B0GK66R3N4 / SKU=ACH09474
구매일자: 2026-03-30","1차: 충전기 작동 불가 주장(타 충전기 정상 작동) → 영상 및 주문정보 요청
2차(현재): 영상 및 Order ID 제출, 충전 불량 재확인 → 환불 또는 조치 요청","구매 약 1개월 8일 경과
(최근 2년) 총 주문 1개 / FBA 환불 0건 / 셀러 환불 0건 / 셀러 코드 발급 0건
영상 통해 충전 불가 현상 확인되며, 타 충전기 정상 작동으로 제품 단일 이슈 가능성 존재
GCX 기준상 제조상 결함 단정은 어려우나 기능 미작동 증빙 확보된 케이스
타고객 유사 전례상 충전기 기능 불량 건 교체(MCF) 대응 다수(해당 ASIN은 첫 인입)
단일 주문 고객으로 충성 고객 아님
※ 위 근거로 “제조상 결함 확인 불가, 고객 불편 고려 MCF 발송” 예정","제품 사용 중 불편을 겪으신 점 유감
확인 결과 제조상 결함은 발견되지 않았으나, 고객 불편을 고려하여 대체품 제공 예정(MCF 진행)",나아름 Jane 글로벌CX전략팀,"May 18, 11:25 AM
@
김지우 Kevin 글로벌CX전략팀
 프로님, 고객 영상 확인했습니다. 대체품 제공으로 안내 부탁드립니다. (재고: 196개)
May 18, 11:25 AM"
임영신 June 글로벌CX전략팀,https://spigenhelp.zendesk.com/agent/tickets/1000147634,"https://spigenhelp.zendesk.com/agent/tickets/1000147634
국가 / 제품:  IN / Galaxy Watch 6 Classic (47mm) Modern Fit 316L 
ASIN: B0C62XZCQF
구매일자: 2026-03-10","1차: 퀵 릴리즈 메커니즘에 문제가 있음. 퀵 릴리즈 핀의 스프링 장력이 너무 강해서 스트랩을 시계 본체에서 분리하기가 매우 어려움. 정상적인 사용 수준을 넘어서는 힘이 필요해 손톱이 계속 손상될 정도라고 하며, 이는 설계 의도라기보다는 제조 결함일 가능성이 있음. 해당 제품에 대해 교환 또는 해결 방안을 요청드림.
-> 제품 영상 + 파손 경위 문의
2차: 영상 첨부",(최근 2년) 총 주문 제품 6개 / FBA 환불 제품 1개 / 셀러 환불 0건 / MCF 발송 0건 -> 충성 고객,"고객 제품 사용 불편 유감 
고객 의견 유관부서에 전달 완료+ 고객 불편 고려하여 환불 도움
May 18, 3:35 PM",,
김지우 Kevin 글로벌CX전략팀,https://spigenhelp.zendesk.com/agent/tickets/1000146647,"링크: https://spigenhelp.zendesk.com/agent/tickets/1000146647
국가 / 제품: IN / iPhone 13 Ultra Hybrid
ASIN=B096HKQK9W / SKU=ACS03522INP
구매일자: 2025-12-10","1차: 황변 및 TPU 변형 주장 → 외부 요인 안내 및 도움불가
2차: 동일 사유 재클레임 → 도움불가 재안내
3차(현재): 심한 황변(사진 첨부) 및 품질 문제 주장, 환불/교체 요구 + 미해결 시 Amazon 및 소비자 플랫폼 에스컬레이션 언급 → 추가 보상 요구","구매 약 5개월 경과
(최근 2년) 총 주문 4개 / FBA 환불 1건 / 셀러 환불 2건 / 셀러 코드 발급 0건
황변 사진 첨부되었으나 투명 TPU 특성 및 사용환경 영향 가능성 높음
동일 사유로 과거 UH 케이스 황변 환불 이력 존재 (#1000130182)
GCX 기준상 반복 동일 사유 + 기사용 제품 황변 → 추가 보상 비대상
IN 고객 + 에스컬레이션(소비자 플랫폼 언급)으로 강성 클레임 성향 확인
충성 고객 조건 미충족 (환불 비율 과다)
※ 위 근거로 “반복 클레임 및 기보상 이력 고려, 추가 지원 불가 (NRN 전환)” 예정","고객 상황에 대해 유감
황변의 경우, 형광등, 자외선 노출, 충전기 발열, 화장품 등 다양한 유저의 사용환경 및 외부요인에 의해 발생될 수 있음
도움 불가 3차 안내(재인입시 NRN)
May 11, 12:24 PM",,
김지우 Kevin 글로벌CX전략팀,https://spigenhelp.zendesk.com/agent/tickets/1000146807,"링크: https://spigenhelp.zendesk.com/agent/tickets/1000146807
국가 / 제품: IN / iPhone 17 Thin Fit Clear T MagFit
ASIN=B0FS1RL5VQ / SKU=ACS10624INP
구매일자: 2026-02-28",1차(현재): 내부 균열 발생(영상 첨부) + 버튼부 황변 주장 → 환불 또는 교체 요청,"구매 약 2개월 경과
(최근 2년) 총 주문 3개 / FBA 환불 0건 / 셀러 환불 0건 / 셀러 코드 발급 0건
영상 기준 내부 균열 확인되나 외부 충격 여부 단정 어려움 (외관 정상)
황변 동반 주장 → 투명/클리어 소재 특성상 외부 요인 영향 가능성 존재, 영상상 황변 미미
GCX 기준상 사용 중 발생한 균열은 제조상 단정 어려움이나, 초기 발생 시 고객 불편 고려 가능
유사 전례(#1000133040) 동일 모델 균열 → 폐기 후 예외적 환불 진행 사례 있음
충성 고객 (주문 3건, 환불 0건)
※ 위 근거로 “제조상 결함 확인 불가, 고객 불편 고려 폐기 후 환불” 예정","제품 사용 중 불편을 겪으신 점 유감
사진 확인 결과 제조상 결함은 확인되지 않았음
고객 불편을 고려하여 환불 도움 예정(폐기 확인 후 환불)
May 11, 12:27 PM",,
김지우 Kevin 글로벌CX전략팀,https://spigenhelp.zendesk.com/agent/tickets/1000146930,"링크: https://spigenhelp.zendesk.com/agent/tickets/1000146930
국가 / 제품: DE / Galaxy Z Fold 7 Tough Armor Pro MagFit
ASIN=B0F1B7GKC9 / SKU=ACS09550
구매일자: 2025-08-22","1차: 힌지 파손(사진 첨부) → 사용 중 외부 요인 가능성 안내 및 도움 불가
2차(현재): 1년 미만 사용 제품임에도 힌지 파손 주장 + 강한 불만 및 브랜드 불매 의사 표출 → 워런티 인정 및 보상 요구","구매 8개월 18일 경과
(최근 2년) 총 주문 3개 / FBA 환불 2건 / 셀러 환불 0건 / 셀러 코드 발급 0건
힌지 돌기 파손 사진 제출되었으나 사용 중 충격/외부 요인 가능성 높음
GCX 기준상 사용 중 파손 → 워런티 대상 아님 판단 타당
유사 전례: 힌지/구조 파손 케이스 대부분 도움 불가 또는 제한적 보상 (#1000110977 참고)
충성 고객 아님 (주문 3 / 환불 2 → 비율 초과)
“브랜드 불매” 언급 등 강성 클레임
※ 위 근거로 “제조상 결함 확인 불가, 고객 불편 고려 대체품(MCF) 제공” 예정","고객 상황에 대한 유감 표현
사진 확인 결과, 사용환경 및 외부 영향에 의한 파손으로 사료되며 제조상 결함은 확인되지 않음
고객 불편을 고려하여 대체품 제공으로 도움 예정 (MCF진행)
May 11, 5:37 PM",,
김지우 Kevin 글로벌CX전략팀,https://spigenhelp.zendesk.com/agent/tickets/100014672,"링크: https://spigenhelp.zendesk.com/agent/tickets/100014672
https://spigenhelp.zendesk.com/agent/tickets/1000146724
국가 / 제품: NL / Galaxy S26 Ultra Glas.tR
 EZ Fit Pro
ASIN=B0G7S8J7SJ / SKU=AGL11068
구매일자: 2026-03-01","1차: 반려견 발에 의해 글라스 파손 → 외부 요인으로 도움 불가 안내
2차: 웹사이트 내 저가 교체 프로그램 근거로 50% 교체 요청 → 프로그램 종료 안내 및 도움 불가
3차(현재): 네덜란드 법 적용 주장하며 서비스 이행 요구 및 법적 대응 가능성 언급 → 보상 요구 지속","구매 2개월 경과
(최근 2년) 총 주문 3개 / FBA 환불 0건 / 셀러 환불 0건 / 셀러 코드 발급 0건
반려견 발 압력에 의한 글라스 파손 → 명확한 외부 충격 케이스
GCX 기준상 외부 요인에 의한 파손 → 워런티 대상 아님
웹사이트 내 종료된 “GLAS.tR
 Replacement Program” 근거로 요구 → 현재 미운영 확인
법적 의무 주장 및 강성 대응 (Legal action 언급)
충성 고객 (주문 3 / 환불 0)이나, 명확한 외부 요인 + 정책 오용 케이스
※ 위 근거로 “외부 요인 파손 + 종료된 프로그램 → 도움 불가 유지” 예정","고객 상황에 대한 유감 표현
사용환경 및 외부 영향에 따른 파손으로 확인되며 제조상 결함으로 보기 어려움
제품사진 및 바코드 요청
(사진상 결함 확인시)고객 불편 고려 이번만 예외적으로 환불 도움 예정
(사진상 결함 확인시)앞으로도 자사 제품에 많은 관심 바람
Screen protector cracked when dog put paw on it
#1000146724
My phone was om the couch and my 24 kgs lab put one of her paws on it, which made it crack. Pretty surprised to be honest as of course it's not her entire weight being placed on one paw (from my ex...
Status         pending
Priority        high
View
Update
Comment
By 
Zendesk
App
Remove preview
May 11, 5:43 PM",,
임영신 June 글로벌CX전략팀,https://spigenhelp.zendesk.com/agent/tickets/1000146911,"https://spigenhelp.zendesk.com/agent/tickets/1000146911
국가 / 제품: IT / Spigen Essential CryoMax MagFit Qi2.2 25W
ASIN: B0FPTKNYP3
구매일자: 2026-05-06","1차: 오늘 받았는데 아쉽게도 어떤 방식으로도 냉각 팬이 작동하지 않는 것을 확인했음. 여러 케이블과 충전기를 사용해봤고, 스마트폰도 잠시 충전 상태로 두었지만 냉각 팬이 전혀 돌아가지 않음.
차량에서 사용 시 온도가 많이 올라가는 점 때문에 냉각 팬 기능이 있는 제품을 구매했으나, 현재 팬이 전혀 작동하지 않아 해당 상황에 대해 매우 실망스러움. 도움을 부탁드림.
-> 초저소음 냉각 팬이 장착되어 작동 소리가 잘 들리지 않을 수 있음 안내 + 이슈를 보여주는 사진, 바코드 사진, 충전 기기와 어댑터 모델명 요청
2차: 현재 스마트폰이 한 대뿐이라 충전 중인 상태를 촬영할 방법이 없다고 함. 며칠 후 업무 출장 예정이라고 설명하며 빠른 도움이 필요함.
-> 핸드폰이 하나라며 사진 촬영 불가 주장 + 충전 기기와 어댑터 모델명 재요청
3차: (핸드폰이 하나라며 사진 촬영 불가 주장 + 충전 기기와 어댑터 모델명 재요청 후 재인입) 
휴대폰은 Pixel 10 Pro, 어댑터는 40W PD로 충전용으로만 사용함. 기기, 케이블, 어댑터가 모두 정상적으로 연결된 사진 첨부함.","다른 구매 내역 확인 안됨
현재 재고 있음 (216 fulfillable)","고객 불편 유감
유관 부서 확인 결과 유사 사례 보고된 바 없음 + 첨부 영상 등 증빙 자료가 없음 + 제조상 결함 파악되지 않음+ 그러나 고객 불편 고려하여 예외적으로 대체품 제공 도움 드리고자 함+ 동의시 정보 요청
May 12, 4:19 PM",,
"2 unread,",https://spigenhelp.zendesk.com/agent/tickets/1000146508,"https://spigenhelp.zendesk.com/agent/tickets/1000146508
국가 / 제품: UK / Spigen Ultra Hybrid MagFit Case for Samsung Galaxy S26 
ASIN: B0FV9YH7B3
구매일자: 2026-03-17","1차: 케이스가 너무 타이트해서 제거할 때 휴대폰이 휘어질 것 같고 상단부도 제대로 맞지 않음.
-> 제품 및 바코드 사진 + 이슈 발생 시기 문의
2차: 제품 및 바코드 사진 첨부.","(최근 2년) 총 주문 제품 5개 / FBA 환불 제품 2개 / 셀러 환불 0건 / MCF 발송 0건
(재고: 312개)","고객 불편 유감
고객 의견 유관 부서 전달+불편 고려하여 예외적으로 대체품 제공 도움 드리고자 함 + 동의시 정보 요청",양숙랑 Grace 글로벌CX전략팀,"May 13, 12:17 PM
프로님. 사진보니까 불량처럼 보이네요.
제안대로 안내 부탁드려요.
May 13, 12:17 PM"
임영신 June 글로벌CX전략팀,https://spigenhelp.zendesk.com/agent/tickets/1000147212,"https://spigenhelp.zendesk.com/agent/tickets/1000147212
국가 / 제품: ES / iPhone 16e용 TA MagFit 케이스
ASIN: B0DKGCS8DD
구매일자: 2025-07-14","1차: iPhone 16e용 TA MagFit 케이스 사용 중 외부 쉘이 내부 TPU 레이어와 분리되기 시작함. 정상적인 사용 중에도 두 부품이 계속 벌어짐.
-> TA MagFit 케이스는 두 개의 레이어로 구성된 제품으로 재결합 요청 + 문제 지속 시 사진/영상 요청
2차: 두 레이어를 조심스럽게 다시 조립했음에도 한쪽 특정 부분이 제대로 결합되지 않음. 해당 부위에 약간의 틈이 있으며, 일반적인 사용 중 손가락으로 스치기만 해도 외부 쉘이 분리됨. 교체 요청
*영상 확인 시, 손가락으로 힘을 주면 빠지는 것이 확인되지만 특이사항은 확인되지 않음
-> 영상 확인 시, 이슈 확인 불가하여 도움 불가
3차: 외부 쉘이 TPU 레이어와 밀착되지 않고 분리되는 현상은 설계 특징이 아닌 제조상 결함임.
케이스가 정상적인 사용 중이나 손가락으로 가장자리를 스치는 정도로 분리되어서는 안되며, 측면이 제대로 고정되지 않고 딸깍 맞물리는 느낌이 없는 점이 보호 성능의 완성도를 저하시킴. 오랫동안 충성 고객이었으며, 제품 품질 기준에 부합하지 않는 만큼 교체가 공정한 해결책이라고 생각함","(최근 2년) 총 주문 제품 1개 / FBA 환불 제품 0개 / 셀러 환불 0건 / MCF 발송 0건
구매 후 9개월 경과","고객 불편 유감
TA MagFit 케이스는 재결합 가능한 이중 레이어 구조의 제품이며, 해당 현상은 제조상의 결함 아님 + 도움 불가 2차 안내
May 13, 4:02 PM",,
임영신 June 글로벌CX전략팀,https://spigenhelp.zendesk.com/agent/tickets/1000147055,"https://spigenhelp.zendesk.com/agent/tickets/1000147055
국가 / 제품: IT / EV25MFAQ Essential Cryomax MagFit Qi 2.2 25W 무선 차량용 충전기
ASIN: B0FPTKNYP3
구매일자: 2026-02-17","1차: 더 이상 냉각되지 않음. 처음 몇 달 동안은 냉각이 잘 되었지만, 이제는 충전 중에 휴대전화가 즉시 과열됨.
냉각 팬이 작동할 때는 매우 차가웠던 충전기 표면을 이제 만져보면 매우 뜨거움.
-> 제품 상태에 대한 사진 요청 + 기기 및 어댑터 모델명 문의 + 무선 충전기의 표면 온도 문의 + 냉각팬이 완전히 작동을 멈추었는지 문의.
2차: 제품 사진 두 장을 첨부. iPhone 17 Pro를 사용 중이며, 130W USB-C 차량용 충전기(시가잭)를 사용했음.
온도가 얼마나 내려갔는지는 정확히 모르겠지만, 처음 충전할 때는 휴대폰을 꺼내 슈피겐 케이스 표면을 손으로 만져보니 훨씬 시원했음. 하지만 지금은 거의 따뜻한 정도이고, 충전 직후에는 휴대폰이 ""과열""로 인해 보호 모드로 전환되어 더 이상 충전이 되지 않음. 냉각 팬은 작동하는 것 같지만, 실제로는 뜨거운 바람만 내뿜음. 휴대폰을 식히는 대신 오히려 더 뜨겁게 만듦.
-> 지원되는 파일 타입 안내 (Amazon Buyer Message)
3차 요약: 제품 사진 첨부","(최근 2년) 총 주문 제품 14개 / FBA 환불 제품 3개 / 셀러 환불 1건 / MCF 발송 0건 - 충성 고객
B0FPTKNYP3 MCF 발송용 가용 재고: 188개","고객 불편 유감
첨부 자료에서 문제 파악 되지 않으나, 고객 불편 고려하여 예외적으로 대체품 제공 도움 드리고자 함+ 동의시 정보 요청
May 13, 5:16 PM",,
"3 unread,",https://spigenhelp.zendesk.com/agent/tickets/1000146298,"https://spigenhelp.zendesk.com/agent/tickets/1000146298
국가 / 제품: SE /iPhone 17 Pro Max용 UH MagFit 케이스
ASIN: B0FR85ZZVF
구매일자: 2026-04-03","1차: iPhone 17 Pro Max용 UH MagFit 케이스를 평범하게 사용한 지 일주일 만에 재질에 스크래치가 생기고 마모되었으며, 투명한 외관이 눈에 띄게 저하됨. 이처럼 짧은 사용 기간 안에 품질이 이 정도 수준으로 저하된 것은 용납할 수 없음. 교체는 원하지 않고 전액 환불 요청. (사진 첨부)
-> 슈피겐 로고가 보이는 사진 요청
2차: 사진 첨부
3차: 정상적인 사용 환경에서 조심스럽게 사용한지 일주일만에 발생한 것이라 해당 내용에 동의할 수 없음. 소비자 보호 기준에 따르면 합리적인 기간 동안 내구성이 있고 제 기능을 다해야 하는데 그렇지 못했으므로 이런 기준을 충족하지 못함. 교환이 아닌 환불 원함
-> 제품의 상태는 사용 패턴 및 환경 요인에 따라 변하므로 제조상 결함이 아니므로 도움 불가 2차 안내
4차: 정상적인 사용을 한 지 단 일주일 만에 케이스에 눈에 띄는 스크래치와 마모가 발생하여 받아들이기 어려움. 일상적인 사용을 전제로 설계된 케이스라면 일정 기간 동안 외관을 유지해야 하며 단 일주일 만에 이러한 상태가 되는 것은 소재 품질에 분명한 문제가 있다는 것임. Spigen 브랜드의 내구성과 신뢰성을 믿고 구매했지만 그러한 기대에 부합하지 않음. 교환이 아닌 전액 환불을 요청함. 
문제가 원만히 해결되지 않을 경우, Amazon의 A-to-Z 보증 및 관련 소비자 보호 절차를 통해 문제를 제기할 예정임.",(최근 2년) 총 주문 제품 1개 / FBA 환불 제품 0개 / 셀러 환불 0건 / MCF 발송 0건,"고객 불편 유감
이전에 안내한 바와 같이 사용 환경에 따른 제품 손상으로 판단됨+이 경우 워런티 대상 아님
그러나 고객 불편 고려하여 예외적 환불 도움 드리고자 함",양숙랑 Grace 글로벌CX전략팀,"May 6, 12:13 PM
프로님. 해당건 제안대로 환불안내 부탁 드립니다.
Amazon의 A-to-Z 보증은 고객이 쉽게 등록할수가 있어서 번거롭게 만들지 않고 환불로 잘 클로징 하도록 해요.
May 6, 12:13 PM"
김지우 Kevin 글로벌CX전략팀,https://spigenhelp.zendesk.com/agent/tickets/1000146460,"링크: https://spigenhelp.zendesk.com/agent/tickets/1000146460
국가 / 제품: UK / Galaxy S25 FE Rugged Armor
ASIN=B0FC8971XW / SKU=ACS10025
구매일자: 2026-04-29","1차: MIL-STD 낙하 테스트 보고서 요청 → 내부 기밀로 공유 불가 안내
2차(현재): 테스트 자체는 인정하나, 요약/검증서/시험기관 정보 등 최소한의 공개 요청 및 투명성 문제 제기 → 담당부서 확인 후 안내 요청 상태","구매 약 7일 경과
(최근 2년) 주문/환불 이력: N/A
핵심 쟁점: 제품 품질 클레임이 아닌 “MIL-STD 인증 신뢰성/투명성” 관련 정책 문의 (증빙 요구, 제3자 테스트 여부 등)
내부 기준 검토: 시험 리포트 및 인증 관련 자료는 내부 기밀로 외부 제공 불가, 일반 사양 수준 안내만 가능
타고객 유사 전례: MIL-STD 보고서 요청 건 다수 동일 응대 (보고서 미공개 + 일반 설명)
※ 위 근거로 “시험 통과 사실 안내 + 내부 문서 비공개 정책 유지 + 일반 설명 제공” 예정","고객 상황에 대한 유감 표현
해당 제품은 MIL규격 획득한 제품으로 보고서 상세 사항은 외부 배포 불가한 점 다시 한 번 양해 바람
Feedback on MIL‑STD‑810G Test Documentation
#1000146460
Dear Spigen Customer Service,
Thank you for your reply. I appreciate you confirming that the Rugged Armor case was tested according to your internal procedures. However, I want to express my disapp...
Status         hold
Priority        high
View
Update
Comment
By 
Zendesk
App
Remove preview",임영신 June 글로벌CX전략팀,"May 4, 2:01 PM
네, 위 제품 확인해보도록 하겠습니다.
May 4, 2:01 PM"
"2 unread,",https://spigenhelp.zendesk.com/agent/tickets/1000146263,"https://spigenhelp.zendesk.com/agent/tickets/1000146263
국가 / 제품: IN / iPhone 16용 UH 케이스
ASIN: B0D21WT5PS
구매일자: 2025-09-22","1차: 황변 
서로 다른 3개의 이메일 사용
1. anandhusubhash5059@gmail.com (본티켓) 
 2. visalps4149@gmail.com
#1000113782 iPhone 13 Pro용 CYRILL Leather Brick 케이스 TPU 분리 -> 100% 환불
#1000132742 iPhone 17용 UH 케이스 황변으로 폐기 사진 확인 후 100% 환불
 3. unnips1235@gmail.com  
#1000142253 iPhone 17용 UH가 정상적인 사용 기간 중에 황변됨. 투명 케이스의 황변 가능성은 이해하지만 황변 속도가 너무 빠름. 
-> 도움 불가",(최근 2년) 총 주문 제품 6개 / FBA 환불 제품 0개 / 셀러 환불 2건 / MCF 발송 0건,"고객 불편 유감
투명 케이스의 오염 및 변색 정도는 사용 기간, 환경 조건, 사용 패턴 등의 요인에 따라 상이함 + 이전에도 예외적으로 도움 드린 이력 확인됨 
도움 불가 1차 안내",임영신 June 글로벌CX전략팀,"May 4, 2:15 PM
네 맞습니다. 아래 reply에 인도 조가윤p에게 받은 내용 공유드렸습니다 
May 4, 2:15 PM"
김지우 Kevin 글로벌CX전략팀,https://spigenhelp.zendesk.com/agent/tickets/1000146296,"링크: https://spigenhelp.zendesk.com/agent/tickets/1000146296
국가 / 제품: ES / Galaxy S26 Ultra Tough Armor MagFit
ASIN=B0FVBHT64R / SKU=ACS11033
구매일자: 2026-03-01","1차: 케이스 우측 상단 분리 발생(사진 첨부) → 재조립 가이드 안내 및 정상 장착 요청
2차(현재): 측면 탭 완전 분리 및 결합부 파손 진행 주장 → 정상 사용 불가로 교체 요청","구매 약 2개월 경과
(최근 2년) 총 주문 5개 / FBA 환불 0건 / 셀러 환불 0건 / 셀러 코드 발급 0건
사진 및 고객 설명상 측면 결합부 이탈 및 파손 진행 상태 확인됨 (정상 사용 어려움 호소)
GCX 기준상 외부 요인 가능성 존재하나, 사용 기
간 및 상태 고려 시 고객 불편 해소 필요
유사 전례: TPU/PC 이중 구조 제품에서 결합부 이탈 이슈 존재 (TPU 분리 사례 참고)
최근 2년 주문 5건, 환불 이력 없음 → 충성 고객 해당
※ 위 근거로 “제조상 결함 확인 불가, 고객 불편 고려 대체품 제공” 예정","제품 사용 중 불편을 겪으신 점 유감
확인 결과 제조상 결함은 발견되지 않았으나, 고객 불편을 고려하여 대체품 제공 예정(MCF 진행)
앞으로도 슈피겐 제품에 많은 관심 부탁드립니다.",임영신 June 글로벌CX전략팀,"May 4, 2:02 PM
확인 감사합니다.
May 4, 2:02 PM"
김지우 Kevin 글로벌CX전략팀,https://spigenhelp.zendesk.com/agent/tickets/1000146379,"링크: https://spigenhelp.zendesk.com/agent/tickets/1000146379
국가 / 제품: ES / Tesla Model 3/Y (New Biz)_TO227H
ASIN=B0D7N5CB6X / SKU=ACP08373
구매일자: 2026-03-03","1차: 제품 한쪽은 정상 고정되나 반대쪽 미고정으로 주행 중 진동 발생 → 영상 및 차량 정보 요청
2차(현재): 영상 + 차량 VIN 제출, 한쪽 측면 미결합 상태 지속 → 정상 사용 불가, 해결 요청","구매 약 2개월 경과
(최근 2년) 총 주문 16개 / FBA 환불 1건 / 셀러 환불 0건 / 셀러 코드 발급 0건
영상 기준 한쪽 자석 고정 불량으로 진동 발생 확인 (기능적 사용성 저하)
공지된 호환성 이슈 케이스로 확인 → 제품 구조/차량 베리에이션 영향 가능성 존재
패키지 바코드 미보유이나, VIN 및 영상으로 실사용 확인 충분
최근 2년 16건 구매, 환불 이력 낮음 → 충성 고객 해당
※ 위 근거로 “제조상 결함 확인 불가, 고객 불편 고려 환불 100%” 예정","제품 사용 중 불편을 겪으신 점 유감
확인 결과 제조상 결함은 발견되지 않았으나, 고객 불편을 고려하여 환불로 도움 예정
앞으로도 자사 제품에 관심 바람",임영신 June 글로벌CX전략팀,"May 4, 2:03 PM
확인 감사합니다!
May 4, 2:03 PM"
"3 unread,",https://spigenhelp.zendesk.com/agent/tickets/1000146352,"https://spigenhelp.zendesk.com/agent/tickets/1000146352
국가 / 제품: IN / Spigen Optik Armor for Samsung Galaxy S24 Ultra Case, Galaxy S24 Ultra Back Cover (2024) - TPU+Poly Carbonate｜Black
ASIN: B0CM4N9TZB
구매일자: 2025-11-02","1차: 일상에서 일반적으로 사용 및 적절한 관리 하에 사용했음. 그러나 최근 외부 소재 손상과 구조적 마모가 발생해 핏과 보호 기능에 영향을 주는 상태가 확인됨. 큰 충격이나 오남용 없이 발생했음. 해당 제품은 TPU/폴리카보네이트 소재 및 밀리터리 등급 낙하 보호로 광고된 제품이라 예상보다 빠른 열화는 제조 결함 가능성이 있을 것 같음. 이에 대해 보증 교환 또는 적절한 해결을 부탁함. (사진 요청)
-> 다른 각도의 사진 + 슈피겐 로고 사진 + 파손 경위 문의
2차: (사진 첨부) 일상에서 평범하게 사용했고, 낙하나 충격 또는 오용은 없었음.
-> 사용 중 생긴 결함 1차 안내 (환불 X)
3차: 5개월 밖에 사용하지 못했는데 너무 짧은 기간 안에 일상적으로 사용했을 뿐인데 손상되었음. 케이스가 더 오래 유지되길 바랐음.
-> 예외적 50% 환불 제안
4차: 짧은 기간 안에 손상은 내구성 문제이므로 환불보다는 교환 요청.
-> FBA 배송으로 대체품 제공 불가 + 거부 시, 예외적 50% 환불 2차 제안","다른 구매 내역 확인 안됨
구매 후 6개월 경과","고객 불편 유감
사용 환경 및 사용 습관으로 인한 파손은 제조 결함이 아님 + 예외적 50% 환불 3차 제안",임영신 June 글로벌CX전략팀,"May 4, 2:03 PM
네, 감사합니다!
May 4, 2:03 PM"
"2 unread,",https://spigenhelp.zendesk.com/agent/tickets/1000145847,"https://spigenhelp.zendesk.com/agent/tickets/1000145847
국가 / 제품: JP / Google Pixel Watch 3용 Rugged Armor Pro 
ASIN: B0D4655KRR
구매일자: 2024-09-19","1차: 제품 파손되어 수리 가능 여부 문의 
->  사용 중 생긴 결함 안내 1차
2차: 제품을 장착하자마자 바로 파손됨. 제품 자체의 결함이라고 생각함.
-> 사용 중 생긴 결함 안내 2차 
3차: 2024년 9월 29일에 리뷰를 작성
4차: 고객의 메시지를 무시하고 있으며, 리뷰시스템이 제대로 작동하지 않는다면 없애라고 불만을 제기함. 축적된 충격이 아닌 구입한 직후에 문제가 발생함",(최근 2년) 총 주문 제품 1개 / FBA 환불 제품 0개 / 셀러 환불 0건 / MCF 발송 0건,"고객 불편 유감
사용 기간 1년7개월 이상 경과 확인
사용 중 생긴 결함 안내+워런티 대상 아님+도움불가 3차 안내 (이후 NRN)",임영신 June 글로벌CX전략팀,"May 4, 2:04 PM
확인 감사해요!
May 4, 2:04 PM"
"1 unread,",https://spigenhelp.zendesk.com/agent/tickets/1000146436,"링크: https://spigenhelp.zendesk.com/agent/tickets/1000146436
국가 / 제품: IT / iPhone 17 Pro Max Ultra Hybrid T MagFit
ASIN=B0FD22YW2J / SKU=ACS10046
구매일자: 2026-05-02","1차: 케이스 하단 자석 탈락 문의 → Amazon CS 통한 교환/환불 안내
2차: Amazon은 교환 불가, 반품만 가능 주장 → 동일하게 Amazon CS 재안내
3차(현재): 교환 불가에 대한 불만 지속 제기 → 셀러 통한 교환 가능 여부 재요청","구매 4일 경과
(최근 2년) 총 주문 8개 / FBA 환불 1건 / 셀러 환불 1건 / 셀러 코드 발급 0건 (2년전 환불 3개 더 존재)
사진/영상 미첨부 상태로 제품 이상 여부 확인 불가
FBA 주문 건으로 교환/환불은 Amazon 프로세스 통해서만 처리 가능
관리대상 고객 (지속적 환불 요청 이력 다수)
#1000093744, #1000041885 외 과거 환불 반복 이력 존재
충성 고객 기준 충족 (주문 8건 / 환불 2건 → 비율 조건 충족) → #충성고객 적용
※ 위 근거로 “FBA 정책에 따른 Amazon CS 재안내 및 추가 도움 불가” 예정","제품 사용 중 불편을 겪으신 점 유감
아마존 주문 건으로 교환 및 환불은 Amazon 고객센터를 통해 진행 필요 (FBA CS 3차 안내)
도움 불가한 점 양해 부탁(재인입시 NRN)
Richiesta informazioni prodotto da parte del cliente Amazon Simone (Ordine: 407-9733711-6218739)
#1000146436
Order ID: 407-9733711-6218739:
#: 1
ASIN: B0FD22YW2J
Product Name: Spigen Cover per iPhone 17 Pro Max, Ultra Hybrid T MagFit, Compatibile con MagSafe [Tecnologia DuraClear] - Glossy White
Message:
...
Status         pending
Priority        normal
View
Update
Comment
By 
Zendesk
App
Remove preview",임영신 June 글로벌CX전략팀,"May 4, 4:39 PM
확인 감사합니다.
May 4, 4:39 PM"
김지우 Kevin 글로벌CX전략팀,https://spigenhelp.zendesk.com/agent/tickets/1000146407,"링크: https://spigenhelp.zendesk.com/agent/tickets/1000146407
국가 / 제품: IT / iPhone 17 Pro Enzo Aramid T MagFit
ASIN=B0FD22YWNK / SKU=ACS09959
구매일자: 2026-05-01","1차: 중고품 수령 및 오염 문제 → 아마존 통해 환불 완료 안내
2차: 동일 제품 재구매 후 우측 들뜸/형합 불량 주장 → 사진 요청
3차(현재): 반복 장착 시도에도 우측 프레임 들뜸 지속, 재반품 원치 않음 → 해결 요청","구매 5일 경과
(최근 2년) 총 주문 5개 / FBA 환불 1건 / 셀러 환불 0건 / 셀러 코드 발급 0건
사진상 명확한 결함 식별은 어려우나, 고객은 우측 들뜸 현상 지속 주장 (장탈착 반복 시도 언급)
GCX 기준상 형합 이슈는 외부 요인/장착 방식 영향 가능성 존재하나 초기 구매 + 신제품 고려 시 고객 불편 반영 필요
타고객 유사 전례: 신제품 형합 이슈 다수 → 초기 대응 시 환불/MCF 병행 사례 존재 (참고 필요)
충성 고객 여부: 총 주문 5건 / 환불 1건 → 충성고객 해당
※ 위 근거로 “제조상 결함 확인 불가, 고객 불편 고려 MCF 제공” 예정","제품 사용 중 불편을 겪으신 점 유감
사진 확인 결과 제조상 결함은 확인되지 않았음
예외적인 대체품 제공 예정(MCF 진행)",임영신 June 글로벌CX전략팀,"May 4, 4:29 PM
@
양숙랑 Grace 글로벌CX전략팀
 리더님, 
TCT chat log 와 먼데이 연동 (Zapier 이용)은 잘 되는 것으로 보여, 검토 중 치명적인 점을 발견하였습니다. 
현재는 trial (14일)이어서 별 문제 없이 모든 기능을 이용할 수 있었으나.. 무료로 전환되면 중간에 필터링되는 기능을 사용할 수 없다고 합니다 
그래서, TCT chat log 시트 내에 별도의 tab을 만들어, Zapier가 가져갈 데이터만 따로 모아주는 방법을 시도해보고자 하는데요. 이를 위해 TCT chat log 내 tab 생성을 해도 될까요? 
Zapier의 트리거를 '원본 시트'가 아닌 '리스팅 에러 전용 시트'에 새 행이 생길 때로 설정하여 무료 플랜을 그대로 유지할 수 있다면 좋을 것 같습니다.
+ 만약 TCT chat log 시트 내에 생성하여 데이터가 넘 무거워지는 문제가 우려되시면 ,새로운 시트에 연동하겠습니다~!
May 4, 4:29 PM"
김지우 Kevin 글로벌CX전략팀,https://spigenhelp.zendesk.com/agent/tickets/1000146293,"링크: https://spigenhelp.zendesk.com/agent/tickets/1000146293
국가 / 제품: DE / Waterproof Backpack
ASIN=B0DPY3XST4 / SKU=AMP07875
구매일자: 2025-10-10","1차: 짧은 사용 후 봉제선 터짐 → 사진 및 사용환경 요청
2차: 일상적 출퇴근 사용, 외부환경 영향 없다고 주장 → 사진 재요청
3차: 사진 제출 → 외부 요인/마모로 판단, 도움 불가 안내
4차: 제조 문제 주장하며 워런티 요구 → 50% 환불 제안
5차(현재): 환불 대신 무상 교환 요청 → 부분 환불 유지 필요","구매 6개월 25일 경과
(최근 2년) 총 주문 2개 / FBA 환불 0건 / 셀러 환불 0건 / 셀러 코드 발급 0건
사진상 봉제선 이탈 및 버클 파손 확인되나, 사용 기간 및 형태상 외부 요인/마모 가능성 존재
GCX 기준상 사용 중 발생한 파손으로 분류되어 전액 보상/교환 어려움
타고객 유사 전례: 장기간 사용 후 봉제/파손 이슈 → 부분 환불 또는 도움불가 처리 사례 다수
충성 고객 아님 (주문 2건)
※ 위 근거로 “제조상 결함 확인 불가, 고객 불편 고려 MCF” 예정","고객 상황에 대한 유감 표현
사진 확인 결과, 사용환경 및 외부 영향에 의한 파손으로 사료되며 제조상 결함은 확인되지 않음
예외적인 대체품 제공 예정(MCF 진행)",양숙랑 Grace 글로벌CX전략팀,"May 4, 4:54 PM
프로님. 링크가 1000146166으로 연결되네요. 잠시만요.
티켓확인해 볼께요.
May 4, 4:54 PM"
김지우 Kevin 글로벌CX전략팀,https://spigenhelp.zendesk.com/agent/tickets/100014634,"링크: https://spigenhelp.zendesk.com/agent/tickets/100014634
https://spigenhelp.zendesk.com/agent/tickets/1000146344
국가 / 제품: ES / iPad Air 11 Rugged Armor Pro
ASIN=B08HGZW3PJ / SKU=ACS02054
구매일자: 2026-04-20","1차: 케이스 장착 시 Pencil Pro 인식 불안정 → 영상 및 정보 요청
2차: 케이스 장착/미장착 비교 영상 제출 (출장으로 박스 미보유) → 영상 재첨부 요청
3차: 영상 재첨부 완료 → 로고 식별 요청
4차(현재): 로고 포함 사진 제출 완료 → 최종 검토 단계","구매 약 17일 경과
(최근 2년) 총 주문 1개 / FBA 환불 0건 / 셀러 환불 0건 / 셀러 코드 발급 0건
영상상 케이스 장착 시 Pencil Pro 인식 불안정 현상 확인되나, 구조적 간섭/사용 환경 요인 가능성 존재 (제조상 결함 단정 불가)
GCX 기준상 기능 간섭 이슈는 명확한 결함 입증 어려울 경우 워런티 제한적 적용
유사 클레임: iPad Air 11 + Pencil 연결 불안정 사례 (#1000145180
https://spigenhelp.zendesk.com/agent/tickets/1000145180
) → 고객 불편 고려 환불 처리
유사 배드리뷰: 
APIFY_Axesso
 (애플팬슬 연결 관련 근 1년간 5개)
※ 위 근거로 “제조상 결함 확인 불가, 고객 불편 고려 환불” 예정","제품 사용 중 불편을 겪으신 점 유감
확인 결과 제조상 결함은 발견되지 않았으나, 고객 불편을 고려하여 환불로 도움 예정",TCT log Report,"May 4, 5:31 PM
TCT Chat Log_GCX 마감보고
날짜: 2026-05-04
• Lazada log: 1 건
• Shopee log: 0 건
시트 링크
Lazada log
Shopee log
May 4, 5:31 PM"
김지우 Kevin 글로벌CX전략팀,https://spigenhelp.zendesk.com/agent/tickets/1000146524,"링크: https://spigenhelp.zendesk.com/agent/tickets/1000146524
국가 / 제품: DE / Galaxy Z Flip 5 Thin Fit Pro
ASIN=B0C6FVLRHH / SKU=ACS06845
구매일자: 2025-01-30",1차(현재): 힌지 스프링 장력 저하 및 노출 → 케이스 정상 작동 불가 + 노출 금속으로 인한 기기 후면 스크래치 발생 주장 → 케이스 교환 및 기기 손상 보상 요청,"구매 약 1년 3개월 경과
(최근 2년) 총 주문 6개 / FBA 환불 0건 / 셀러 환불 0건 / 셀러 코드 발급 0건
사진상 힌지 스프링 노출 및 구조 변형 확인되나, 장기간 사용에 따른 마모/외부 요인 가능성 존재 (제조상 결함 단정 불가)
기기 스크래치 관련하여 제품과의 직접 인과관계 입증 어려움 → 기기 보상 범위 아님
유사 전례: 힌지/구조 파손 + 기기 손상 주장 케이스 → 제품 환불만 가능, 기기 보상 불가 처리 다수 
총 주문 6건 / 환불 0건 → 충성고객 해당
※ 위 근거로 “제조상 결함 확인 불가, 고객 불편 고려 케이스 환불 only / 기기보상 불가” 예정","고객 상황에 대한 유감 표현
기기 손상에 대한 책임 입증이 어려움
당사 보증은 자사 제품 한정이며, 기기에 대한 보상은 불가한 점 양해 바람.
고객 불편을 고려하여 환불 도움 예정",나아름 Jane 글로벌CX전략팀,"May 6, 11:40 AM
@
김지우 Kevin 글로벌CX전략팀
 고객 영상 확인했습니다. 케이스도 저희 자사케이스 사용중인 충성고객이네요. 프로님  작성하신대로 MCF로 대체품 제공 부탁드립니다.
May 6, 11:40 AM"
임영신 June 글로벌CX전략팀,https://spigenhelp.zendesk.com/agent/tickets/1000146565,"https://spigenhelp.zendesk.com/agent/tickets/1000146565
국가 / 제품: IN /Spigen Ultra Hybrid Pro MagFit for Samsung Galaxy Z Fold 7 Case, Galaxy Z Fold 7 Back Cover (2025) - TPU+PC｜Clear White
ASIN: B0F1BMY84H
구매일자: 2026-02-28","1차: 2개월 전에 4천 루피나 주고 구매했는데 벌써 모서리가 깨지고 옆면이 부서져 교환 요청 (영상 첨부)
-> 바코드 사진 요청 (구매 1개월 경과) + 사용 환경 및 파손 경위 문의
2차: 패키지는 없음. 휴대폰이 무릎에서 떨어져 바닥에 부딪혔는데, 모서리가 깨져 있었고 몇 시간 후에 완전히 파손됨
-> 낙하등에 의한 외부요인으로 인한 파손은 제조상 결함이 아니므로 도움 불가 1차 안내
3차: 이해는 하지만 케이스가 손상될 정도로 심하게 떨어뜨린 것도 아닌데 파손되어 실망함. 자신은 지난 몇 년간 슈피겐 제품을 사용해 왔으며, 고가의 제품이라면 기본적인 낙하 정도는 견딜 수 있을 것이라고 기대했음. 1천 루피짜리 케이스가 기본적인 낙하에도 견디지 못한다면, 투자할 가치가 없는 것 같으며 그냥 일반 케이스를 구매했어도 됐을 것 같음. 자신이 오랫동안 슈피겐 고객이었다는 증거로 주문 내역 스크린샷을 첨부","(최근 2년) 총 주문 제품 3개 / FBA 환불 제품 0개 / 셀러 환불 0건 / MCF 발송 0건 - 충성 고객
구매 후 2개월 경과","고객 불편 유감
낙하로 인한 파손은 워런티 대상 아님 + 충성 고객인 점 고려하여 예외적으로 환불 100% 
동영상링크: https://drive.google.com/file/d/17lMqSXO_dmvcqNWp6QhwIxIGl3OAl_cw/view
open_in_new
Open in new tab
Unmute (m)
May 7, 3:40 PM",,
"2 unread,",https://spigenhelp.zendesk.com/agent/tickets/1000146265,"https://spigenhelp.zendesk.com/agent/tickets/1000146265
국가 / 제품: IE / iPhone 17용 EZ Fit Pro 글라스
ASIN: B0FCFC9WL2
구매일자: 2025-10-18","1차: 최근 주변광 센서(ambient light sensor)가 작동을 멈춰 Apple 서비스 센터에 점검한 결과 글라스로 인해 발생한 문제로 확인함. 글라스를 제거하자 센서가 다시 정상적으로 작동하였음. 글라스에 눈에 보이는 손상이나 스크래치는 없는 완벽한 상태이지만 부착한 상태에서는 이 문제가 계속 발생하여 워런티 적용 요청.
-> Apple 서비스 센터 점검한 결과를 확인할 수 있는 증빙 + 부착되어 있는 글라스 상태 확인할 수 있는 사진 + 바코드 사진 + 문제 인식 발생 시기 요청
2차: Apple 서비스 센터의 검사 보고서는 없음. Apple의 서비스 정책에 따라 기기 검사를 위해 제출할 때는 액정 보호 필름이나 외부 액세서리가 부착되지 않은 기기 본체만 접수함. 아울러 보호 글라스를 이미 제거했기 때문에 제품 상태에 대한 사진을 제공할 수 없음. 제품 박스도 더 이상 가지고 있지 않음. 주변광 센서 문제는 약 4~5주 전에 처음 발견하였는데, 당시에는 부착된 보호 글라스가 원인이라고는 생각하지 못했음. 6년 넘게 슈피겐의 충성 고객이었는데, 연락한 것은 처음이기에 이 문제에 대해 도움 요청함.","(최근 2년) 총 주문 제품 2개 / FBA 환불 제품 0개 / 셀러 환불 0건 / MCF 발송 0건
구매일: 2025.10.18 (6개월 경과)","고객 불편 유감
유관 부서 확인 결과 유사 사례 보고된 바 없음 
EZ Fit Slim 글라스와 ambient light sensor 문제의 인과 관계가 확인되지 않아 도움 불가",나아름 Jane 글로벌CX전략팀,"May 6, 2:53 PM
@
김지우 Kevin 글로벌CX전략팀
 프로님,
사실 저희 내부자료를 고객에게 공개할 의무는 없을 것 같은데요,
이 고객은 갤럭시 유저지만, 동일 제품의 아이폰으로 테스트한 내부 결과는 있으니 하기 안내로 재안내해도 될 것 같습니다. 
1. 문의하신 제품은 1.2m 높이에서 26번 낙하 테스트 통과한 MIL규격 획득한 제품
2. 요청하신 테스트 보고서 전문은 회사 내부 기밀 문서이므로 회사 방침상 공개 배포가 불가함
3. 아울러 충격 각도, 표면 종류, 주변 환경 등 다양한 변수에 따라 보호 수준이 상이할 수 있는 점 유의 바람
4. 고객 요청한 내부자료 공유가 어려운 점 양해바람
May 6, 2:53 PM"
김지우 Kevin 글로벌CX전략팀,https://spigenhelp.zendesk.com/agent/tickets/1000145956,"링크: https://spigenhelp.zendesk.com/agent/tickets/1000145956
국가 / 제품: UK / iPhone 13 Pro Max Ultra Hybrid MagFit
ASIN=B096HJ74RK / SKU=ACS03210
구매일자: 2025-05-11","1차: 케이스 황변 주장 (사진 첨부) → 이전 티켓과 동일 사진 확인되어 도움 불가 안내
2차: 신규 사진 재첨부 → 화질 및 식별 불가 + 기존 예외 환불 이력 기반 도움 불가 재안내
3차(현재): 과거에는 환불 받았는데 왜 이번엔 불가한지 이의 제기 → 정책 변경 여부 문의","구매 약 11개월 경과
(최근 2년) 총 주문 2개 / FBA 환불 0건 / 셀러 환불 1건 / 셀러 코드 발급 0건
이전 티켓(#1000104576)에서 동일 제품 황변으로 폐기 사진 확인 후 100% 환불 이력 존재
동일 사진 재사용 → 사진 도용/재활용 명확, 관리대상 고객 등록 완료
신규 제출 사진 또한 식별 불가 수준으로 제품 확인 어려움
황변은 사용 환경 및 외부 요인에 의해 발생 가능 (제조상 결함 단정 불가)
동일 사유로 이미 예외적 보상 1회 제공된 고객 → 추가 예외 제공 불가
강한 불만은 아니나 “이전과 다른 처리”에 대한 지속 이의 제기
※ 위 근거로 “기존 예외 보상 이력 + 사진 도용 이력 기반 추가 지원 불가” 예정","고객 상황에 대한 유감 표현
황변의 경우, 형광등, 자외선 노출, 충전기 발열, 화장품 등 다양한 유저의 사용환경 및 외부요인에 의해 발생될 수 있음
워런티 도움 불가한점 양해 바람(도움불가 3차 안내)
(재인입 시 NRN 처리)",양숙랑 Grace 글로벌CX전략팀,"May 6, 4:03 PM
네. 프로님. 도움불가로 안내 부탁 드려요
May 6, 4:03 PM"
"4 unread,",https://spigenhelp.zendesk.com/agent/tickets/1000145497,"https://spigenhelp.zendesk.com/agent/tickets/1000145497
국가 / 제품: IT / Spigen Cinturino Dura Pro Flex in Tessuto Compatibile con Samsung Galaxy Watch Ultra 47mm (2025/2024) - Nero
ASIN: B0DD5BLXQF
구매일자: 2026-04-23","1차 요약: Galaxy Watch Ultra용 Dura Pro Flex을 구매했는데, 사용 2일 만에 약간의 힘이 가해지자 스트랩이 분리되면서 스트랩이 분리되면서 워치가 떨어졌고, 그 결과 워치가 파손됨.
해당 제품은 명백히 비정상적인 제품이라고 판단되며, 손해배상 청구를 포함한 법적 대응도 고려 중임. (사진 첨부)
-> Order ID & 사진 & 추가 설명 요청
2차 요약: 아내와 함께 춤을 추던 중 갑자기 워치가 분리되며 떨어져 바닥에 디스플레이 부분이 부딪혔음. 주워서 확인해 보니 화면이 깨져 있었고 케이스에 고정하는 버클도 거의 떨어져 나간 상태였음 (스트랩과 함께 구매한 슈피겐 EZ Fit Slim도 함께 부착함). 참고로 해당 워치는 사용한 지 채 2개월도 되지 않았음.
항상 슈피겐 제품이 품질이 좋다고 생각해 구매해 왔으나, 이번에는 큰 실망과 함께 큰 손해를 입게 되었다고 함.
*최초 인입 시 첨부한 것과 동일한 사진 재첨부함
-> 기기보상불가 + 환불 only 가능 제안 (2개 제품 모두)
3차: 제품에 대한 전액 환불에는 동의하지만 자신이 입은 손해(약 200~250유로)에 대해 최소한 일부라도 책임을 인정하지 않는 것은 부당함. 분명히 정품 스트랩을 사용했더라면 이번 사고는 발생하지 않았을 것이며 당시 상황도 매우 평온한 상태였음을 분명히 말씀드림. 더 정확히 말하면, 이 시계는 제조사에 의해 극한 환경에서도 사용할 수 있도록 판매 및 홍보된 제품임. 만약 귀사의 제품이 이러한 사용을 감당할 수 없다면 반드시 이를 매우 명확하게 눈에 띄게 표시해야 함. 슈피겐의 입장이 계속 이렇다면 오늘 오후에 변호사와 상담 일정을 잡겠음.
(추가 메시지) 아마존 제품 페이지에 다양한 활용성과 내구성/지속성을 홍보한 이미지 첨부드림(안전하고 강한 그립을 위한 아연 합금 내구성 버클 - 하이라이트 표시). 이러한 특징들이 정상적인 일상 사용에서는 전혀 충족되지 않았음. 만약 책임을 인정하지 않는다면 허위·과장 광고에 기만당했다고 느껴 (또한 충성 고객으로서 배신감도 느낌), 소비자 권리를 보호하기 위해 법적 대응을 진행할 것임을 분명히 밝힘.","(최근 2년) 총 주문 제품 2개 / FBA 환불 제품 0개 / 셀러 환불 0건 / MCF 발송 0건
구매일: 2026.04.23 (어제 문의 시점 기준 4일 경과)","고객 불편 유감
고객 의견 유관 부서 전달+기기보상 불가 안내+ 구매한 두개 제품(보호필름 포함) 모두 환불",임영신 June 글로벌CX전략팀,"Apr 28, 4:18 PM
@
양숙랑 Grace 글로벌CX전략팀
 리더님, 이 클레임 재인입되어 보고드립니다. 
해당 결정에 전혀 동의하지 않음. 만약 귀사의 입장이 바뀌지 않는다면 자신의 변호사와 상의할 예정임. 어제 약 160유로의 수리 견적을 받음. 이 정도 금액이면, 자신이 신뢰하고 있던 귀사에서 다른 방식으로 해결해 주실거라고 기대했음. 적어도 일부라도 비용을 분담해주는 방식이었어야 한다고 생각하는데, 고객에 대한 배려가 매우 부족한 것 같음. 환불 자체는 아마존을 통해서도 받을 수 있었고, 현재 갖고 있는 제품들은 시계가 없으면 사용할 수 없기 때문에 사실상 아무 쓸모가 없음.
워치 사용 기간이 2개월에 불과하고, 예상치 못한 기기 파손으로 마음이 많이 상한 고객입니다 
별도의 도움 줄 수 있는 방법이 없어 안타깝네요. 고객이 법적대응을 예고하였으므로 리더님께 보고드립니다.
Apr 28, 4:18 PM"
임영신 June 글로벌CX전략팀,https://spigenhelp.zendesk.com/agent/tickets/1000145379,"https://spigenhelp.zendesk.com/agent/tickets/1000145379
국가 / 제품: UK /Spigen Slim Armor Pro MagFit Case for Samsung Galaxy Z Fold 7, Compatible with MagSafe Accessories - Black
ASIN: B0F1BGJNHX
구매일자: 2025-09-15","1차 : Galaxy Z Fold 7용 SA Pro MagFit 케이스 힌지 부분에 금이 간 것을 발견 후 조금 있다가 그 부분의 일부가 아예 떨어져 나감. 큰 충격이 있었던 적은 없고 힌지 부분이 자체적으로 문제가 생긴 뒤 결국 부러진 것 같음. 이 정도 가격의 케이스라면 7개월보다 더 오래 사용 가능해야 한다고 생각함.
-> 사용 중 생긴 결함 1차 안내 (환불 X)
2차: 파손의 외부 요인은 없었음. 고가의 케이스로서 이처럼 파손되는 것은 납득하기 어렵고, 가격에 맞는 품질과 내구성이 보장되어야 함. 제품이 기대 수준만큼 유지되지 않았다고 판단하며, 이는 영국 소비자 보호 기준에도 부합하는 주장이라고 언급함. 환불이 아닌 교체 또는 수리요청
-> 사진 요청
3차: 힌지 부분이 거의 부러져 내부가 보임. 위쪽 힌지도 약해지며 갈라지는 중. 두 군데에서 문제가 생김.
-> 예외적 50% 환불 제안
4차: 50% 환불을 원하지 않음. 전액 환불을 해주던지 새 케이스로 교체 요청. 케이스의 저하된 품질로 인해 7개월 만에 파손됨. £15짜리 저렴한 케이스면 몰라도 £50나 되는 케이스로서 용납할 수 없음.
-> 거부 시, 예외적 50% 환불 2차 제안
5차: 영국의 소비자 법 사이트 링크 전달하며, 상황을 잘 이해를 못하고 있는 것 같음.
해당 케이스는 내구성이 떨어짐. 문제를 해결해 주거나, 그렇지 않을 경우 아마존에 불만 접수 절차를 진행하겠음.","(최근 2년) 총 주문 제품 2개 / FBA 환불 제품 0개 / 셀러 환불 0건 / MCF 발송 0건
구매 후 7개월 경과
현재 재고 있음 (126 fulfillable)","고객 불편 유감
고객 의견 유관 부서 전달+고객 사진으로부터 제조상의 결함 파악되지 않음+ 그러나 고객 불편 고려하여 대체품 제공으로 도움 드리고자 함+ 동의시 정보 요청
Apr 28, 11:19 AM",,
"3 unread,",https://spigenhelp.zendesk.com/agent/tickets/1000145552,"https://spigenhelp.zendesk.com/agent/tickets/1000145552
국가 / 제품: UK /Spigen Ultra Hybrid Case Compatible with Google Pixel 7 Pro - Crystal Clear
ASIN: B09YMV3TXX
구매일자: 2024-05-09","1차: (#1000143296 의 후속 티켓) 케이스를 일상에서 평범하게 사용했는데 TPU가 분리됨. 아직 워런티 기간 내이니 교체 요청. (사진 첨부)
-> 사용 중 생긴 결함 1차 안내 (환불 X)
2차: 단순 마모가 아닌, 백판과 범퍼 사이 접합 불량으로 인한 제조 결함임. 보증 정책상 정상 사용 중 발생한 소재 및 제조 결함은 보증 대상임. 구매일과 관계없이 보증 기간(2년) 내 문제임. 해당 건의 재검토 또는 필요 시 상위 부서로의 에스컬레이션을 요청함.
-> 사용 중 생긴 결함 2차 안내 (환불 X)
3차: 아직 2년 보증 기간 내에 있으며, 뒷판이 범퍼에서 분리되는 현상이 어떤 외부 충격 없이 정상적인 사용 중에 발생함. 귀사의 보증 정책에 따르면 정상적인 사용 환경에서 발생한 소재 및 제조상의 결함은 보증 기간 내에 보증 대상이라고 명시되어 있음. 제품이 의도된 방식으로 사용되는 중에 문제가 발생했으며, 아직 보증 기간 내에 있는 만큼 상위 관리자 또는 보증 검토 팀에 이관하여 재검토 요청.
-> 도움 불가 (최종 안내, 재인입시 NRN)
4차: 교환, 수리 등 최종 입장을 알려주길 요청.
-> NRN
5차: 아직까지 답변을 받지 못함. 소비자 법 언급하며 워런티 재요청. 7일 이내로 미답변 시 판매점 및 기타 적절 채널을 통해 문제를 제기할 것임.","(최근 2년) 총 주문 제품 2개 / FBA 환불 제품 0개 / 셀러 환불 0건 / MCF 발송 0건
구매 후 1년 10개월 경과",NRN,임영신 June 글로벌CX전략팀,"Apr 28, 4:23 PM
@
양숙랑 Grace 글로벌CX전략팀
 리더님, 이 티켓 확인 부탁드립니다.
Apr 28, 4:23 PM"
김지우 Kevin 글로벌CX전략팀,https://spigenhelp.zendesk.com/agent/tickets/1000143929,"링크: https://spigenhelp.zendesk.com/agent/tickets/1000143929
국가 / 제품: IN / Galaxy S26 Ultra Air Skin Aramid MagFit
ASIN=B0FVB22GHK / SKU=ACS11029
구매일자: 2026-03-12","1차: 코팅 벗겨짐 → 추가 사진 및 바코드 요청
2차: 코팅 자연 박리 주장 및 제조 결함 강력 주장 → 외부 요인 안내 + 도움 불가
3차: CEO CC 및 법적 대응 언급 → 제조 결함 재부인 + 도움 불가 유지
4차(현재): 법적 조치 재언급 및 리더십/법무팀 escalation 요구 → NRN 유지 (추가 대응 불가)
→ 강성 컴플레인 및 법적 위협 지속이나 제조상 결함 확인 불가로 NRN 유지 대응
#강성대응 #법적위협 #NRN유지","구매 약 1개월 경과
(최근 2년) 총 주문 2개 / FBA 환불 0건 / 셀러 환불 0건 / 셀러 코드 발급 0건
사진상 코팅 벗겨짐 확인되나, 외부 환경/사용 영향 가능성 배제 불가
GCX 기준상 명확한 제품 기인 결함 입증 불가 → 보상 제외 케이스
타고객 유사 전례 #1000110842, #1000110909 → IN 고객 강성 클레임 동일하게 도움 불가/NRN 유지 사례 존재
IN 고객 + 법적 대응 언급 + 반복 재인입 → 블랙컨슈머 가능성 존재
ADS IN 측 NRN 컨펌 완료
※ 위 근거로 “제조상 결함 확인 불가, 반복 클레임으로 NRN 유지(도움 불가)” 예정",NRN유지,나아름 Jane 글로벌CX전략팀,"Apr 29, 11:55 AM
@
김지우 Kevin 글로벌CX전략팀
 프로님, 이전에 인도사업부 확인하여 NRN 처리한 점 확인했습니다. NRN 유지부탁드리겠습니다. 다만, 재인입 시 대표님 CC 추가되면 다시 한번 인도사업부에 알릴 필요가 있을 것 같습니다.
Apr 29, 11:55 AM"
임영신 June 글로벌CX전략팀,https://spigenhelp.zendesk.com/agent/tickets/1000145509,"https://spigenhelp.zendesk.com/agent/tickets/1000145509
국가 / 제품: IT / EA2205MQ 보조 배터리
ASIN: B0FP4R53ZH
구매일자: 2025-12-12","1차: 보조 배터리가 부풀어 올라 변형되고 양쪽 측면이 분리됨 (사진 첨부)
-> 슈피겐 로고가 보이는 사진 요청
2차: 사진 첨부","(최근 2년) 총 주문 제품 2개 / FBA 환불 제품 0개 / 셀러 환불 0건 / MCF 발송 0건
현재 재고 있음 (301 fulfillable)","고객 불편 유감
고객 의견 유관 부서 전달+불편 고려하여 대체품 제공 도움 드리고자 함+ 동의시 정보 요청
Apr 29, 5:05 PM",,
임영신 June 글로벌CX전략팀,https://spigenhelp.zendesk.com/agent/tickets/1000145502,"https://spigenhelp.zendesk.com/agent/tickets/1000145502
국가 / 제품: DE / Spigen Glas.tR
 EZ Fit Pro Schutzfolie kompatibel mit Samsung Galaxy S26 Ultra, 2 Stück, inklusive Installationskit, Kratzfest, Kristallklar, 10H+ Härte Folie
ASIN: B0G7S8J7SJ
구매일자: 2026-04-22","1차: Galaxy S26 Ultra용 EZ Fit Pro 글라스 사용 중 지문 인식이 제대로 작동하지 않고 지문 재등록 및 터치 민감도 높였으나 개선되지 않았음. 여러 개의 지문 등록을 시도했으나 동일 이슈가 발생했고 부착 상태와 제품 자체는 만족스러움. 지문 인식 문제에 대한 추가 해결 방법 문의
->지문 등록 안내 + 이슈 지속될 경우 영상 + 바코드 사진 요청
2차: 안내한 모든 단계를 이미 시도했으나 지문 센서가 여전히 간헐적으로만 작동하거나 아예 작동하지 않음(바코드 사진 첨부). 글라스를 이미 부착해서 반품할 수 없고 이슈를 보여주는 영상을 촬영하기가 어려움
->영상 없이 도움 불가 + 영상 재요청 
3차: 영상은 도움되지 않아 보내지 않음. 많은 고객이 언급한 이슈임. 기본 이상의 솔루션 기대했음. 배드리뷰 예고. 문의 종료.",(최근 2년) 총 주문 제품 2개 / FBA 환불 제품 0개 / 셀러 환불 0건 / MCF 발송 0건,"고객 불편 유감
고객 의견 유관 부서 전달+불편 고려하여 환불 도움 드리고자 함
Apr 29, 5:10 PM",,
임영신 June 글로벌CX전략팀,https://spigenhelp.zendesk.com/agent/tickets/1000145656,"https://spigenhelp.zendesk.com/agent/tickets/1000145656
국가 / 제품: DE / Spigen Liquid Air MagFit für Samsung Galaxy S26 Ultra Hülle [rutschfest] Slim TPU mit Truss-Design, Militärgeprüfter Schutz Case Handyhülle, Kompatibel mit MagSafe -Marble Gray
ASIN: B0FVBF3CDJ
구매일자: 2026-04-25","1차: Galaxy S26 Ultra용 EZ Fit Pro 글라스(B0G7S8J7SJ) 첫 번째 장은 전혀 붙지 않았고, 포장을 뜯었을 때 ""Pull""라고 적힌 얇은 필름이 이미 떨어져 있는 상태였음.
두 번째 장은 문제없이 잘 붙었지만 아쉽게도 한 장만 사용할 수 있었음.
-> 제품 상태 및 바코드 사진 요청
2차: 설명서대로 30초 기다린 후 접착면을 떼어내고 플라스틱 보호필름을 들어 올렸는데 전혀 붙지 않았음. (사진 첨부) 아울러 Spigen Glas.tR
 EZ Fit Pro Anti-Reflective (B0G877D436)제품도 있는 걸 봤는데, 일반 EZ Fit Pro (B0G7S8J7SJ) 버전과 비교했을 때 단점이 있는지 문의.
삼성 디스플레이 자체의 반사 방지 코팅을 활용하는 건지, Galaxy S26 Ultra 디스플레이의 Privacy 보호 기능에 영향을 주는지 문의.",(최근 2년) 총 주문 제품 5개 / FBA 환불 제품 0개 / 셀러 환불 0건 / MCF 발송 0건,"고객 불편 유감+불편 고려하여 예외적으로 대체품 제공 드림+동의시 정보 요청 
S26 프라이버시 기능 관련, 고객 문의에 답변(담당자에 문의 예정)
Apr 30, 2:22 PM",,
임영신 June 글로벌CX전략팀,https://spigenhelp.zendesk.com/agent/tickets/1000145741,"https://spigenhelp.zendesk.com/agent/tickets/1000145741
국가 / 제품: UK /     
Spigen Waterproof Backpack IPX6 35L Roll Top Rucksack Fits up to 16 Inch Laptop, Multi-Compartment Ventilated Back, Chest Strap Snow Winter Hiking, Skiing, Camping, Snowboarding, Rain, Fishing - Black
ASIN: B0DPY3XST4
구매일자: 2026-01-14","약 3개월 동안 정상적으로 사용했고, 충격이나 오용, 과도한 힘을 가하지 않았는데 앞쪽 지퍼/ 잠금장치가 파손됨. 제조 또는 재료 결함으로 보임. 제품 교환 요청 (사진 첨부)","(최근 2년) 총 주문 제품 9개 / FBA 환불 제품 0개 / 셀러 환불 0건 / MCF 발송 0건-> 충성 고객
재고: 31 fulfillable
동일 제품에 대한 참고 티켓 [파손 및 마감불량]
https://spigenhelp.zendesk.com/agent/tickets/1000114717
https://spigenhelp.zendesk.com/agent/tickets/1000137194","고객 불편 유감
고객 사용 기간동안 발생된 일반적인 마모 및 외부 환경으로 인한 파손은 워런티 제공 대상이 아님 + 단, 고객 불편 고려하여 예외적 환불 도움 드리고자 함
Apr 30, 3:18 PM",,
임영신 June 글로벌CX전략팀,https://spigenhelp.zendesk.com/agent/tickets/1000145697,"https://spigenhelp.zendesk.com/agent/tickets/1000145697
국가 / 제품: DE / Spigen iPhone 17 Pro Hülle Ultra Hybrid MagFit [c11 Edition]
ASIN: B0FGN2NQQF
구매일자: 2026-04-23","1차: 휴대폰을 장,탈착하다가 케이스 측면이 파손되었음. 제조 결함인지 및 대체품 제공 여부 문의함 (사진 첨부)
->제품 전체 및 바코드 사진 + 이슈 발생 경위
2차:  패키지는 찾았으나 케이스는 폐기함","(최근 2년) 총 주문 제품 1개 / FBA 환불 제품 0개 / 셀러 환불 0건 / MCF 발송 0건
(재고: 9)","고객 불편 유감
고객 사용 과정의 파손은 워런티 제공 대상이 아님+ 도움 불가 1차 안내
Apr 30, 3:23 PM",,
임영신 June 글로벌CX전략팀,https://spigenhelp.zendesk.com/agent/tickets/1000146090,"https://spigenhelp.zendesk.com/agent/tickets/1000146090
국가 / 제품: IN / PA2400 보조 배터리
ASIN: B0DMDZLW97
구매일자: 2025-05-02","(이전티켓:#1000135616, 26년 1월 인입) 사용한지 얼마 되지 않아, 충전되지 않음
-> 인도 지사에서 대체품 제공 (마지막 커뮤니케이션 1/27 기록)
(이번 티켓) 대체품 받았으나 여전히 작동하지 않음. 동일 제품에서 문제가 반복되고 있고, 보증 기간 내인 점을 고려하여 전액 환불 또는 교체를 요청",(최근 2년) 총 주문 제품 1개 / FBA 환불 제품 0개 / 셀러 환불 0건 / MCF 발송 0건,"고객 불편 유감
대체품은 워런티 제공 대상 아니나, 고객 불편 고려하여 예외적 환불 도움 드림
May 4, 10:16 AM",,
임영신 June 글로벌CX전략팀,https://spigenhelp.zendesk.com/agent/tickets/1000145994,"https://spigenhelp.zendesk.com/agent/tickets/1000145994
국가 / 제품: IN / Spigen PE2302 GaN 65W USB-C, USB-A Type Three Port Super Fast Wall Charger with PPS, for iPhone 16/15/14/13/12, Samsung Galaxy S24, S23, S22, Flip and Fold Series, Oneplus, Vivo and More
ASIN: B0DL6DG9DQ
구매일자: 2024-11-24","1차: PE2302 어댑터가 현재 완전히 작동하지 않으며 3개 포트 모두 충전이 되지 않아 워런티 요청함 (구매 17개월 경과)
-> 아마존 인도의 Amazon Wholesale (India) Private Limited를 통해 구매한 것으로 확인되어, 아마존으로 직접 연락 요청 
2차: 아마존으로 연락하라는 답변에 대해 이해되지 않는다고 하며, 2년 보증 내용 스크린샷 첨부 
+인도지사 메세지 인입: HQ에서 딜링 요청
3차: 고객 재인입 (해결 요청)",확인 불가 (제품 구매후 1년 5개월 경과),"고객 불편 유감
고객 의견 유관 부서 전달+영상에서 제조상 결함 확인 어려우나 고객 불편 고려하여 환불 도움 드림
May 4, 10:27 AM",,
"6 unread,",https://spigenhelp.zendesk.com/agent/tickets/1000145925,"https://spigenhelp.zendesk.com/agent/tickets/1000145925
국가 / 제품: IN / 
(1) Spigen Ultra Hybrid MagFit Back Cover Case Compatible with iPhone 17 (TPU + Poly Carbonate | Zero One Black)
ASIN: B0FD2WVSPN
구매일자: 2026-02-10 (구매후 2개월)
(2)  Spigen Ultra Hybrid Magfit Back Cover Case Compatible with iPhone 16 Pro Max (TPU + Poly Carbonate | Neo One)
ASIN: B0D9MWR2D1
구매일자: 2025-04-02 (구매후 1년 1개월)","황변 클레임 
2개의 구매 제품 중 (1)에 대해, 
5/2에 인입된,  iPhone 16 Pro Max용 UH MagFit 케이스 측면 황변에 대해(이전 티켓 #1000103823): 완전한 폐기 사진 보내주시면 환불로 도움 안내 2차례 안내드렸으나, 미제공 및 미회신
이전 환불 티켓)
#1000103823 (Order ID: 407-2047822-3808366) iPhone 16 Plus용 UH MagFit 케이스 황변-> 예외적으로 X 표시한 사진 확인 후 환불
#1000080045 (Order ID: 407-0057479-1353908) iPhone 15 Plus용 UH MagFit 케이스 황변-> X 표시한 사진 확인 후 환불
상이한 2개의 메일 계정 사용)
#1000144708, #1000144705, #1000080045: pingsaad@gmail.com
본 티켓 #1000145925, #1000103823, #1000082203: heythisissaad@gmail.com",(최근 2년) 총 주문 제품 13개 / FBA 환불 4건 / 셀러 환불 2건,"고객 불편 유감 
이전에도 동일한 사유로 문의 주셔서 2회 워런티 제공함 + 예외적 도움 지속 불가 양해 부탁",임영신 June 글로벌CX전략팀,"May 6, 9:30 AM
@
양숙랑 Grace 글로벌CX전략팀
 리더님, 안녕하세요. 
위 고객 어뷰징 (황변으로 환불 2회 이력) 의심되어 도움 불가 대응 한 후, 클레임 재인입되었습니다. 
변색되지 않을 것이라고 생각하고 구입했는데 왜 환불이나 교환을 해주지 않는지 항의
동일하게 도움 불가 2차 안내 하도록 하겠습니다. 확인 부탁드립니다.
May 6, 9:30 AM"
임영신 June 글로벌CX전략팀,https://spigenhelp.zendesk.com/agent/tickets/1000145866,"https://spigenhelp.zendesk.com/agent/tickets/1000145866
국가 / 제품: IN / Spigen Dashboard Car Mobile Holder, Dual VacuumLock & 360° Flexible View, Super Strong N52 Magnet for iPhone 17/16/15/14/13/12 Series & PixelSnap Pixel 10 Series (MFT36) - Black
ASIN: B0FZF7B3M9
구매일자: 2026-03-10",MFT36 차량용 거치대를 고정하는 나사가 분리되었고 iPhone 14 Pro와 사용했음(영상 첨부),(최근 2년) 총 주문 제품 1개 / FBA 환불 제품 0개 / 셀러 환불 0건 / MCF 발송 0건,"고객 불편 유감 
첨부 영상에서 제조상의 결함 파악되지 않음+ 그러나 고객 불편 고려하여 예외적 환불 도움
May 4, 10:42 AM",,
임영신 June 글로벌CX전략팀,https://spigenhelp.zendesk.com/agent/tickets/1000145949,"https://spigenhelp.zendesk.com/agent/tickets/1000145949
국가 / 제품: IN / Spigen Ultra Hybrid S MagFit | Samsung Galaxy S26 Ultra Case [Reinforced Kickstand] [Transparent] Galaxy S26 Ultra Back Cover | TPU+PC - Clear White
ASIN: B0FVBPTQT2
구매일자: 2026-03-07","1차: 폐기 사진 첨부 및 환불 또는 대체품 요청함->폐기 영상 요청
*케이스 내부 슈피겐 및 제품명 각인 상이하며 킥스탠드가 절단된 모습이 사진 편집 의심되어 폐기 영상 요청함
2차: 반복된 요청에 컴플레인 및 한 달 만에 케이스가 황변되었는데 솔루션을 제공하지 않고 추가 정보를 여러 번 요구하고 있음. 이전에 슈피겐 로고가 확인되는 폐기 사진을 제공했고 폐기한 케이스는 사용할 수 없으므로 버렸음
요청 사항에 따랐으며 현 상황에서 영상 제출은 불가하며 제공한 사진으로 환불 처리할 충분한 조건이 된다고 생각함.  실망스럽고 더 이상 슈피겐 제품을 사용하지 않기로 결정했으므로 환불이나 대체품도 필요치 않음",(최근 2년) 총 주문 제품 6개 / FBA 환불 제품 0개 / 셀러 환불 0건 / MCF 발송 0건,"고객 불편 유감
사용 환경 및 외부 환경에 의한 이염/이슈 등은 제조상 결함이 아니므로 워런티 적용 대상 아님
그러나 고객 불편 고려하여, 예외적으로 환불 도움 드리고자 함
May 4, 11:01 AM",,
임영신 June 글로벌CX전략팀,https://spigenhelp.zendesk.com/agent/tickets/1000145737,"https://spigenhelp.zendesk.com/agent/tickets/1000145737
국가 / 제품: IN / Spigen DuraPro Flex Ultra for Apple Watch Series 10 Strap 46mm, Apple Watch Ultra 2/Ultra 49mm, 9/8/7 45mm, SE2/SE/6/5/4 44mm, 3/2/1 42mm Strap Band - Black
ASIN: B0BNM3SCNL
구매일자: 2025-07-08","1차: Apple Watch Ultra 49mm용 DuraPro Flex Ultra 스트랩을 구매한 지 1년이 되지 않았는데 스트랩 버클이 부식 및 산화되었고 정상적인 환경에서 사용했는데 빨리 손상되어서 실망스러움. 워런티에 따른 솔루션 제공 바람(사진 첨부)
->사용 중 생긴 결함 1차 안내 (환불 X)
 2차: 마모라는 답변이 실망스럽고 9개월 밖에 되지 않았는데 슈피겐과 같은 브랜드에서 예상한 품질이 아님. 솔루션 제공이 어렵다면 이해하지만 유사한 제품보다 가격도 높은데 1년도 되지 않아 손상된 제품 상태는 납득하기 어려움. 슈피겐의 일반적인 품질 기준인지 확인 바라며 답변에 따라 추후 구매에 영향을 미치게 될 것 같음
->사용 중 생긴 결함 2차 안내 (환불 X)
3차: 1년도 되지 않은 제품의 버클에서 발생한 부식 및 산화 현상임. 프리미엄 브랜드인 슈피겐은 제조 결함에 대한 소재의 내구성을 보장해야 함. 정상적인 사용 후 9개월 이내에 발생한 이슈에 대해 허용 가능한 품질 기준으로 간주하는지 공식적인 확인을 받을 수 있도록 이관 바람
자세한 검토를 바라며 처리가 되지 않을 경우 포럼에 리뷰를 작성하겠음
이전 티켓)
#1000110969 Apple Watch Ultra 2용 DuraPro Armor 스트랩의 메탈 부분이 손목뼈에 계속 마찰을 일으켜 장시간 착용 시 매우 불편함->제품 결함 확인 할수 없음 + 스트랩을 손목 사이즈에 잘 조율하여 착용을 권장함 + 착용 방식 및 개인 편차로 인한 불편은 제조상의 결함이 아니므로 워런티 도움 불가
#1000033611 iPhone 15 Pro용 EZ Fit 글라스 깨짐->환불
#1000049988 Apple Watch Ultra 49mm용 EZ Fit 글라스 깨짐->환불
#1000072485 #1000075516 #1000080071 iPhone 15 Pro용 UH MagFit 케이스 황변->폐기 사진 요청 후 케이스를 버려서 제공 불가함","아마존 계정 2개 확인됨 
wtqdy0rww003v86@marketplace.amazon.in
     (최근 2년) 총 주문 제품 6개 / FBA 환불 제품 2개 / 셀러 환불 0건
2. 4c3ccs337cn3j7z@marketplace.amazon.in
     (최근 2년) 총 주문 제품 1개 / FBA 환불 제품 1개 / 셀러 환불 0건","고객 불편 유감
버클 부분의 부식은 사용 과정에서 발생한 제품 상태로 워런티 대상 아님+도움불가 3차 안내 (이후 NRN)
May 4, 11:17 AM",,
임영신 June 글로벌CX전략팀,https://spigenhelp.zendesk.com/agent/tickets/1000146029,"https://spigenhelp.zendesk.com/agent/tickets/1000146029
국가 / 제품: JP /  Valentinus MagFit wallet
ASIN: B08NFJ7Z3J
구매일자: 2026-04-28","1차: 장착할 때마다 충전 표시가 나타나는데 부착된 스마트폰에 문제가 생기지 않는지 문의함. 
->  스마트폰에 부착 상태를 보여주는 사진, 충전 마크 스크린 샷, 부착한 스마트폰 기종, 바코드 사진 요청
2차 요약: 사진 첨부함. iPhone 17에 부착해서 사용 중이며 패키지는 버림.",(최근 2년) 총 주문 제품 1개 / FBA 환불 제품 0개 / 셀러 환불 0건 / MCF 발송 0건,"고객 불편 유감
지갑을 뒷면에 착 붙였을 때 화면에 동그란 원 모양의 애니메이션이 뜨면서 소리나 진동이 울릴 수 있음. 이는 아이폰이 ""맥세이프 액세서리가 연결되었다""라고 알려주는 표시이지, 배터리가 충전되고 있다는 표시(번개 모양)는 아님 안내. 
앞으로도 슈피겐 제품에 대햔 지속적인 관심과 사용 부탁 드림
May 4, 11:27 AM",,
임영신 June 글로벌CX전략팀,https://spigenhelp.zendesk.com/agent/tickets/1000145995,"https://spigenhelp.zendesk.com/agent/tickets/1000145995
국가 / 제품: JP / Spigen 【Made for Google 公式認定】 Pixel 10a ケース MagSafe対応 米軍MIL規格 透明 ストラップホール 耐衝撃 ウルトラ・ハイブリッド・マグフィット (クリア・ホワイト)
ASIN: B0FZQ1LS5Y
구매일자: 2026-04-29","1차: Pixel 10a용 EZ Fit Pro의 상자 하단의 봉인 스티커가 잘려있어 개봉된 흔적이 있는데 중고품인지 문의함 (패키지 사진 첨부함, LPN 미확인) 
-> 배송 중 파손에 대한 아마존 책임 + 아마존 CS로 연락 부탁 
2차: 배송에 대해 문의하는 것이 아닌 개봉된 상품을 판매하는지 묻고 있음. 개봉된 것뿐만 아니라 구성품이 누락되었을 가능성이 있는지도 설명해주기 바람.  답변이 없으면 Spigen이 개봉된 상태이며, 구성품 누락 가능성이 있는 제품을 판매하고 있다고 이해하겠음
-> 개봉, 중고 제품은 판매하지 않으며, 반품 상품은 폐기하고 있음. 아마존 물류 과정에서 사용된 제품이 배송 됐을 가능성 있음. 주문 및 배송 관리는 아마존의 책임이므로 + 아마존 CS로 연락 부탁 
3차: 총 5개의 추가 메시지를 전송.
배송 관련 문의가 아니라, 개봉된 상태로 배송된 상품이 새 제품인지 중고품인지에 대한 확인 요청.
고객이 보낸 메시지가 삭제된 것에 대해 셀러가 삭제했는지 여부 문의.
Spigen에서 사용된 상품을 판매하는지 여부 확인 요청.
Amazon 측으로부터 판매자가 직접 배송한다는 안내를 받았다고 언급.
답변 지연에 대한 불만을 제기하며, 개봉된 경위에 대해 Amazon과 직접 확인 후 조사 및 누가 개봉했는지에 대한 답변 요청.",(최근 2년) 총 주문 제품 3개 / FBA 환불 제품 0개 / 셀러 환불 0건 / MCF 발송 0건,"고객 불편 유감
배송 중 파손 또는 중고품 등의 사유로 개봉된 상태의 상품이 배송된 것으로 보임 + 셀러는 고객의 메시지를 삭제할 수 없음 +판매자 직접 배송이 아닌 FBA배송임 + 이전 안내한 바와 같이 관련 사항은 Amazon 고객센터로 문의 바람 3차 안내 (이후 인입시 NRN 처리)
May 4, 11:40 AM",,
임영신 June 글로벌CX전략팀,https://spigenhelp.zendesk.com/agent/tickets/1000146166,"https://spigenhelp.zendesk.com/agent/tickets/1000146166
국가 / 제품: IN / Spigen Essential Glas.tR
 CE Pack Tempered Glass Screen Guard for iPhone 15 Pro Max [Glass 2 Pack + Camera Lens Protector 2P + Alignment Tool]
ASIN: B0DFKWJ9JG
구매일자: 2026-05-02","1차:iPhone 15 Pro Max용 Essential Glas.tR
 CE Pack 글라스의 가장자리가 조금씩 남고 휴대폰에 남지 않음. 또한, 글라스를 사용하지도 않았는데 커다란 스크래치가 발생함. 교체 요청. (사진 첨부)
-> 케이스 호환성을 보장하기 위해 화면의 보이는 부분만 커버하는 제품 + 바코드 사진 요청 (구매 1개월 경과)
2차: 바코드 사진 첨부함. 문제는 글라스가 화면의 전체 active area를 완전히 커버하지 못하고 있으며, 한쪽 모서리 부분이 더 작아서 해당 가장자리가 실제로 노출된 상태라는 점임. 제공된 가이드에 따라 정확히 위치를 맞췄음에도 동일한 문제가 발생함. 더 나은 품질의 다른 글라스로 교환 가능한지 확인 요청함.
*LPN 확인되지 않음
-> 앞서 안내드렸듯 케이스 호환성을 보장하기 위해 화면의 보이는 부분만 커버하는 제품임 + 케이스 없이 글라스만 사용하실 경우 약간의 gap이 있다고 느껴질 수 있으나, 의도된 디자인이며 제조상의 결함이 아님 + 배송 중 파손에 대한 아마존 FBA의 책임
3차: 이미 아마존에 문의해봤지만 아무런 도움도 받지 못하여 슈피겐에 연락한 것임. 제품의 핏의 경우 한쪽은 괜찮지만 다른 한쪽은 그렇지 않음. 따라서 디자인 문제라고 보기는 어려우며, 만약 디자인 문제라면 양쪽 모두 동일하게 맞지 않아야 하는데 그렇지 않으므로 제품에 결함이 있는 것으로 보임.","(최근 2년) 총 주문 제품 3개 / FBA 환불 제품 1개 / 셀러 환불 1건
상이한 아마존 계정 2개 사용
lct73dn95cw4fxc@marketplace.amazon.in
nvn229cg0h1mp2z@marketplace.amazon.in","당사 제품 구매 감사
문의 제품은 케이스 간섭 방지를 위해 (글라스 들뜸 이슈 방지) 글라스 4면 모두 약간의 여백이 있을 수 있으나 Active Area(터치 유효 면적)은 모두 커버하는 제품임
고객에 따라서 약간 작게 느낄 수는 있으나, 제품 결함은 아님+당사 케이스와 글라스 장착 시 호환, 간섭에 이상 없도록 개발됨 안내
May 4, 4:18 PM",,
나아름 Jane 글로벌CX전략팀,https://spigenhelp.zendesk.com/agent/tickets/1000146169,"https://spigenhelp.zendesk.com/agent/tickets/1000146169
https://spigenhelp.zendesk.com/agent/tickets/1000146166
국가: DE
제품: Google Pixel 9 Pro용 Spigen Ultra Hybrid (B0CVRL6KNT)
구매일자: 2026-04-28
(최근 2년) 총 주문 제품 1개 / FBA 환불 제품 0개 / 셀러 환불 0건 / MCF 발송 0건
DE 고객이 Spigen Ultra Hybrid Case Google Pixel 9 Pro를 주문했으나,
수령 제품이 중고품인지, 슈피겐 로고가 없는 제품으로 박스·스티커 없이 무표시 비닐 포장으로 배송되어 클레임이 인입되었습니다.
TCK에서 재고·배송을 아마존이 담당하고 있어 아마존 FBA CS를 통해 도움받으시길 안내하였으나 
독일 민법 근거로 정상 제품 교환(이행)을 요구하고 있으며, 메일에 아마존 독일의 법적 고지(Impressum 회사 소개 및 소유자 정보) 공식 연락처 CC하여 추가 인입되었습니다.
억지 고객으로 느껴져 아마존 FBA CS를 통해 도움받으실 안내 및 도움불가 유지해도 될까요?",,,,양숙랑 Grace 글로벌CX전략팀,"May 4, 4:54 PM
프로님. 링크가 1000146166으로 연결되네요. 잠시만요.
티켓확인해 볼께요.
May 4, 4:54 PM"
김지우 Kevin 글로벌CX전략팀,https://spigenhelp.zendesk.com/agent/tickets/1000146251,"링크: https://spigenhelp.zendesk.com/agent/tickets/1000146251
국가 / 제품: IT / iPhone 16 Pro PowerArc products (ODM)
ASIN=B0FP4R53ZH / SKU=ABA10194
구매일자: 2025-11-22","1차: MagSafe 충전 불안정 및 몇 분 후 충전 중단 → 영상 요청
2차: 영상 제출 → 케이스 탈착 여부 확인 요청
3차: 케이스 제거 후에도 동일 증상 → 케이스 모델명 요청
4차(현재): 케이블 포함 완전 충전 불가 지속 → 대응 검토 단계","구매 약 5개월 경과
(최근 2년) 총 주문 17개 / FBA 환불 0건 / 셀러 환불 0건 / 셀러 코드 발급 0건 → 충성 고객
영상 상 케이스 탈착 후에도 충전 불가 확인 → 기능 불량 주장 신뢰도 높음
내부 기준상 기능 미작동 + 영상 증빙 확보 시 보상 가능 케이스
타고객 유사 전례 (#1000139056) 동일 증상 → 대체품 제공 사례 존재
충성 고객이며 환불 이력 없음
※ 위 근거로 “제조상 결함 확인 불가, 고객 불편 고려 예외적 MCF 제공” 예정","제품 사용 중 불편을 겪으신 점 유감
사진 확인 결과 제조상 결함은 확인되지 않았음
충성 고객인점 고려 예외적 대체품 제공 도움 예정(MCF진행)",나아름 Jane 글로벌CX전략팀,"May 6, 11:40 AM
@
김지우 Kevin 글로벌CX전략팀
 고객 영상 확인했습니다. 케이스도 저희 자사케이스 사용중인 충성고객이네요. 프로님  작성하신대로 MCF로 대체품 제공 부탁드립니다.
May 6, 11:40 AM"
김지우 Kevin 글로벌CX전략팀,https://spigenhelp.zendesk.com/agent/tickets/1000144654,"링크: https://spigenhelp.zendesk.com/agent/tickets/1000144654
국가 / 제품: DE / (New Biz) ITQ35W
ASIN=B0DJVFTQ77 / SKU=ACP08544
구매일자: 2026-03-26","1차: 거치대 접착 유지 불가 → 재사용 방법 및 환경 안내 + 영상 및 바코드 요청
2차(현재): 영상/사진 제출하며 “휴대폰 없이도 5분 내 탈락” 주장 + 환불 요구","구매 약 1개월 미만 경과
(최근 2년) 총 주문 1개 / FBA 환불 0건 / 셀러 환불 0건 / 셀러 코드 발급 0건
영상에서 별도 하중 없이도 일정 시간 후 탈락 현상 확인 (03:00 이후)
패드 자체는 유지되나 거치대-패드 결합부 고정력 이슈 주장 → 명확한 제조상 결함 단정은 어려움
유사 전례 다수 존재 (#1000103289, #1000104158 등 5개) 있으나 대부분 추가 증빙 미확보 케이스
동일 ASIN 동일 사유 배드리뷰 2개
고객 강한 불만 및 “오인광고/계약철회” 언급 (컴플레인 강도 높음)
※ 위 근거로 “제조상 결함 확인 불가, 고객 불편 고려 환불” 예정","제품 사용 중 불편을 겪으신 점 유감
사진 확인 결과 제조상 결함은 확인되지 않았음
고객 불편을 고려하여 환불 도움 예정",나아름 Jane 글로벌CX전략팀,"Apr 23, 11:27 AM
@
김지우 Kevin 글로벌CX전략팀
 네 프로님, 고객이 사진과 영상을 모두 증빙으로 제출해주셨네요.
말씀하신대로 예외적 환불 대응 부탁드립니다!
Apr 23, 11:27 AM"
"10 unread,",https://spigenhelp.zendesk.com/agent/tickets/1000145017,"https://spigenhelp.zendesk.com/agent/tickets/1000145017
국가 / 제품: IN / 
(1) Spigen Ultra Hybrid S Magfit Back Cover Case Compatible with iPhone 14 Pro (White | Kisckstand
ASIN: B0DY7KPR84
구매일자: 2025-05-09
(2) Spigen Ultra Hybrid Back Cover Case Compatible with iPhone 13 Pro Max (TPU + Poly Carbonate | Matte Black)
ASIN: B096H87SBF
구매일자: 2025-05-08","1차: iPhone 14 Pro용 UH S MagFit 케이스가 파손되고 황변되었으며 MagSafe도 작동하지 않음. 
iPhone 13 Pro Max용 UH 케이스는 프레임이 분리되었음(사진 첨부)
-> 영상 요청
2차: (영상 요청 후 재인입) 요청한 모든 정보를 이미 전달함.
-> 영상 재요청
3차: 시간 소요 강조. 도와줄 수 없다면 명확한 안내 요청. 전부 다시 보내드렸으니 가능하시다면 바로 처리 부탁드림
-> UH S 케이스 영상만 확인되어 UH 케이스 분리 영상 재요청
4차: 필요한 건 이미 다 보냈음. 도와줄 수 없으면 시간 낭비 하지 말아달라 요청","(최근 2년) 총 주문 제품 2개 / FBA 환불 제품 0개 / 셀러 환불 0건 / MCF 발송 0건
두 제품 모두 구매 11개월 경과","고객 불편 유감
유저의 사용 습관, 환경, 외부 요인 등에 의한 제품 파손, 이염 및 오염은 워런티 대상 아님. iPhone 14 Pro용 UH S MagFit 황변에 대한 보상 불가
또한, iPhone 13 Pro Max용 UH 케이스의 프레임 파손 역시 제조상 결함에 의한 것이라고 보기 어려움. 워런티 대상 아님+그러나 고객 불편 고려하여, iPhone 13 Pro Max용 UH 케이스에 대해서 예외적인 환불 도움 드리고자 함",양숙랑 Grace 글로벌CX전략팀,"Apr 23, 3:00 PM
프로님. 어제 류도희 리더님과 미팅을 했는데 환불을 줄여서 영업이익을 창출하자는 취지가 있었습니다.
일단 이 내용은 다음에 공유 할께요.
고객이 요청대로 첨부 잘해 줬으니, 프로님 제안대로 황변만 도움 드리는것으로 부탁 드려요.
Apr 23, 3:00 PM"
김지우 Kevin 글로벌CX전략팀,https://spigenhelp.zendesk.com/agent/tickets/1000145029,"링크: https://spigenhelp.zendesk.com/agent/tickets/1000145029
국가 / 제품: DE / (New Biz) EV25MFAQ
ASIN=B0FPTKNYP3 / SKU=ACP10511
구매일자: 2026-01-29","1차: 팬 작동 시 지속적 소음 발생 주장(영상 미첨부) → 영상 전달 요청
2차: 어떤 사진/영상 필요한지 재문의 → 영상 및 바코드 사진 요청 안내
3차(현재): 영상 별도 메일로 전달 후 재인입 → 검토 후 대응 필요","구매 약 2개월 경과
(최근 2년) 총 주문 3개 / FBA 환불 0건 / 셀러 환불 0건 / 셀러 코드 발급 0건 → 충성고객
팬 작동 시 지속 소음 주장, 이물질 없음 확인 / 영상 확보 완료(영상상 충전기에서 소리가 나는건지 확인 불가)
내부 기준상 기능 이상 단정 어려우나, 동일 제품군 소음 이슈 전례 다수 존재 → 고객 불편 고려 대응 타당
타고객 유사 전례: #1000139405, #1000143532 (소음 및 기능 이상 → 대체품 제공)
※ 위 근거로 “제조상 결함 확인 불가, 충성 고객 감안 대체품 제공” 예정","제품 사용 중 불편을 겪으신 점 유감
사진 확인 결과 제조상 결함은 확인되지 않았음
고객 불편을 고려하여 대체품 제공 예정(MCF 진행)",나아름 Jane 글로벌CX전략팀,"Apr 23, 3:36 PM
@
김지우 Kevin 글로벌CX전략팀
 프로님, 작성하신대로 충전기에서 나는 소음인지는 잘 모르겠지만, 충성고객 고려하여 대체품 제공으로 도움 부탁드립니다.
Apr 23, 3:36 PM"
"5 unread,",https://spigenhelp.zendesk.com/agent/tickets/1000144958,"https://spigenhelp.zendesk.com/agent/tickets/1000144958
국가 / 제품: IN / Spigen Ultra Hybrid MagFit Back Cover Case for iPhone 15 Pro, MagSafe Compatible, Air Cushion Technology - PC+TPU | White
ASIN: B0C5S8LX7X
구매일자: 2026-04-07","1차: 일상적으로 사용한지 2주만에 황변되어 빠른 해결 요청. 교환이나 환불 원함. 해당 문제를 더 악화시키거나 공론화 할 의도는 없으니 빠른 해결 요청
-> Order ID & 사진 요청
2차: 인보이스와 사진 첨부 재인입. 문제를 확대하거나 소셜미디어에 게시하고 싶지 않으니 즉시 해결 요청
-> 폐기사진 1차 요청 (이후 환불)
3차: 제품을 폐기하라는 요청에 대한 설명이나 공식 정책이 없어 이해하기 어려움. 제품 폐기 관련 공식 정책이나 기준에 대해 공유 바람. 케이스를 폐기하면 휴대폰에 문제가 생길 수 있어 진행할 수 없고 단순 환불만으로는 불편함이 충분히 보상되지 않음. 여러 번 반복하지 말고 조속한 처리 바라며 제대로 해결되지 않으면 소비자 기관에 신고하겠음
-> 폐기사진 요청 사유에 대한 안내 + 기기 보호가 걱정되면 새 케이스 구매 후 사진 제출 가능 + 폐기사진 2차 요청
4차: 폐기 요구 정책 공유 요청. 필요한 조치를 이미 완료했으니 환불을 즉시 처리하고 우선적으로 해결해 달라고 요청. 강한 불만 표시.
->이전 문의에 첨부하셨던 (#1000141755) 폐기사진으로 확인되어 도움 불가 + 관리 대상 고객 지정
5차: (사진 재첨부) 이전 문의에 첨부하셨던 (#1000141755) 폐기사진으로 확인되어 도움 불가 + 관리 대상 고객 지정","(최근 2년) 총 주문 제품 3개 / FBA 환불 제품 0개 / 셀러 환불 1건 
이전 티켓) #1000141755 (상이한 이름, 상이한 이메일/ Jyoti B (jyoti010466@gmail.com)
iPhone 14 Pro용 UH MagFit 케이스 황변으로 폐기 사진 확인 후 100% 환불",이전에 제공했던 폐기 사진이 Order ID: 406-7388720-5502737 (#1000141755) 문의에 첨부했던 폐기사진으로 확인되어 도움 불가 재안내,양숙랑 Grace 글로벌CX전략팀,"Apr 23, 3:51 PM
프로님 제안대로 도움불가 안내 부탁 드려요.
Apr 23, 3:51 PM"
김지우 Kevin 글로벌CX전략팀,https://spigenhelp.zendesk.com/agent/tickets/1000144547,"링크: https://spigenhelp.zendesk.com/agent/tickets/1000144547
국가 / 제품: DE / Galaxy S24 Ultra Neo Hybrid
ASIN=B0CM4RFSHG / SKU=ACS07305
구매일자: 2025-12-24","1차: 정상 사용 중 크랙 발생 주장 → 사진 요청 후 교품(MCF) 진행
2차: 교품 수령 완료 → 정상 배송 안내
3차(현재): 교체품 수령 직후부터 좌측 가장자리 벌어짐/분리 상태 확인(사진 첨부) → 재검토 및 추가 조치 요청","구매 약 4개월 경과
(최근 2년) 총 주문 3개 / FBA 환불 1건 / 셀러 환불 0건 / 셀러 코드 발급 0건 → 충성고객
교체품 수령 직후 초기 불량 주장 (사진상 가장자리 벌어짐 확인)
기존 교품 1회 제공(4월 20일)된 케이스이나, “수령 즉시 불량” 케이스로 일반 사용 중 파손과 구분 필요
타고객 유사 전례: #1000141670 (MCF 교품 후 상태 불량 → 재교품 또는 안내 병행)
충성 고객이며 과도한 보상 이력 없음
※ 위 근거로 “제조상 결함 확인 불가, 고객 불편 고려 재교품 또는 환불” 예정","고객 상황에 대한 유감 표현
대체품 제공으로 고객 불편 해소 도움을 드릴려고 했으나, 아마존에서 실수로 중고품을 배송한 것으로 추측됨(FBA 책임)
다시 한 번 대체품 제공 예정 (MCF진행)",나아름 Jane 글로벌CX전략팀,"Apr 24, 9:37 AM
@
김지우 Kevin 글로벌CX전략팀
 프로님, 작성해주신대로 처리 부탁드리고, 바로 MCF 재발송 하면 좋을 것 같습니다!
Apr 24, 9:37 AM"
김지우 Kevin 글로벌CX전략팀,https://spigenhelp.zendesk.com/agent/tickets/1000144573,"링크: https://spigenhelp.zendesk.com/agent/tickets/1000144573
국가 / 제품: UK / Galaxy S26 Liquid Air MagFit
ASIN=B0FVBMZYJX / SKU=ACS11055
구매일자: 2026-04-13","1차: 케이스 장착 시 무선 충전 중단(수초 후 멈춤) → 영상/충전기 정보 요청
2차: 영상 및 일부 자료 첨부 → 타사 충전기 호환 이슈 안내 + 아마존 교환/환불 유도
3차(현재): 삼성 정품 충전기 사용 및 비교 자료(타 케이스 정상 충전) 재제출 → 동일 제품 교환 시 정상 작동 여부 문의","구매 약 10일 경과
(최근 2년) 총 주문 2개 / FBA 환불 1건 / 셀러 환불 0건 / 셀러 코드 발급 0건
케이스 장착 시 충전 중단 / 탈착 및 타 케이스 비교 영상으로 일부 재현 확인 가능
다만 타사(삼성) 충전기와의 호환성 문제로 단정 가능, 제품 자체 결함 단정 어려움
동일 제품 교환 시 동일 현상 재발 가능성 존재 → 교환보다는 FBA 환불 유도 적절
15W Duo Super Fast Wireless Charger Pad(타사제품) 메뉴얼
https://downloadcenter.samsung.com/content/UM/202409/20240906141741127/EP-P2400_P5400_UM_VPS_Global_Type_Rev.1.3_240906.pdf
상 두께가 있는 케이스와 사용시 충전이 불가하다는 내용 확인 가능. 타사 악세사리와 호환 불가 가능성 내용도 확인 가능
신제품(Galaxy S26) + MagFit 특성상 충전 환경(코일 위치, 출력 등)에 따른 편차 가능성 있음
※ 위 근거로 “제조상 결함 확인 불가, 타사 충전기 호환 이슈로 FBA환불 유도 2차 안내” 예정","제품 사용 중 불편을 겪으신 점 유감
자사 제품은 타사 제품과의 호환을 보장하지 않음
FBA 환불 안내 2차",나아름 Jane 글로벌CX전략팀,"Apr 24, 12:14 PM
@
김지우 Kevin 글로벌CX전략팀
 프로님, 고객이 삼성충전기 사용중인 점 확인했습니다. 작성하신대로 처리 부탁드립니다.
Apr 24, 12:14 PM"
임영신 June 글로벌CX전략팀,https://spigenhelp.zendesk.com/agent/tickets/1000145024,"https://spigenhelp.zendesk.com/agent/tickets/1000145024
국가 / 제품: IN /Spigen Audio Newly Launched SA-HP P10 Wireless Over Ear Headphones with 60H Playtime, Upto 43dB Multi-Mode Adaptive ANC Pro, EQ Customizing App, 5-MIC, Gaming Mode, 40mm Driver - Black
ASIN: B0DGX1VCWX
구매일자: 2026-04-18","1차: SA-HP P10(SA2403)의 오른쪽 스피커에서 저음이 왼쪽보다 너무 강하게 나와서 전체적인 균형이 맞지 않음. 괜찮을 때도 있지만 문제가 영상에서 나타나지 않아 영상 제공이 어려움. 아마존에서는 교환이나 반품이 불가능하다며 셀러에게 연락하라고 했음
->FBA CS 교환/환불 안내
2차: 아마존에서 헤드폰은 서비스 센터에서만 대체품 제공이 가능하다고 해서 연락했음
-> FBA CS 교환/환불 2차 안내
3차: 도움 제공이 어렵다면 아마존 문의를 위해 거절 확인서 요청. 아마존에서 해당 문서를 요구하고 있어 빠른 제공 요청.
-> Denial Letter 제공 불가 + FBA CS 교환/환불 3차 안내
4차: Amazon에서도 도움을 받지 못함. Amazon에서 거절 확인서를 요구함. 해당 서류 없이는 도움 불가하다고 안내받음.","(최근 2년) 총 주문 제품 2개 / FBA 환불 제품 0개 / 셀러 환불 0건 / MCF 발송 0건
제품 구매 후 6일 경과","고객 불편 유감
이슈를 증명할 아무 자료가 없어 문제를 확인하기가 어려움+그러나 고객 불편 고려하여 예외적 100% 환불
Apr 24, 2:32 PM",,
임영신 June 글로벌CX전략팀,https://spigenhelp.zendesk.com/agent/tickets/1000145152,"https://spigenhelp.zendesk.com/agent/tickets/1000145152
국가 / 제품: JP /Galaxy S26 Plus용 Ultra Hybrid MagFit케이스
구매처: 라쿠텐 
구매일자: 2026/03/23","Galaxy S26 Plus용 Ultra Hybrid MagFit케이스 사용 시 점점 신용카드의 터치 결제가 사용되지 않게 되었다고 함. 처음에는 문제없이 사용할 수 있었지만, 편의점에서 기기가 인식하지 못해 읽기 오류가 자주 발생하기 시작했고, 지금은 사용이 불가능하다고 함.
인식이 되지 않을 때는 해당 케이스를 제거하면 정상적으로 사용할 수 있기 때문에, 해당 케이스의 영향으로 보임.
아직 사용한 지 1개월밖에 되지 않았는데, 제품의 열화인지 문의.",라쿠텐 구매건,"당사 제품 구매 감사
제조상의 결함 확인되지 않음+그러나 고객 불편 고려하여 예외적 환불 도움
Apr 24, 2:37 PM",,
김지우 Kevin 글로벌CX전략팀,https://spigenhelp.zendesk.com/agent/tickets/1000144162,"링크: https://spigenhelp.zendesk.com/agent/tickets/1000144162
국가 / 제품: UK / iPhone 16 Pro Max PowerArc EF223MS (3in1 Wireless Charger)
ASIN=B0FCDK3QM1 / SKU=ACH09542
구매일자: 2026-03-06","1차: 회전 메커니즘 작동 불량(기어 갈림 소리) 및 1차 제품 동일 이슈로 Amazon 반품 이력 → 영상 및 추가 정보 요청
2차: 영상 첨부 재인입(기어 작동 시도하나 정상 회전 불가, 워치/에어팟 거치대 완전 수납 안됨) → 터치 방식 명확 확인 요청
3차(현재): 손을 올려 정상 터치 상태에서도 기어 작동 불량 지속 주장(영상 기반 소리 및 동작 확인) → 환불 또는 교체 요청","구매 1개월 경과
(최근 2년) 총 주문 2개 / FBA 환불 1건 / 셀러 환불 0건 / 셀러 코드 발급 0건
영상상 터치 인식 후 내부 기어 작동 시도는 확인되나 정상 회전 불가 (기구부 이상 의심)
GCX 기준상 명확한 제조 결함 단정은 어려우나, 정상 사용 중 기능 미작동으로 고객 불편 인정 가능
유사 전례: #1000122494 (동일 모델 회전 메커니즘 이슈)
충성 고객 아님 (총 주문 2건)
※ 위 근거로 “제조상 결함 확인 불가, 고객 불편 고려 MCF” 예정","제품 사용 중 불편을 겪으신 점 유감입니다.
사진 확인 결과 제조상 결함은 확인되지 않았습니다.
고객 불편을 고려하여 대체품 제공 예정(MCF)",나아름 Jane 글로벌CX전략팀,"Apr 24, 3:28 PM
@
김지우 Kevin 글로벌CX전략팀
 프로님,
고객이 이 제품 2개 샀는데, 1개도 이슈 있어서 아마존에 반품했고. 나머지 1개도 이슈라고 하는데,
대체품을 제공해도 동일한 문제가 발생할 가능성이 높아보이네요..
일단 재고는 많으니 대체품 제공으로 도움드리되, 대체품에도 동일이슈 발견되면 SIREN 등록을 검토이나 유관부서 공유하여 확인해보는게 좋을 것 같습니다!
Apr 24, 3:28 PM"
김지우 Kevin 글로벌CX전략팀,https://spigenhelp.zendesk.com/agent/tickets/1000145217,"링크: https://spigenhelp.zendesk.com/agent/tickets/1000145217
국가 / 제품: UK / Waterproof Bag (Pouch)
ASIN=B09Y8ZG5XN / SKU=AMP04533
구매일자: 2026-02-24","1차: 제품이 부풀어야 하나 납작한 상태로 사용 불가 주장 → 사진/영상 요청
2차(현재): 사진 첨부하며 정상 작동 불가 재클레임 → 확인 후 대응 필요","구매 약 2개월 경과
(최근 2년) 총 주문 8개 / FBA 환불 0건 / 셀러 환불 0건 / 셀러 코드 발급 0건
사진상 제품 구조상 ‘공기 주입형’이 아닌 제품으로 판단되나, 고객은 기대치와 상이함으로 강한 불편 호소
타고객 유사 전례 다수 존재 (기대 스펙 오해 → 고객 불편 고려 환불 처리 케이스)
총 주문 8건 / 환불 이력 없음 → 충성 고객 해당
※ 위 근거로 “제조상 결함 확인 불가, 고객 불편 고려 환불” 예정","제품 사용 중 불편을 겪으신 점 유감
사진 확인 결과, 제조상 결함은 확인되지 않음.
충성 고객을 고려하여 예외적 환불 도움 예정",나아름 Jane 글로벌CX전략팀,"Apr 24, 5:31 PM
@
김지우 Kevin 글로벌CX전략팀
 네 프로님, 충성 고객 고려하여 작성하신대로 대응 부탁드리겠습니다~!
Apr 24, 5:31 PM"
김지우 Kevin 글로벌CX전략팀,https://spigenhelp.zendesk.com/agent/tickets/1000145180,"링크: https://spigenhelp.zendesk.com/agent/tickets/1000145180  
국가 / 제품: JP / iPad Air 11 Ultra Hybrid Pro  
ASIN=B08R5M1VJS / SKU=ACS02698  
구매일자: 확인 필요 (Order ID: 503-8499292-4250235)","1차: 케이스 장착 시 Apple Pencil 연결 불량 발생 주장 → 사진 및 LOT 요청  
2차(현재): 케이스 장착 시 간헐적 연결 끊김, 탈착 시 정상 복구 반복 → 사진 제출 / 패키지 폐기로 LOT 미제공","+ 구매일자 2026년 4월 5일 (3주 경과)
+ (최근 2년) 총 주문 1개 / FBA 환불 0건 / 셀러 환불 0건 / 셀러 코드 발급 0건  
1. 케이스 장착/비장착 상태 비교 사진 제출로 현상 자체의 확인 어려움(영상 스샷), 제품 단독 원인 단정 어려움  
2. GCX 기준상 기능 간섭 이슈는 명확한 결함 입증 어려운 경우 제조상 결함 판단 불가  
3. 타고객 유사 전례: 악세사리 간섭 이슈 간헐적으로 존재 (1000144234
https://spigenhelp.zendesk.com/agent/tickets/1000144234
(키보드), 1000141515
https://spigenhelp.zendesk.com/agent/tickets/1000141515
(펜슬))  
※ 위 근거로 “제조상 결함 확인 불가, 고객 불편 고려 환불” 예정","1. 제품 사용 중 불편을 겪으신 점 유감  
2. 사진 확인 결과 제조상 결함은 확인되지 않았음
3. 고객 불편을 고려하여 환불 도움 예정",나아름 Jane 글로벌CX전략팀,"Apr 27, 9:45 AM
@
김지우 Kevin 글로벌CX전략팀
 프로님 고객이 영상 첨부가 어려워 사진으로만 제출한 점 확인했습니다. 사진상으로는 고객의 이슈를 정확히 확인하기 어려우나, 일단 고객 믿고 작성하신대로 예외적 도옴 부탁드립니다.
추가로 동일 제품으로 S PEN 간섭이슈 인입되면 영업 담당자에게 공유해보고, 건 수가 많으면 SIREN 등록여부도 검토해보는게 좋을 것 같습니다.
Apr 27, 9:45 AM"
김지우 Kevin 글로벌CX전략팀,https://spigenhelp.zendesk.com/agent/tickets/1000144308,"링크: https://spigenhelp.zendesk.com/agent/tickets/1000144308
국가 / 제품: IN / Galaxy Buds 4 Pro Lock Fit
ASIN=B0G7N15XXS / SKU=ACS11202
구매일자: 2026-04-05","1차: 케이스 장착 시 무선충전 불가 주장(영상 첨부) → 기기정보/로고/바코드 요청
2차: 다수 기기(Galaxy S24 Ultra 등)로 충전 시도했으나 불가 주장 → 영상 검토 후 제조상 결함 확인 불가, 충전 환경 영향 안내 및 도움불가
3차(현재): “모든 충전기에서 안 된다, 프리미엄 제품인데 납득 불가” 강한 불만 표출 및 해결 요구 → 재차 보상 요청","구매 11일 경과
(최근 2년) 총 주문 18개 / FBA 환불 6건 / 셀러 환불 1건 / 셀러 코드 발급 0건 → 구매이력 많음
영상상 제품 물리적 이상 확인 불가, 단순 무선충전 호환 이슈 주장 (영상 링크
https://drive.google.com/file/d/1VHRrznPycvNtP4sI07g7fE_pV05_nEpW/view?usp=sharing
)
무선충전 특성상 케이스 두께/충전기 사양/정렬 상태에 따라 충전 불가 가능 (매뉴얼 및 전례 동일)
유사 전례: #1000140409 동일 케이스/충전환경 이슈 → 도움불가 처리 / 일부 전례(#1000124215 등) 환불 사례 존재하나 일관성 기준상 환경 영향 우선 판단
충성 고객이나, 환불 비율 다소 높은 편 (18건 중 7건) → 예외 환불 시 악용 가능성 존재
※ 위 근거로 “제조상 결함 확인 불가, 사용환경 영향으로 판단되어 도움불가 2차 유지” 예정","제품 사용 중 불편을 겪으신 점 유감
타사 제품과의 호환 불가는 워런티 대상이 아닙니다.
도움 불가한 점 양해 부탁(도움 불가 2차 안내)",나아름 Jane 글로벌CX전략팀,"Apr 27, 9:49 AM
@
김지우 Kevin 글로벌CX전략팀
 프로님, 도움불가 2차까지 이미 진행되어 도움불가 3차이네요. 도움불가 유지 부탁드리겠습니다
Apr 27, 9:49 AM"
"3 unread,",https://spigenhelp.zendesk.com/agent/tickets/1000145215,"https://spigenhelp.zendesk.com/agent/tickets/1000145215
국가 / 제품: DE / Tesla Model 3/y용 ITLST90W 충전기
ASIN: B0D3FQ679M
구매일자: 2026-03-10","1차: ITLST90W 충전기와 슈피겐 스크린 보호필름을 구매했는데, 충전기 설치 후, 보호필름에 버블 발생. 호환 문의.
-> 리스팅에 기재된 대로 해당 제품은 Glass 스크린 보호필름과는 호환되지 않을 수 있음
+ 아래 영상 참고하여 ""install the mount on the edge of the Screen"" 바람
2차: 주행 중, 차져의 충전 기능이 계속 on-off 반복.  이 때문에 화면도 on-off 되는 것 너무 불편함. 다른 USB 포트도 사용해봤지만 동일한 문제임. 슈피겐 제품을 여러 개 사용해왔지만, 이 제품은 만족스럽지 않음. 연결이 불안정하고 흔들림도 있어 아쉽고 실망스러움. 내부 접촉 불량이 있는 것 같아 환불 또는 반품 문의함
3차: 운전하면서 촬영을 할 수 없으며, 정차 중에는 문제가 없고 주행 중에만 문제가 발생함. Galaxy Fold 7에 dbrand MagSafe 케이스를 사용 중이며, 충전 케이블은 기기에 고정되어 있어 분리할 수 없음. 케이블이 내장형이고 별도의 어댑터도 없음. Tesla 차량에서는 USB Type-C 포트에 직접 연결하는 방식이며, 두 개의 USB Type-C 포트 모두 시도함. 문제는 설계가 불안정해 흔들림이 발생하면서 연결이 느슨해지면서 충전이 반복적으로 끊겼다가 다시 연결됨. 
참고 티켓 #1000133962) ITLST90W를 25년 7월 19일에 구매했는데, 약 2개월 전부터 충전이 10-15분 후 자동으로 끊기는 고장이 발생해 반품을 요청함
고객 불편 고려하여 100% 환불 진행",(최근 2년) 총 주문 제품 21개 / FBA 환불 제품 1개 / 셀러 환불 0건 / MCF 발송 0건,"고객 불편 유감
영상이 없어, 고객 불편 사항을 확인할 수 없음+제조상의 결함 파악되지 않음+그러나 고객 불편 고려하여, 대체품 제공 도움 드리고자 함+동의시 정보 요청 (MCF 재고: 40개)",임영신 June 글로벌CX전략팀,"Apr 30, 2:05 PM
@
양숙랑 Grace 글로벌CX전략팀
 리더님, 이 고객에게 대체품 제공 제안하였으나 거부 및 환불 요청하였습니다. 충성고객 고려하여, 환불 도움 주고자 합니다. 확인 부탁드립니다 
Apr 30, 2:05 PM"
임영신 June 글로벌CX전략팀,https://spigenhelp.zendesk.com/agent/tickets/1000145413,"https://spigenhelp.zendesk.com/agent/tickets/1000145413
국가 / 제품: IT /Galaxy S26 Ultra용 Nano Pop MagFit 케이스
ASIN: B0FV9N1Y5H
구매일자: 2026-04-23","하단부 형합 맞지 않아, 제조 결함인지 문의. 교환 또는 환불 요청","(최근 2년) 총 주문 제품 9개 / FBA 환불 제품 1개 / 셀러 환불 0건 / MCF 발송 0건
-MCF 재고 1395개","고객 불편 유감
고객 의견 유관 부서 전달+불편 고려하여 환불 도움 드리고자 함
Apr 27, 11:35 AM",,
"2 unread,",https://spigenhelp.zendesk.com/agent/tickets/1000144688,"https://spigenhelp.zendesk.com/agent/tickets/1000144688
국가 / 제품: IN /    
Spigen Ez Fit Tempered Glass Full Screen Protector Guard For Samsung Galaxy Z Fold 6 Smartphone (2 Pack)
ASIN: B0D3J5K2WB
구매일자: 2025-09-22","1차: Galaxy Z Fold 6용 EZ Fit 글라스가 제대로 부착되지 않고 버블이 발생함. 또한, 터치 인식도 되지 않음. 환불 요청. (케이스도 구매했다고 언급)
-> 사진 또는 동영상 + 바코드 사진 요청
2차: (사진 첨부하여 재인입- Galaxy S25 Ultra용 EZ FIT Slim 글라스 (SKU: AGL09221) 바코드 사진으로 확인됨)
-> Order ID 재확인 요청
3차: 메시지 #2 잘못된 패키지 뒷면 사진을 보내드렸을 수도 있다며 재인입.  관련 기록을 확인해 주기 요청함.
-> 사용 중 생긴 결함 1차 안내 (환불 X)
4차: 구매 직후 바로 연락드렸으며, 이전 문의 내역(#1000121006, Spigen India - 25.09.28) 스크린샷을 첨부함. 제조상의 결함으로 인한 문제이므로 가능한 한 빨리 환불 요청
-> Galaxy Z Fold 6용 EZ Fit 글라스 (AGL07969)에 대한 바코드 사진 재전달 요청
5차: 시간이 많이 지나 바코드 이미지를 보유하고 있지 않음. 이전 9월 문의 당시 요청되었어야 한다고 생각함. 예외 처리 요청 및 환불 요구. 해당 상황에 대해 큰 불편과 스트레스를 느낌. 연락 가능한 콜백 번호 문의.
-> 제공한 정보 검토 결과 제조 결함 확인되지 않음 + 당사는 제조 결함에 대해서만 워런티 제공함 + 하지만 불편을 고려하여 예외적 50% 환불로 도움드리고자 함 + 50% 환불 동의 여부 문의
6차: 이번 문제는 본인의 책임이 아닌 명백한 제조 결함이며, 구매 후 1주일 이내에 문의했었음. 당시에는 전혀 조치가 이루어지지 않았고 이후 답변도 중단되었음. 이 상황은 전혀 수용할 수 없고 아마존에서도 해당 제품을 검토한 뒤 결함으로 판단했으며, 슈피겐에 문의하여 환불을 받으라고 안내했음. 예외적으로 처리 요청. 거의 6~7년 동안 Spigen 제품을 사용해왔고, 이번이 처음 겪는 문제임.
-> 거부 시, 예외적 50% 환불 2차 제안
7차: 부당한 대응을 받고 있다고 느끼며 강한 불만 제기. 2025년 9월에 이미 답변했으나 이후 회신을 받지 못했다고 함. 전액 환불 요청하며, 해당 건의 상위 부서로의 에스컬레이션 요청.","(최근 2년) 총 주문 제품 2개 / FBA 환불 제품 0개 / 셀러 환불 0건
구매 후 6개월 30일 경과 (25.09.28 최초 인입)
이전 동일 문의 티켓)
#1000121006 Galaxy Z Fold 6용 EZ Fit 글라스가 파손된 채 배송되었고 설치 도구가 누락되었음 -> 중고품 수령 + FBA CS 안내","고객 불편 유감
이전에 안내드렸듯이 사진 검토 결과 제조 결함이 확인되지 않음 + 당사는 제조 결함에 대해서만 워런티 제공함 재안내
동일 안내 양해 부탁 + 최대 50% 환불",양숙랑 Grace 글로벌CX전략팀,"Apr 20, 4:14 PM
프로님. 이번건에 한해서 예외적으로 100% 환불해 드리면 될것 같습니다.
작년 9월에 인입된 부분도 확인 했습니다. 환불을 요구해서 진상이긴 한데 상호 불필요한 스트레스 방어 하는게 좋겠습니다.
Apr 20, 4:14 PM"
"2 unread,",https://spigenhelp.zendesk.com/agent/tickets/1000144583,"https://spigenhelp.zendesk.com/agent/tickets/1000144583
국가 / 제품: IN /
(1) Galaxy S25 Ultra용 UH S MagFit (Order ID: 408-2468529-0941920 / 2025.12.28일 구매)
ASIN: B0DJ9TGGFR
(2) Galaxy S24용 UH OneTap Metal Ring MagFit (Order ID: 402-2615231-1736322 / 2025.12.21일 구매)
ASIN: B0FCX2YZ2R 
(3) Galaxy S25 Ultra용 UH MagFit (Order ID: 405-9285021-7681941 / 2025.4.12일 구매->1년 경과)
ASIN: B0DJ9VZBCZ",3개 제품에 대해 모두 황변 클레임,"(최근 2년) 총 주문 제품 14개 / FBA 환불 제품 0개 / 셀러 환불 0건 / MCF 발송 0건
(1)번 케이스 재구매 함 (Order ID: 404-3372109-7467559 / 2026.4.14일 구매)","고객 불편 유감
사용 환경에 따른 이염 또는 오염으로 확인 + 제조상의 결함 확인되지 않음
그러나 고객 불편을 고려하여, 작년 12월에 구매한 제품 2개에 대해 예외적으로 환불 도움 드리고자 함 + 케이스 겉면에 마커로 X 자 표시등 폐기 사진 요청 + 이후 환불",나아름 Jane 글로벌CX전략팀,"Apr 17, 11:13 AM
@
김지우 Kevin 글로벌CX전략팀
 프로님, 제품 비교 이미지 공유 감사드립니다.
저희 제품이 아니므로 도움드릴 수 없을 것 같네요! 작성하신대로 처리 부탁드립니다.
Apr 17, 11:13 AM"
김지우 Kevin 글로벌CX전략팀,https://spigenhelp.zendesk.com/agent/tickets/1000144806,"링크: https://spigenhelp.zendesk.com/agent/tickets/1000144806
국가 / 제품: FR / Galaxy S26 Ultra SP_Glas.tR
http://SP_Glas.tR
 Optik Pro
ASIN=B0G7STMFKY / SKU=AGL11071
Order ID: 408-8425587-8996301
구매일자: 2026-04-16",1차(현재): 부착력 불만으로 전액 환불 요청 → Amazon 통해 환불 완료 상태,"구매 약 2일 경과
(최근 2년) 총 주문 5개 / FBA 환불 2건 / 셀러 환불 0건 / 셀러 코드 발급 0건
부착력 불만 제기(사진 없음, 리뷰 기반 VOC)
Amazon 시스템상 이미 환불 완료 확인 → 추가 조치 불필요
※ 위 근거로 “환불 완료 안내” 예정","신제품에 대한 의견 감사
 아마존상 이미 환불 완료",양숙랑 Grace 글로벌CX전략팀,"Apr 17, 12:05 PM
프로님. 제안대로 안내 부탁 드립니다.
Apr 17, 12:05 PM"
"3 unread,",https://spigenhelp.zendesk.com/agent/tickets/1000144697,"https://spigenhelp.zendesk.com/agent/tickets/1000144697
국가 / 제품: IN /Spigen 30,000mAh, 30W Fast Charging Power Bank with PD3.0 30W for 2 USB-C Ports, QC3.0 22.5W for 1 USB-A Port - Black
ASIN: B0CSSN83R4
2024-09-27","1차: PA2305 보조배터리 충전을 시도하면 첫 번째 표시등이 한 번 깜빡인 후 네 개의 표시등이 모두 빠르게 깜빡이며 정상적으로 충전되지 않음. 해결 방법 또는 교체가 필요한 경우 보증 절차 안내 요청.
-> 보증 기간 만료 안내 (PowerAcc.)
2차: A2305 보조 배터리는 2년 워런티 제품으로 2024년 9월 구매로 2026년 9월까지 보증 기간이 유효함.
외관상 상태는 양호하나 점멸 패턴이 일반 마모가 아닌 특정 오류 코드로 보임. 해당 오류에 대한 하드웨어 리셋 또는 문제 해결 방법 안내 요청.
리셋으로 해결되지 않을 경우 워런티 재검토 요청.","다른 구매 내역 확인 안됨
구매 후 1년 6개월 경과","고객 불편 유감
이 제품의 워런티 기간은 12개월임 안내+ 현재 아마존 시스템 오류로 워런티 표기가 12개월, 24개월이 함께 나타남+고객 혼동 드려 죄송
워런티 기간 만료되어 추가 도움 불가",양숙랑 Grace 글로벌CX전략팀,"Apr 17, 2:48 PM
프로님. 제안대로 안내 부탁 드립니다. 워런티 기간, 충성고객 인점 확인 했습니다.
Apr 17, 2:48 PM"
"6 unread,",https://spigenhelp.zendesk.com/agent/tickets/1000144875,"https://spigenhelp.zendesk.com/agent/tickets/1000144875
국가 / 제품: IN /    
Spigen Ultra Hybrid Back Cover Case Compatible with iPhone 17 Pro Max (TPU + Poly Carbonate | Crystal Clear)
ASIN: B0FD25XK76
2026-01-18",사용한 지 3개월 만에 황변됨. 1년 워런티 제공 요청. (사진 첨부),"(최근 2년) 총 주문 제품 9개 / FBA 환불 제품 1개 / 셀러 환불 2건
이전 환불 티켓)
#1000137040 Galaxy S25 Ultra용 UH 황변 -> 폐기 사진 확인 후 100% 환불
#1000142851 iPhone 17 Pro Max용 UH 케이스 황변 -> 폐기 사진 확인 후 100% 환불","고객 불편 유감
황변의 경우 유저의 사용 습관, 환경, 외부 요인 등으로 발생할 수 있으며 지속적으로 예외적 워런티 제공이 불가한 점 양해 부탁 (도움 불가 1차 안내)
이전에도 예외적 도움 드린 이력 확인됨+ 예외적인 환불 지속 불가",양숙랑 Grace 글로벌CX전략팀,"Apr 17, 4:20 PM
프로님. 제안대로 안내 부탁 드립니다. 제품 품질이 아쉽네요....
Apr 17, 4:20 PM"
임영신 June 글로벌CX전략팀,https://spigenhelp.zendesk.com/agent/tickets/1000144799,"https://spigenhelp.zendesk.com/agent/tickets/1000144799
국가 / 제품: IN / Spigen Ultra Hybrid MagFit Back Cover Case Compatible with iPhone 16 Plus (TPU + Poly Carbonate | White)
ASIN: B0D21X6RV8
구매일자: 2026-02-09","1차: 케이스 사용 20일만에 특히 한쪽 측면이 황변. 이번이 두번째임. 
-> 오더 아이디, 사진 요청
2차: (인보이스, 사진 첨부)","(최근 2년) 총 주문 제품 5개 / FBA 환불 제품 0개 / 셀러 환불 2건
이전 환불 티켓)
#1000130154 iPhone 16 Plus용 UH MagFit 케이스 황변 -> 폐기 사진 확인 후 100% 환불
#1000133748 iPhone 16 Plus용 UH MagFit 케이스 황변 -> 폐기 사진 확인 후 100% 환불","고객 불편 유감
황변의 경우 유저의 사용 습관, 환경, 외부 요인 등으로 발생할 수 있으며 지속적으로 예외적 워런티 제공이 불가한 점 양해 부탁 (도움 불가 1차 안내)
이전에도 예외적 도움 드린 이력 확인됨+ 예외적인 도움 지속 불가 양해 부탁
Apr 21, 10:55 AM",,
김지우 Kevin 글로벌CX전략팀,https://spigenhelp.zendesk.com/agent/tickets/1000144807,"링크: https://spigenhelp.zendesk.com/agent/tickets/1000144807
국가 / 제품: UK / Galaxy S26 Ultra Ultra Hybrid S MagFit
ASIN=B0FVBPTQT2 / SKU=ACS11032
구매일자: 2026-03-22",1차(현재): 낮은 높이 낙하 후 케이스 내부 킥스탠드로 인해 후면 유리 파손 주장 (사진 제출) → 수리비 + 케이스 전액 환불 요청,"구매 약 1개월 경과
(최근 2년) 총 주문 1개 / FBA 환불 0건 / 셀러 환불 0건 / 셀러 코드 발급 0건
고객은 “킥스탠드 구조가 충격을 집중시켜 기기 파손 유발” 주장 (사진상 파손 확인되나 인과관계 단정 어려움)
내부 기준(GCX_2024 CS PROCEDURE)상 외부 충격(낙하)으로 인한 기기 손상은 당사 보상 범위 아님
#1000144886
https://spigenhelp.zendesk.com/agent/tickets/1000144886
, #1000144887
https://spigenhelp.zendesk.com/agent/tickets/1000144887
 (동일 내용 중복 인입)
※ 위 근거로 “제조상 결함 확인 불가, 고객 불편 고려 케이스 환불만 진행 / 기기 보상 불가” 예정","고객 상황에 대한 유감 표현
당사 보증은 제품에 한해 적용되며, 기기 손상과의 직접적 인과관계 확인 어려움으로 보상 불가 안내
고객 불편을 고려하여 케이스 환불 도움",김지우 Kevin 글로벌CX전략팀,"Apr 17, 5:41 PM
확인 감사합니다 리더님. 외부 원인으로 파손 예상되니 도움불가로 다시 나가겠습니다!
Apr 17, 5:41 PM"
김지우 Kevin 글로벌CX전략팀,https://spigenhelp.zendesk.com/agent/tickets/100014472,"링크: https://spigenhelp.zendesk.com/agent/tickets/100014472
https://spigenhelp.zendesk.com/agent/tickets/1000144722
국가 / 제품: FR / MacBook Air SP_Glas.tR
http://SP_Glas.tR
 Slim
ASIN=B0C7LPP11N / SKU=AGL06950
구매일자: 2026-04-18","1차: 제품 수령 직후 측면 파손 주장(사진 제출) → 전액 환불 요청 및 Negative Review 언급
2차: 반품 불편(차량 이동 필요) 및 셀러 직접 환불 요구 → FBA 책임 안내 및 Amazon CS 유도
3차: Returnless Refund 직접 처리 요구 및 타 셀러 사례 언급 → 동일 안내 반복
4차(현재): 박스 정상 상태 근거로 제조 문제 주장 및 Negative Review 재언급 → 셀러 환불 재요청","구매 3일 경과
(최근 2년) 총 주문 1개 / FBA 환불 0건 / 셀러 환불 0건 / 셀러 코드 발급 0건
사진상 파손 확인되나, 배송 과정 내 충격 여부 단정 불가 / 고객은 제조 문제 강하게 주장
FBA 주문 건으로 포장·배송 전 과정 Amazon 관할 → 셀러 직접 환불 처리 제한
고객 강성 대응 (Negative Review 지속 언급 및 압박)
유사 전례 다수: FBA 배송 파손 건 → Amazon CS 통해 환불 진행 원칙 유지
※ 위 근거로 “FBA CS 통해 환불 진행 안내 유지 (셀러 직접 환불 불가 최종 안내)” 예정","고객 상황에 대한 유감 표현
배송 과정 관련 이슈는 Amazon FBA에서 담당하여 직접 처리 어려움 안내 다시 안내
도움 불가한 점 양해 부탁드립니다  (도움불가 3차, 재인입시 NRN)",김지우 Kevin 글로벌CX전략팀,"Apr 17, 5:45 PM
확인 감사합니다 리더님. 도움불가로 안내하도록 하겠습니다! 아마존 인도 셀러센트럴에서 해당 고객 주문내역 조회해보려고 했으나 지금 저희 업무폰이 충전기 케이블(옛날 아이폰 라이트닝)이 없어서 조회가 안될 것 같습니다... 다음주에 라이트닝 케이블 가지고와서 업무폰 충전 후 조회해보도록 하겠습니다!
Apr 17, 5:45 PM"
김지우 Kevin 글로벌CX전략팀,https://spigenhelp.zendesk.com/agent/tickets/1000144830,"링크: https://spigenhelp.zendesk.com/agent/tickets/1000144830
국가 / 제품: IT / Galaxy Z Flip 7 Nano Pop MagFit
ASIN=B0F1BXGPCF / SKU=ACS09563
구매일자: 2025-07-25","1차: 케이스 프레임 파손 주장 → 교품(MCF) 제공
2차(현재): 교품 수령 후 약 5개월 사용 뒤 동일 파손 주장(사진 제출) → 환불 요청 및 Negative Review 언급","구매 약 9개월 경과 (교품 수령 후 약 5개월 경과)
(최근 2년) 총 주문 1개 / FBA 환불 0건 / 셀러 환불 0건 / 셀러 코드 발급 0건
교품 제공 이후 재클레임 건으로, 추가 보상 요구
사진상 프레임 파손 확인되나 사용 중 외부 영향 가능성 높음
내부 기준(GCX_2024 CS PROCEDURE)상 교환품은 추가 워런티 적용 불가
고객 Negative Review 언급하며 압박 중
※ 위 근거로 “제조상 결함 확인 불가, 교품 이후 건으로 추가 보상 불가 → 도움불가” 예정","제품 사용 중 불편을 겪으신 점 유감
이전에 대체품 제공 시 안내드린 바와 같이, 교환품은 워런티 제공이 불가함
사용환경 및 외부 영향에 따른 파손으로 사료되며 제조상 결함은 확인되지 않음
도움 불가한 점 양해 부탁",김지우 Kevin 글로벌CX전략팀,"Apr 17, 5:46 PM
확인 감사합니다 리더님. 고객이 사용 중 물리적 충격으로 발생한  것 같으니 도움불가로 전달하겠습니다!
Apr 17, 5:46 PM"
김지우 Kevin 글로벌CX전략팀,https://spigenhelp.zendesk.com/agent/tickets/1000144872,"링크: https://spigenhelp.zendesk.com/agent/tickets/1000144872
국가 / 제품: UK / iPhone 17 Pro Silicone Fit MagFit
ASIN=B0FD2VML1N / SKU=ACS09957
구매일자: 2026-04-19","1차: 카메라 버튼 컷아웃 정렬 불량 문의 및 전체 제품 동일 여부 확인 요청 → 로고/바코드 사진 요청
2차(현재): 사진 첨부하여 재인입 → 불량 여부 판단 및 교환/환불 요청","구매 2일 경과
(최근 2년) 총 주문 1개 / FBA 환불 0건 / 셀러 환불 0건 / 셀러 코드 발급 0건
사진 및 고객 진술 기준 컷아웃 위치 편심 이슈 확인 (기능적 사용 가능 여부는 불명확)
Silicone Fit 특성상 버튼 조작 편의 및 구조 보강으로 인한 비대칭 설계 가능 → 제조상 결함 단정 어려움
타제품 유사 전례 다수 존재 (#1000119739, #1000120164 등 컷아웃 편심 → 고객 불편 고려 환불 처리)
※ 위 근거로 “제조상 결함 확인 불가, 고객 불편 고려 폐기사진 후 환불” 예정","고객 상황에 대한 유감 표현
사진 확인 결과 제조상 결함은 확인되지 않았음
여러 방면으로 최적화 된 버튼 조작을 감안하여 설계된 cut-out이며 불량품이 아님
고객 불편을 고려하여 환불 도움 예정 (폐기 확인 후 환불)",임영신 June 글로벌CX전략팀,"Apr 20, 3:17 PM
확인 감사합니다.
Apr 20, 3:17 PM"
김지우 Kevin 글로벌CX전략팀,https://spigenhelp.zendesk.com/agent/tickets/1000144867,"링크: https://spigenhelp.zendesk.com/agent/tickets/1000144867
국가 / 제품: UK / Galaxy S26 Ultra SP_Glas.tR
http://SP_Glas.tR
 EZ Fit Pro
ASIN=B0G7S8J7SJ / SKU=AGL11068
구매일자: 2026-03-28","1차: 글라스 부착 후 화면 반사 심화 및 편두통 유발 주장 → 제품 상태 및 바코드 사진 요청
2차(현재): 사진 첨부 재인입, 반사로 인한 사용 불편 지속 호소 및 해결 요청","구매 24일 경과
(최근 2년) 총 주문 1개 / FBA 환불 0건 / 셀러 환불 0건 / 셀러 코드 발급 0건
사진상 제품 파손 및 이상 없음, 반사 관련 사용감 이슈로 판단
글라스 제품 특성상 조명 및 자연광 각도에 따라 반사 발생 가능
고객 주장(편두통 유발)은 개인 사용 환경 및 민감도 영향으로 판단
유사 전례 기준 동일 사유는 제품 특성 안내 후 도움 불가 처리 다수
비충성 고객 (주문 1건)
※ 위 근거로 “사용환경 및 외부 요인(조명/자연광)에 따른 자연스러운 현상으로 도움 불가” 예정","고객 상황에 대한 유감 표현
제품 특성상 자연광 아래에서 빛의 각도에 따라 반사가 발생할 수 있음
사용환경 및 외부 영향에 따른 기능 저하는 워런티 대상이 아님
도움 불가한 점 양해 부탁",임영신 June 글로벌CX전략팀,"Apr 20, 3:19 PM
네, 확인 감사합니다.
Apr 20, 3:19 PM"
임영신 June 글로벌CX전략팀,https://spigenhelp.zendesk.com/agent/tickets/1000144819,"https://spigenhelp.zendesk.com/agent/tickets/1000144819
국가 / 제품: IN /     
CASEOLOGY by Spigen Capella Mag Kickstand for iPhone 16 Pro Max Case [Built-in Kickstand] Military Grade Drop Protection Back Cover Case for iPhone 16 Pro Max (TPU and PC | Clear Gray)
ASIN: B0D485JJ2X
구매일자: 2025-09-23","1차: 사용한지 6개월된 케이스 황변. 동일 제품 교환 요청(사진 첨부)
-> 도움 불가 1차 안내
2차: 변색이 되지 않는다는 광고와 다른 현상(황변)이 발생한 것이 문제임. 어떤 조건에서 변색이 발생하는지에 대한 명확한 설명 없음과 자신의 사용 환경이라고 단정짓는 것이 문제라고 지적. 책임 회피임. 교체 요구 및 미처리시 소보원 및 아마존 신고 예고.","구매 6개월 28일 경과
(최근 2년) 총 주문 제품 7개 / FBA 환불 0건 / 셀러 환불 1건 - 충성 고객
이전 고객 문의 티켓)
#1000090082 DA 12 Stylus Pen 펜 사용 중 작동이 멈추어 회수 후 환불 (배송비 INQ 부담)
#1000084535 iPhone 14 Pro용 UH 케이스 황변으로 100% 환불 (폐기사진 확인 후)
<인도 황변 관련 프로시저 업데이트 / 2025.04.22 공지>
❒ 황변으로 셀러 환불받은 이력이 있는 경우, 황변 사유로 신규 문의 시 해당 제품의 워런티 기간은 기존 1년이 아닌 6개월로 제한 적용 (인도에 한함)","고객 불편 유감
황변의 경우 유저의 사용 습관, 환경, 외부 요인 등으로 발생할 수 있음
충성 고객 고려하여 예외적으로 환불 도움 드림 + 폐기사진 요청
Apr 21, 5:11 PM",,
김지우 Kevin 글로벌CX전략팀,https://spigenhelp.zendesk.com/agent/tickets/1000144884,"링크: https://spigenhelp.zendesk.com/agent/tickets/1000144884
국가 / 제품: UK / Apple Vision Pro Klasden Bag
ASIN=B0D7QQ4F9G / SKU=AGP08663
구매일자: 2026-02-15","1차: 제품 불량 주장 및 교체 요청 (사진 첨부) → 사용 환경 및 경위 문의
2차(현재): 카라비너 사용 중 자연 분리(접착 문제 추정) 주장, 외부 충격 없음 강조 → 환불 또는 교체 요청","구매 약 2개월 경과
(최근 2년) 총 주문 9개 / FBA 환불 0건 / 셀러 환불 0건 / 셀러 코드 발급 0건
카라비너 연결 상태에서 사용 중 본체 분리되었다는 주장, 사진상 외부 충격 흔적 확인 어려움
GCX 기준상 사용 중 분리/접착 이슈는 외부 환경(열, 사용 방식 등) 영향 가능성 있어 제조상 결함 단정 어려움
유사 전례: 구조 분리/접착 이슈 건 환불 처리 사례 존재 (일부 안전 우려 동반 케이스 환불 대응)
충성 고객 (주문 9건, 환불 0건)
※ 위 근거로 “제조상 결함 확인 불가, 고객 불편 고려 환불” 예정","제품 사용 중 불편을 겪으신 점 유감
사진 확인 결과 제조상 결함은 확인되지 않았음
고객 불편을 고려하여 환불 도움 예정",양숙랑 Grace 글로벌CX전략팀,"Apr 20, 4:27 PM
프로님. 5개월 사용하고 환불을 해주면 해당 고객은 또 반복이 될 가능성이 있을것 같습니다. 충성고객인 점 알고 있지만 우려가 됩니다.
인도 사업부에서 환불에 대해 더 엄격하게 체크 하는 부분이 있는데요.
인도 영업팀에 환불을 해주는 것이 좋을지, 대체품 2개 보내줄수 있으면 대체품을 보내면 좋을지 확인하여 이하 대응하면 좋을것 같습니다.
Apr 20, 4:27 PM"
김지우 Kevin 글로벌CX전략팀,https://spigenhelp.zendesk.com/agent/tickets/1000144864,"링크: https://spigenhelp.zendesk.com/agent/tickets/1000144864
국가 / 제품: UK / Galaxy S25 Ultra Liquid Crystal Glitter
ASIN=B0DJ9VVRLW / SKU=ACS08950
구매일자: 2026-01-10","1차: 케이스 황변 및 손자국 발생 주장(사진 첨부) → 로고 확인 요청
2차: 로고 포함 사진 첨부하며 재인입 → 폐기사진 요청 후 환불 안내
3차(현재): 폐기 요구에 대한 강한 불만 및 법적 대응/차지백 언급 → 환불 요구","구매 약 3개월 경과
(최근 2년) 총 주문 3개 / FBA 환불 0건 / 셀러 환불 0건 / 셀러 코드 발급 0건
황변 클레임 + Anti-yellowing 허위광고 주장 및 강성 컴플레인 (차지백/리뷰 언급)
사진상 황변 확인되나, 사용환경 및 외부요인 영향 가능성 존재
유사 황변 전례 다수 존재 (폐기사진 조건 환불 케이스)
충성 고객 해당 (주문 3건 / 환불 이력 없음)
※ 위 근거로 “제조상 결함 확인 불가, 고객 불편 및 충성 고객 고려 폐기사진 확인 후 환불” 예정","고객 상황에 대한 유감 표현드립니다.
황변의 경우, 형광등, 자외선 노출, 충전기 발열, 화장품 등 다양한 유저의 사용환경 및 외부요인에 의해 발생될 수 있음
고객 불편을 고려하여 환불 도움드림 (폐기 확인 후 환불)",임영신 June 글로벌CX전략팀,"Apr 20, 5:39 PM
@
양숙랑 Grace 글로벌CX전략팀
 리더님, 
쇼피에서 구매한 고객 클레임에 관해 문의드리고자 합니다. 
이 클레임은, 이전에 지우P께서 SIREN 등록했던 나노팝 케이스의 자석 들뜸 현상에 관한 것입니다. 이 SIREN은 등록 후, 이상 없은 판정 받은 바 있어 참고 부탁드립니다. 
Galaxy S26 Nano Pop MagFit 자석들뜸 이슈 SIREN 검토_글로벌CX전략팀_26.03.13
고객이 주장하기를, 제품 구매한지 얼마 되지 않아 이 이슈가 발생하였고, 이에 따라 바우처를 지급하였습니다. 이후, 지급받은 바우처로 동일 제품을 산 고객이 이번에도 동일한 현상이 일어났다고 클레임하였습니다. 
쇼피에서는 아마존과 달리, 환불 이나 대체품 제공 대신 바우처로 고객 대응을 하고 있는데요. 이번에도 고객 불편 고려한 ,바우처를 지급하면서 코멘트를 하는 것이 좋지 않을까 생각이 들어 의견 여쭈어봅니다.
Apr 20, 5:39 PM"
김지우 Kevin 글로벌CX전략팀,https://spigenhelp.zendesk.com/agent/tickets/1000144894,"링크: https://spigenhelp.zendesk.com/agent/tickets/1000144894
국가 / 제품: FR / iPhone 15 Plus Liquid Air
ASIN=B0C5S9HBMG / SKU=ACS06651
구매일자: 2024-10-20","1차: 제품 결함 주장하며 교환 요청 → 사용 중 발생 가능성 안내 및 도움 불가
2차: 프랑스 법 기준 2년 보증 주장 및 신고 언급 → 동일 기준으로 도움 불가 재안내
3차(현재): 케이스 찢어짐 재주장하며 교체 요구 지속 → 도움 불가 유지","구매 약 1년 6개월 경과
(최근 2년) 총 주문 7개 / FBA 환불 4건 / 셀러 환불 0건 / 셀러 코드 발급 0건
사진/영상 미첨부 상태로 “찢어짐” 주장 → 제품 상태 및 인과 확인 불가
사용 기간 장기 경과 + 외부 요인(마찰/사용 환경) 영향 가능성 높음
법적 보증(2년) 근거로 강성 컴플레인 및 신고 언급
환불 비율 과다(4/7)
※ 위 근거로 “제조상 결함 확인 불가, 사용 환경 및 외부 요인에 따른 손상으로 도움 불가” 예정","고객 상황에 대한 유감 표현
사용환경 및 외부 영향에 따른 변형은 워런티 대상이 아님
도움 불가 3차 안내 (재인입시 NRN)
Fwd: Housse iPhone 15 plus défectueuse
#1000144894
Mathias LEVY levymathias@hotmail.com
SQ CrBiz fwd'ed
Status         hold
Priority        high
View
Update
Comment
By 
Zendesk
App
Remove preview",나아름 Jane 글로벌CX전략팀,"Apr 21, 10:06 AM
@
김지우 Kevin 글로벌CX전략팀
 프로님, 이 고객 제가 어제 선컨텍했던 고객인데, 리뷰에 기재된 이름과 저희에게 컨텍한 이름이 상이하네여. 추가로 이미 반품을 진행하였기에 별도로 저희가 취할 액션은 없을 것 같습니다. 작성하신대로 대응 부탁드려요!
Apr 21, 10:06 AM"
김지우 Kevin 글로벌CX전략팀,https://spigenhelp.zendesk.com/agent/tickets/1000144033,"링크: https://spigenhelp.zendesk.com/agent/tickets/1000144033
국가 / 제품: IN / iPad Pro 13 (25) SP_Glas.tR
 EZ Fit Slim
ASIN=B0CWSG591K / SKU=AGL07793
구매일자: 2026-04-11","1차: 좌측 상단 접착 불량 및 잔여 자국 주장(사진 첨부) → 바코드 사진 요청
2차(현재): 바코드 및 추가 설명 제출, 박스 상태 불량 주장 → 환불 또는 조치 요청","구매 3일 경과
(최근 2년) 총 주문 5개 / FBA 환불 3건 / 셀러 환불 0건(2년전 2건) / 셀러 코드 발급 0건
접착 불량 및 패키지 손상 모두 배송/보관 과정(FBA) 영향 가능성 높음
당사 직접 출고가 아닌 Amazon FBA 배송 건으로 물류/포장 과정 개입 불가
고객 환불 이력 높음(60%) → 반복 환불 패턴 확인됨 (IN 고객)
유사 전례 다수: FBA 배송 중 제품 상태 이슈 → Amazon CS 통해 처리 일관 적용
※ 위 근거로 “FBA 배송 중 발생한 패키지 파손으로 사료, Amazon CS 안내” 예정","고객 상황에 대한 유감 표현
배송 중 발생한 패키지 파손으로 확인되며, 해당 경우 FBA CS에 문의 바람 (FBA 안내)
제조상 결함이 발견되지 않아 도움 불가 안내",나아름 Jane 글로벌CX전략팀,"Apr 14, 9:26 AM
@
김지우 Kevin 글로벌CX전략팀
 프로님, 작성하신대로 처리 부탁드립니다.
고객이 언급한 제품의 접착 문제보다는 유저의 미숙한 부착 방법때문으로 사료되는데요,,, 이 내용은 언급하실 필요없이 프로님이 작성하신 내용으로 대응하시면 됩니다!
Apr 14, 9:26 AM"
김지우 Kevin 글로벌CX전략팀,https://spigenhelp.zendesk.com/agent/tickets/1000143859,"링크: https://spigenhelp.zendesk.com/agent/tickets/1000143859
국가 / 제품: JP / Google Pixel 10 SP_Glas.tR
 EZ Fit Slim
ASIN=B0D851Z6N8 / SKU=AGL08442
구매일자: 2026-03-03","1차: 필름 부착 후 우측으로 점점 밀림 현상 발생 문의 → 사진 및 바코드 요청
2차(현재): 사진 첨부하며 불량 여부 및 대응 요청 → 사진 검토 결과 부착 상태 이슈로 판단","구매 약 1.5개월 경과
(최근 2년) 총 주문 5개 / FBA 환불 3건 / 셀러 환불 0건 / 셀러 코드 발급 0건
첨부 사진상 필름 정렬 불균형 및 부착 위치 편차 확인되며, 부착 과정에서 발생한 밀림으로 판단됨
EZ Fit 제품 특성상 부착 가이드 사용 시에도 압착 방식/환경에 따라 위치 편차 발생 가능
GCX_2024 CS PROCEDURE 기준상 부착 실패/사용 환경 영향으로 판단되는 경우 워런티 대상 아님
※ 위 근거로 “사용환경 및 부착 과정 영향으로 판단되어 도움 불가” 예정","제품 사용 중 불편을 겪으신 점 유감
사진 확인 결과 제조상 결함은 확인되지 않았음
도움 불가한 점 양해 부탁",나아름 Jane 글로벌CX전략팀,"Apr 10, 5:54 PM
@
김지우 Kevin 글로벌CX전략팀
 프로님, 고객 영상 확인했습니다. 대체품 제공 안내 부탁드려요!
Apr 10, 5:54 PM"
김지우 Kevin 글로벌CX전략팀,https://spigenhelp.zendesk.com/agent/tickets/1000143948,"링크: https://spigenhelp.zendesk.com/agent/tickets/1000143948
국가 / 제품: IN / iPhone 13 Ultra Hybrid
ASIN=B096HKQK9W / SKU=ACS03522
구매일자: 2025-09-25","1차: 황변 발생 주장 및 환불 요청(사진 첨부) → 제조상 결함 아님 안내 및 도움불가
2차: 보증 정책 및 변색 책임 강하게 이의 제기 + Consumer Court 언급 → 동일 사유 반복 및 외부 요인 안내, 도움불가 재안내
3차: 환불 불가 시 교체 요청 → 도움불가 유지
4차(현재): 브랜드 비난 및 강성 불만 표출 → NRN필요","구매 6개월 20일 경과
(최근 2년) 총 주문 2개 / FBA 환불 0건 / 셀러 환불 1건 / 셀러 코드 발급 0건
핵심 쟁점 요약
황변 이슈로 환불 요청 (사진 제출)
동일 제품 동일 사유로 과거 100% 환불 이력 존재 (#1000092189)
상이 이메일로 재인입 + ABM 중복 티켓 존재
Consumer Court 언급 및 강성 클레임
내부 기준(GCX_2024 CS PROCEDURE) 검토 결과
IN 국가 황변 프로시저 적용 대상: 기존 황변 환불 이력 존재 시 워런티 6개월 제한
타고객 유사 전례
IN 황변 반복 클레임 케이스 다수 → 동일하게 도움불가 처리 (전례 다수 존재)
※ 위 근거로 “NRN” 예정",NRN,임영신 June 글로벌CX전략팀,"Apr 7, 5:46 PM
확인 감사해요!
Apr 7, 5:46 PM"
김지우 Kevin 글로벌CX전략팀,https://spigenhelp.zendesk.com/agent/tickets/1000143929,"링크: https://spigenhelp.zendesk.com/agent/tickets/1000143929
국가 / 제품: IN / Galaxy S26 Ultra Air Skin Aramid MagFit
ASIN=B0FVB22GHK / SKU=ACS11029
구매일자: 2026-03-12","1차: 코팅 벗겨짐 주장 및 교체 요청(사진 첨부) → 추가 자료 요청
2차: 사진 및 바코드 제출 → 제조상 결함 아님 안내 및 도움불가
3차: 제조결함 주장 + 소비자법/법적조치 언급 + CEO 메일 CC → 도움불가 재안내
4차(현재): 동일 주장 반복 및 환불/교체 재요청 → 도움불가 최종 안내 예정","구매 약 1개월 경과
(최근 2년) 총 주문 2개 / FBA 환불 0건 / 셀러 환불 0건 / 셀러 코드 발급 0건
핵심 쟁점 요약
코팅 벗겨짐 관련 사진 제출 (엣지 마모 형태)
고객은 자연 발생 → 제조 결함 주장
Consumer Protection Act 및 NCDRC 등 법적 대응 언급
CEO 포함 메일 발송된 강성 클레임 케이스
사진상 마찰/사용 환경에 따른 외부 요인 영향으로 판단
제조상 결함으로 보기 어려움 → 워런티 대상 제외
강성 반복 클레임 및 법적 언급 케이스 → 일관된 도움불가 유지 필요
타고객 유사 전례: #1000143509 동일 제품 코팅 이슈 → MCF 제공 사례
본 건은 강성 및 법적 언급 케이스로 추가 예외 적용 부적절
※ 위 근거로 “제조상 결함 확인 불가 + 외부 요인 판단 → 도움불가 최종 안내 후 NRN 전환” 예정","고객 상황에 대한 유감 표현
사진 확인 결과, 사용환경 및 외부 영향에 의한 파손으로 사료되며 제조상 결함은 확인되지 않음
도움 불가 최종안내(재인입 시 NRN)",나아름 Jane 글로벌CX전략팀,"Apr 3, 10:20 AM
@
김지우 Kevin 글로벌CX전략팀
 프로님 고객 영상 확인했습니다. (중간에 충전 중단됨) >> 작성헤주신대로 처리 부탁드려요. 감사합니다!
Apr 3, 10:20 AM"
김지우 Kevin 글로벌CX전략팀,https://spigenhelp.zendesk.com/agent/tickets/1000144255,"링크: https://spigenhelp.zendesk.com/agent/tickets/1000144255
국가 / 제품: IN / Galaxy S26 Ultra Thin Fit MagFit
ASIN=B0GDHBDG47 / SKU=ACS11394
구매일자: 2026-03-04","1차(현재): 케이스 코팅 지속적 벗겨짐 주장 (사진 첨부, 일반 사용 환경 강조) → 환불 또는 교환 요청","구매 약 1개월 경과
(최근 2년) 총 주문 8개 / FBA 환불 0건 / 셀러 환불 0건 / 셀러 코드 발급 0건
사진상 코팅 벗겨짐 확인되나, 사용환경 및 외부 영향 가능성 배제 어려움
GCX 기준상 명확한 제조 이슈 단정 어려우나 초기 사용 기간 및 신제품 고려 시 고객 불편 큼
타고객 유사 전례 다수 존재 (#1000141339, #1000141522, #1000143509) → 동일 케이스 환불/교품 사례 확인 - 
갤럭시 S26시리즈 Thin Fit Magfit(ACS11394, ACS11396)_코팅 박리 이슈_3/23등록_GCX
충성 고객 (총 주문 8건, 환불 이력 없음)
※ 위 근거로 “제조상 결함 확인 불가, 고객 불편 고려 환불” 예정","제품 사용 중 불편을 겪으신 점 유감
사진 확인 결과, 사용환경 및 외부 영향에 의한 파손으로 사료되며 제조상 결함은 확인되지 않음
고객 불편을 고려하여 환불 도움",양숙랑 Grace 글로벌CX전략팀,"Apr 6, 10:26 AM
 프로님.
키보드 일부 및 게임 중 터치 미인식 지속 되는 부분도 좀 의문이긴 합니다만.
요청사진등에 대해  잘 회신하는 부분 감안하여 원주문 100% 환불안내 부탁 드립니다.
Apr 6, 10:26 AM"
김지우 Kevin 글로벌CX전략팀,https://spigenhelp.zendesk.com/agent/tickets/1000144266,"링크: https://spigenhelp.zendesk.com/agent/tickets/1000144266
국가 / 제품: IN / Galaxy S25 Ultra Ultra Hybrid MagFit
ASIN=B0DJ9VJCTD / SKU=ACS08958
구매일자: 2026-02-26",1차(현재): 케이스 측면 황변 발생 주장 (사진 제출) → 교환 요청,"구매 약 1.5개월 경과
(최근 2년) 총 주문 10개 / FBA 환불 5건 / 셀러 환불 1건 / 셀러 코드 발급 0건
사진상 황변 현상 확인되나, 투명 TPU 소재 특성 및 사용환경 영향 가능성 높음
GCX 기준상 황변은 외부 요인(자외선, 열, 오염 등)에 의한 자연 변색으로 분류 → 워런티 대상 아님
타고객 유사 전례 다수 존재 (황변 → 도움불가 기준 일관 적용)
총 주문 대비 환불 비율 과다(6/10) → 반복 환불 성향 확인, 인도 고객 특성상 블랙컨슈머 가능성 존재
※ 위 근거로 “사용환경에 따른 황변 → 도움불가 1차 안내” 예정","제품 사용 중 불편을 겪으신 점 유감
황변의 경우, 형광등, 자외선 노출, 충전기 발열, 화장품 등 다양한 유저의 사용환경 및 외부요인에 의해 발생될 수 있음
도움 불가한 점 양해 부탁",양숙랑 Grace 글로벌CX전략팀,"Apr 6, 10:53 AM
프로님. 이 고객 티켓 본문 확인하였고 악의적이지 않아 환불도움 드리면 좋을것 같습니다.
Apr 6, 10:53 AM"
김지우 Kevin 글로벌CX전략팀,https://spigenhelp.zendesk.com/agent/tickets/1000144266,"링크: https://spigenhelp.zendesk.com/agent/tickets/1000144266
국가 / 제품: IN / Galaxy S25 Ultra Ultra Hybrid MagFit
ASIN=B0DJ9VJCTD / SKU=ACS08958
구매일자: 2026-02-26","1차: 케이스 측면 황변 발생 주장 (사진 제출) → 교환 요청
2차(현재): 4개월밖에 안 되었음. 이러한 상황이라면 슈피겐을 선택할 이유가 없다고 주장","구매 약 1.5개월 경과
(최근 2년) 총 주문 10개 / FBA 환불 5건 / 셀러 환불 1건 / 셀러 코드 발급 0건
사진상 황변 현상 확인되나, 투명 TPU 소재 특성 및 사용환경 영향 가능성 높음
GCX 기준상 황변은 외부 요인(자외선, 열, 오염 등)에 의한 자연 변색으로 분류 → 워런티 대상 아님
타고객 유사 전례 다수 존재 (황변 → 도움불가 기준 일관 적용)
총 주문 대비 환불 비율 과다(6/10) → 반복 환불 성향 확인, 인도 고객 특성상 블랙컨슈머 가능성 존재
※ 위 근거로 “사용환경에 따른 황변 → 도움불가 2차 안내” 예정","제품 사용 중 불편을 겪으신 점 유감
제조상 결함이 발견되는 경우에만 워런티 보증 가능함
도움 불가한 점 양해 부탁 (도움 불가 2차 안내)",양숙랑 Grace 글로벌CX전략팀,"Apr 6, 12:28 PM
프로님. 한번더 MCF 부탁 드려요.
Apr 6, 12:28 PM"
임영신 June 글로벌CX전략팀,https://spigenhelp.zendesk.com/agent/tickets/1000144280,"https://spigenhelp.zendesk.com/agent/tickets/1000144280
국가 / 제품: UK / Spigen Glas.tR
 Optik Tempered Glass Camera Lens Protector for iPhone 16 Pro, iPhone 16 Pro Max, iPhone 15 Pro, iPhone 15 Pro Max, iPhone 14 Pro, iPhone 14 Pro Max - Transparent (2 Pack)
ASIN: B0C9RRRHMP
구매일자: 2026-03-05","1차: 렌즈 글라스 두 세트 모두 2주도 채 되지 않아 떨어짐. 접착력이 매우 약함
-> 제품 상태 및 바코드 사진 요청 (구매 1개월 경과)
2차: 제품 폐기하여 가지고 있지 않음.",(최근 2년) 총 주문 제품 15개 / FBA 환불 제품 3개 / 셀러 환불 0건 / MCF 발송 1건 - 충성 고객,"고객 불편 유감
사진 확인이 불가하여 원칙상 지원이 어렵지만, (충성) 고객 불편 고려하여 예외적으로 사진 없이 환불 (MCF 재고 없음)
Apr 15, 4:28 PM",,
임영신 June 글로벌CX전략팀,https://spigenhelp.zendesk.com/agent/tickets/1000144271,"https://spigenhelp.zendesk.com/agent/tickets/1000144271
국가 / 제품: UK / Spigen Glas.tR
 EZ Fit Tempered Glass Screen Protector for iPhone 17 Pro Max, iPhone 16 Pro Max - 2 Pack
ASIN: B0D84R9HYW
구매일자: 2026-04-13","1차:  일주일 동안 2번 구매했는데, 두 번 모두 부착 과정에서 실패하여 버려야 했음. 대체품 문의
->제품 및 바코드 사진 요청 + 이슈에 대한 상세 설명
2차: 결함이 있어서 폐기했고 파손된 글라스를 보관할 수 없었음","(최근 2년) 총 주문 제품 3개 / FBA 환불 제품 0개 / 셀러 환불 0건 / MCF 발송 0건
구매 내역 3건 모두 동일한 글라스 구매함","고객 불편 유감
이슈 확인 가능한 사진 없이 도움 불가하나 예외적으로 한 건에 대해 대체품 제공으로 도움 드리고자 함 + 동의시 정보 요청
Apr 15, 4:31 PM",,
"3 unread,",https://spigenhelp.zendesk.com/agent/tickets/1000143571,"https://spigenhelp.zendesk.com/agent/tickets/1000143571
국가 / 제품: UK /Spigen Slim Armor Pro MagFit Case for Samsung Galaxy Z Fold 7, Compatible with MagSafe Accessories - Metal Slate
ASIN: B0F1BW4QBC
구매일자: 2026-09-05","1차: Galaxy Z Fold 7용 SA Pro MagFit 케이스로 인해 휴대폰이 접촉하는 모든 부위에서 휴대폰의 코팅이 벗겨지고, 휴대폰을 접고 펼치는 과정에서 마찰을 일으켜 왼쪽 부분에 스크래치가 발생함. 케이스가 먼지나 이물질의 유입을 방지하지 못할 뿐만 아니라, 오히려 케이스 내부에 갇히면서 이물질이 표면에 닿아 휴대폰을 손상시키는 것으로 보임. 휴대폰은 항상 주머니에만 보관해 왔으며, 떨어뜨린 적도 없고 케이스 내부에 유입된 먼지나 이물질 역시 일반적인 외부 노출 수준이었음
오히려 이 케이스를 사용하지 않았더라면 더 나았을 것이라고 판단되며 필요하다면 사진 제공 가능함
->사진 요청
2차:사진 첨부
->기기 보상 불가 + 제품 환불만 가능함 안내
3차: 기기에 심각한 손상을 입혀 매우 실망스러움. 리뷰를 보니 많은 유저들이 동일한 이슈 겪고 있는 것으로 보이며, 이는 제품 설계 결함이라고 생각됨. £2,000 상당의 휴대폰이 손상되어 가치가 크게 떨어져 케이스 환불만으로는 기기 손상에 대한 보상을 충분히 할 수 없으니 추가 보상 방안 알려주길 바람
->제조 결함으로 인한 손상으로 보기 어려움 + 기기 보상 불가 + 제품 환불만 가능함 2차 안내
4차: 제조 또는 설계 결함으로 볼 수 없다는 답변에 동의할 수 없으며 다른 고객들이 남긴 유사한 사례가 확인되어 케이스 설계의 결함임을 나타냄. 휴대폰 손상은 대부분 케이스가 제대로 맞지 않는 상단부와 힌지 부분에서 발생했고 케이스가 맞지 않아서 이물질이 케이스로 내부로 유입되었음. 케이스 상단부가 스크린 좌측을 제대로 커버하지 못하여 옆으로 미끄러지며 이로 인해 먼지와 이물질이 케이스 내부를 긁으면서 가장자리를 따라 스크래치가 생겼음. 케이스의 힌지 부분이 휴대폰을 열 때마다 마찰되어 불필요한 마모를 일으키며 가격을 고려했을 때 이물질 유입을 방지하며 기기에 더 잘 맞고 휴대폰의 움직이는 부품과의 마찰을 최소화하도록 설계했어야 함. 충분한 테스트를 거치지 않고 급하게 출시한 것으로 보이며 지금까지 구매한 케이스 중에 가장 고가인데 유일하게 기기에 손상을 일으킨 제품이기도 함. 따라서 케이스 가격만 환불 처리되는 것은 충분하지 않으며 기기 손상에 대한 추가적인 보상을 요청함","2025.9.5일 구매(구매 후 222일 경과)
(최근 2년) 총 주문 제품 1개 / FBA 환불 제품 0개 / 셀러 환불 0건 / MCF 발송 0건","고객 불편 유감
고객 의견 유관 부서 전달+첨부 사진으로부터 제조 결함 확인 어려움 + 제품 환불만 가능함 3차 안내",임영신 June 글로벌CX전략팀,"Apr 7, 2:57 PM
확인 감사합니다~!
Apr 7, 2:57 PM"
임영신 June 글로벌CX전략팀,https://spigenhelp.zendesk.com/agent/tickets/1000144068,"https://spigenhelp.zendesk.com/agent/tickets/1000144068
국가 / 제품: IT / Spigen Essential MagFit Qi2 Caricatore Wireless 3-in-1 15W, Stazione di Ricarica Magnetica con Rotazione Touch per iPhone 17/16/15/14 Pro Max 17e Samsung Galaxy S26 Ultra Plus, AirPods e Apple Watch
ASIN: B0FCDK3QM1
구매일자: 2026-03-14","1차: EF223MS 무선 충전기가 아이팟과 애플워치는 충전이 잘 되는데 아이폰 충전이 안됨. 전원에서 충전기 분리, 휴대폰 케이스 제거, 다른 아이폰으로 충전 시도 등 해결 방안들은 이미 모두 확인한 상태임. 
-> 사용 기기 등 정보 요청
2차: 영상과 바코드 첨부. iPhone 16 Pro 충전하고, Apple A2164 30W USB-C 전원 어댑터와 EF223MS 무선 충전기에 동봉된 케이블 사용.","(최근 2년) 총 주문 제품 1개 / FBA 환불 제품 0개 / 셀러 환불 0건 / MCF 발송 0건
재고: 669 fulfillable","고객 불편 유감
고객 의견 유관 부서 전달+ 영상에서 제조상 결함 파악 어려우나 불편 고려하여 대체품 제공 도움 드리고자함 + 동의시 정보 요청
Apr 15, 5:15 PM",,
"2 unread,",https://spigenhelp.zendesk.com/agent/tickets/1000144150,"https://spigenhelp.zendesk.com/agent/tickets/1000144150
국가 / 제품: FR / Spigen Glas.tR
 Slim Verre Trempé pour BMW Motorrad 6.5"" TFT Display Screen, R1250GS (2025-2018), 1 Unité, Ultra Claire, 9H Protection écran, Accessoire moto
ASIN: B0C3JCLHYQ
구매일자: 2026-04-13","1차: BWM R1250GS용 Glas.tR
 Slim (B0C3JCLHYQ)을 주문했는데, 수령한 제품은 불량으로 보이며, 전혀 투명하지 않고 매우 어두운 상태이며 첨부 사진과 같이 빛 투과가 거의 되지 않음. 
제품 부착 시 화면 밝기가 크게 낮아져 속도 확인이 어려울 정도로 시인성이 떨어지며, 주행 시 위험할 수 있음.
제품 상세페이지에서는 투명하게 보였으나 실제 수령 제품은 매우 어두워 정상 제품이 아니라고 판단되며, 제조 과정 문제로 추정됨. 해당 제품에 명백한 문제가 있다고 판단되어 환불을 요청
-> -> 첨부해주신 사진을 확인한 결과, 글라스 표면에 부착된 보호필름이 아직 제거되지 않은 상태로 보임 + 보호필름 부착된 상태에서는 어둡게 보일 수 있음
2차: 보호 필름을 모두 제거하고 Glas.tR
 Slim (B0C3JCLHYQ)을 제대로 부착했지만 이번 제품은 정상적이지 않음. 
광고와 달리 ""Ultra Clear""가 아니라 매우 어둡고, 명백한 불량품임. 이미 부착 떼어냈기 때문에 부착 상태에 대한 사진은 제공할 수 없음. 특히 낮에는 속도계가 거의 보이지 않았고, 이 상태에서는 주행하기에 위험함. 요청한 제품 박스 사진 첨부함.
빠른 환불을 받아 다른 제품을 주문하고 싶은데, 그렇지 않으면 제품에 대해 부정적인 리뷰를 작성하겠음.",(최근 2년) 총 주문 제품 1개 / FBA 환불 제품 0개 / 셀러 환불 0건 / MCF 발송 0건,"고객 불편 유감
제조 결함 확인되지 않으나 불편 고려하여 환불로 도움드리고자 함 + 글라스에 유성팬으로 X자 표시 후 사진 전달 요청 (폐기 사진 요청)",임영신 June 글로벌CX전략팀,"Apr 7, 5:39 PM
확인 감사합니다.
Apr 7, 5:39 PM"
김지우 Kevin 글로벌CX전략팀,https://spigenhelp.zendesk.com/agent/tickets/1000143859,"링크: https://spigenhelp.zendesk.com/agent/tickets/1000143859
국가 / 제품: JP / Google Pixel 10 Glas.tR
 EZ Fit Slim
ASIN=B0D851Z6N8 / SKU=AGL08442
구매일자: 2026-03-03","1차: 글라스 부착 후 우측으로 밀림 발생 → 사진 및 바코드 요청
2차: 사진 제출 후 불량 여부 문의 → 제조상 결함 확인 불가, 도움 불가 안내
3차: “사기/아마존 신고” 등 강성 클레임 → 내부 확인 후 동일 기준 안내
4차(현재): 가이드 불량 가능성 제기 및 초기 불량 여부 재문의","구매 1개월 경과
(최근 2년) 총 주문 5개 / FBA 환불 3건 / 셀러 환불 0건 / 셀러 코드 발급 0건
사진상 글라스 밀림 현상 확인되나, 내부 검토 결과 “외부 압력 누적 시 이동 가능” → 자연 발생 불가
제품 구조상 일반 사용 환경에서 자발적 이동 불가 → 제조상 결함 근거 부족
강성 클레임 (사기 주장, Amazon 신고 언급) 발생
※ 위 근거로 “제조상 결함 확인 불가, 외부 요인 가능성 → 도움불가 3차” 예정","제품 사용 중 불편을 겪으신 점 유감
사진 확인 결과 제조상 결함을 확인할 수 없음
이에 도움 불가한 점 양해 부탁 (재인입시 NRN)",임영신 June 글로벌CX전략팀,"Apr 7, 5:46 PM
네 알겠습니다. 인도사업부에 문의 후, 대응하도록 하겠습니다.
Apr 7, 5:46 PM"
김지우 Kevin 글로벌CX전략팀,https://spigenhelp.zendesk.com/agent/tickets/1000144308,"링크: https://spigenhelp.zendesk.com/agent/tickets/1000144308
국가 / 제품: IN / Galaxy Buds 4 Pro Lock Fit
ASIN=B0G7N15XXS / SKU=ACS11202
구매일자: 2026-04-05","1차: 케이스 장착 시 무선 충전 불가 (영상 첨부) → 충전 테스트 기기 및 제품 정보 요청
2차(현재): 다양한 기기(S24 Ultra, S10+, Harman Kardon(타사 스피커))로 테스트했으나 동일 증상 주장 및 자료 제출 → 검토 후 대응 필요","구매 11일 경과
(최근 2년) 총 주문 18개 / FBA 환불 6건 / 셀러 환불 1건 / 셀러 코드 발급 0건
영상 상 다기기 테스트 제출로 무선충전 불가 재현 주장 (겔럭시, 스피커로 재현)
타사제품 Harman Kardon Citation Oasis 메뉴얼상 무선충전 디바이스와 충전 패드 사이  케이스 같은 장애물이 있을시 충전 불가하다는 문구 명시
황변 환불 이력 존재 (#1000120515
https://spigenhelp.zendesk.com/agent/tickets/1000120515
 Galaxy S24 Ultra용 Ultra Hybrid S 케이스)
케이스 두께/충전기 환경에 따라 충전 불가 가능 → 제조상 결함 단정 어려움
※ 위 근거로 “제조상 결함 확인 불가, 도움 불가” 예정","제품 사용 중 불편을 겪으신 점 유감
영상 확인 결과 제조상 결함은 확인되지 않았음
무선충전 특성상 케이스 두께/충전기 환경에 따라 충전 불가 가능
도움 불가한점 양해 바람",임영신 June 글로벌CX전략팀,"Apr 7, 5:46 PM
확인 감사해요!
Apr 7, 5:46 PM"
임영신 June 글로벌CX전략팀,https://spigenhelp.zendesk.com/agent/tickets/1000144238,"https://spigenhelp.zendesk.com/agent/tickets/1000144238
국가 / 제품: IT / Spigen Cover per Samsung Galaxy S26 Ultra, Ultra Hybrid S MagFit, Compatibile con MagSafe - Clear White
ASIN: B0FVBPTQT2
구매일자: 2026-03-16","1차: 케이스의 카메라 컷아웃 부분 결함이 있음 (사진 첨부)
-> 사진으로 이슈 확인 어려움 + 다른 각도의 사진 및 상세 내용 회신 요청
2차: 케이스에 버블이 발생하여 외관 및 기능에 영향을 미침. Galaxy S26 Plus용 케이스를 사려고 했지만 지금은 구매를 망설이고 있음",(최근 2년) 총 주문 제품 2개 / FBA 환불 제품 1개 / 셀러 환불 0건 / MCF 발송 0건,"고객 불편 유감
영상 제공 감사+고객 의견 유관 부서 전달 완료+불편 고려하여 대체품 제공 도움 드리고자 함+ 동의시 정보 요청 (MCF: 2,115)
Apr 16, 12:23 PM",,
임영신 June 글로벌CX전략팀,https://spigenhelp.zendesk.com/agent/tickets/1000144096,"https://spigenhelp.zendesk.com/agent/tickets/1000144096
국가 / 제품: IT / Spigen Cover Lock Fit Compatibile con Samsung Galaxy Buds 4 Pro/Galaxy Buds 4 (2026) - Nero Opaco
ASIN: B0G7N15XXS
구매일자: 2026-03-15","1차: 상단 케이스는 잘 제거되었지만 하단 케이스는 분리되지 않으며, 강한 힘을 줘도 잘 떨어지지 않음. 오히려 이어폰 케이스가 파손될까 걱정됨. 이 경우 어떻게 해야 하는지 문의(사진 첨부)
-> 하단 케이블 홀을 이용해 디바이스를 밀어준 다음 캐러비너 홀이 있는 사이드 부분을 잡고 빼면 좀 더 수월하게 탈착 가능 + 문제 지속 시, 동영상 요청
2차: 영상 첨부","(최근 2년) 총 주문 제품 1개 / FBA 환불 제품 0개 / 셀러 환불 0건 / MCF 발송 0건
Lock Fit 탈착 어려움 관련 참고 티켓)
#1000061576 드라이기로 기기 아래 부분에 드라이기 열을 쐬주고 밀어 올리는 방법으로 탈착을 권유
#1000085585 드라이기로 기기 아래 부분에 드라이기 열을 쐬주고 밀어 올리는 방법으로 탈착을 권유. 케이스 변형 방지 및 안전을 위해 약한 열을 사용하시는 것을 권장 드리며, 드라이기로 약하게 열을 가열한 후 떼어주는 방법을 추천 
->  고객 불편 고려하여 100% 환불 진행","고객 불편 유감
드라이기로 기기 아래 부분에 열을 쐬주고 밀어 올리는 방법으로 탈착을 권유 + 케이스 변형 방지 및 안전을 위해 약한 열을 사용하시는 것을 권장 드리며, 드라이기로 약하게 열을 가열한 후 떼어주는 방법을 추천
영상 제공 감사+고객 의견 유관 부서 전달 완료+불편 고려하여 예외적으로 환불 도움
Apr 16, 12:31 PM",,
김지우 Kevin 글로벌CX전략팀,https://spigenhelp.zendesk.com/agent/tickets/1000144308,"링크: https://spigenhelp.zendesk.com/agent/tickets/1000144308
국가 / 제품: IN / Galaxy Buds 4 Pro Lock Fit
ASIN=B0G7N15XXS / SKU=ACS11202
구매일자: 2026-04-05","1차: 케이스 장착 시 무선 충전 불가 (영상 첨부) → 충전 테스트 기기 및 제품 정보 요청
2차: 다양한 기기(S24 Ultra, S10+, Harman Kardon(타사 스피커))로 테스트했으나 동일 증상 주장 및 자료 제출 → 검토 후 대응 필요
3차(현재): “어떤 충전기에서도 충전 안됨, 명확한 설명 요구 및 강한 불만” → 재조치 요청","구매 11일 경과
(최근 2년) 총 주문 18개 / FBA 환불 6건 / 셀러 환불 1건 / 셀러 코드 발급 0건
영상 상 다기기 테스트 제출로 무선충전 불가 재현 주장 (겔럭시, 스피커로 재현)
타사제품 Harman Kardon Citation Oasis 메뉴얼
https://www.harmankardon.co.uk/on/demandware.static/-/Sites-masterCatalog_Harman/default/dwe96a06a7/pdfs/HK_Citation_OASIS_Owner%27s%20Manual_withoutDAB_EN.pdf
상 무선충전 디바이스와 충전 패드 사이  케이스 같은 장애물이 있을시 충전 불가하다는 문구 명시
Galaxy S Series PowerShare 메뉴얼
https://www.samsung.com/uk/support/mobile-devices/how-to-use-wireless-powershare/
상 '악세사리나 케이스 사용시 무선 충전이 제한될 수 있음' 문구 명시
황변 환불 이력 존재 (#1000120515
https://spigenhelp.zendesk.com/agent/tickets/1000120515
 Galaxy S24 Ultra용 Ultra Hybrid S 케이스)
케이스 두께/충전기 환경에 따라 충전 불가 가능 → 제조상 결함 단정 어려움
※ 위 근거로 “제조상 결함 확인 불가, 도움 불가 2차 안내” 예정","제품 사용 중 불편을 겪으신 점 유감
Samsung Galaxy PowerShare
https://www.samsung.com/uk/support/mobile-devices/how-to-use-wireless-powershare/
 / Citation Oasis
https://www.harmankardon.co.uk/on/demandware.static/-/Sites-masterCatalog_Harman/default/dwe96a06a7/pdfs/HK_Citation_OASIS_Owner%27s%20Manual_withoutDAB_EN.pdf
 메뉴얼 참고시에도 케이스의 재질이나 두께에 따라 무선충전이 제한될 수 있으니, 탈착 후 충전을 권장하라는 내용을 확인 가능
고객 제품의 경우 제조상 결함으로 인한 것이 아니니 도움 불가한점 양해 바람 (도움불가 2차)",임영신 June 글로벌CX전략팀,"Apr 7, 5:48 PM
확인 감사합니다.
Apr 7, 5:48 PM"
임영신 June 글로벌CX전략팀,https://spigenhelp.zendesk.com/agent/tickets/1000144221,"https://spigenhelp.zendesk.com/agent/tickets/1000144221
국가 / 제품: UK / Spigen Ultra Hybrid MagFit Case for Samsung Galaxy S26 Ultra, Compatible with MagSafe Accessories - Zero One Black
ASIN: B0FVBMNSG3
구매일자: 2026-03-05","1차: 케이스를 손바닥 높이에서 살짝 떨어뜨렸을 뿐인데 S Pen 부분에 흠집이 생김. TA 케이스를 사용했을때는 이보다 더 큰 낙하에도 이런 문제가 없었음. 물론 어떤 케이스도 완전히 보호되는 것이 아니라는 건 알지만 낙하 충격이 경미했음에도 TA 케이스를 사용했을 때 기대했던 만큼의 보호력을 제공하지 못해서 아쉬움. TA 케이스로의 교환이나 강력한 보호력과 MagSafe 기능 있는 제품 추천 요청.
-> Case 사진 요청 only
2차: 사진 첨부",(최근 2년) 총 주문 제품 2개 / FBA 환불 제품 0개 / 셀러 환불 0건 / MCF 발송 0건,"고객 불편 유감
낙하, 누적된 충격 등 외부 요인에 의한 손상은 워런티 적용 대상은 아님+ 그러나 고객 불편 고려하여 예외적으로 환불 도움 드리고자 함
Apr 16, 3:29 PM",,
김지우 Kevin 글로벌CX전략팀,https://spigenhelp.zendesk.com/agent/tickets/1000144047,"링크: https://spigenhelp.zendesk.com/agent/tickets/1000144047
국가 / 제품: IN / Galaxy S25 Ultra Ultra Hybrid
ASIN=B0DJ9TJYT9 / SKU=ACS08961
구매일자: 2026-02-17","1차: 케이스 2개월 내 변색(황변) 주장 및 교환 요청 → 인보이스 및 로고 확인 요청
2차: 로고 확인 불가 + 인보이스 제출 → 기존 사진 타제품 의심으로 재촬영 요청
3차(현재): 추가 사진 제출했으나 여전히 로고 미확인 / 컷아웃 상이 → 가품 수령 주장 + 즉시 교환 요구 및 리뷰 압박","구매 약 2개월 경과 (다른 제품 Order ID로 예상)
(최근 2년) 총 주문 2개 / FBA 환불 0건 / 셀러 환불 0건 / 셀러 코드 발급 0건
첨부 사진상 자사 제품 식별 불가 (로고 미확인, 카메라 컷아웃 상이)
고객이 “가품 수령” 주장하나, Amazon FBA + 공식 셀러 판매 건으로 정품 출고 구조
GCX 기준상 자사 제품 식별 불가 시 워런티 적용 불가
유사 전례: 비정품/타제품 인입 시 도움 불가 처리 다수 (내부 기준 동일 적용)
IN 고객 + 리뷰 업로드 협박성 발언 확인
※ 위 근거로 “자사 제품 아님으로 판단되어 워런티 도움 불가” 예정","고객 상황에 대한 유감 표현
첨부된 제품 사진은 슈피겐 케이스와 상이
자사 제품이 아닌 경우 워런티 도움 불가함",임영신 June 글로벌CX전략팀,"Apr 8, 12:28 PM
확인 감사합니다.
Apr 8, 12:28 PM"
김지우 Kevin 글로벌CX전략팀,https://spigenhelp.zendesk.com/agent/tickets/1000144442,"링크: https://spigenhelp.zendesk.com/agent/tickets/1000144442
국가 / 제품: IN / Other (ODM) MFT35
ASIN=B0DL6FSY92 / SKU=ACP08313
구매일자: 2025-09-29","1차: 각도 조절 힌지 파손 및 마그네틱 느슨함(소음 발생) 주장 (사진/영상 제출) → 확인 진행
2차(현재): 동일 증상으로 환불 또는 조치 요청","구매 약 6개월 경과
(최근 2년) 총 주문 7개 / FBA 환불 0건 / 셀러 환불 2건 (+2년전 1건)/ 셀러 코드 발급 0건
사진/영상 상 사용 중 파손으로 판단되며, 명확한 제품 자체 이상 단정 어려움
내부 기준 검토 시 사용 중 파손 및 구조 변형은 외부 영향 가능성 높아 보상 제한 케이스
셀러 환불 이력 다수
    #1000014779
https://spigenhelp.zendesk.com/agent/tickets/1000014779
 - QS11 폰 거치대가 파손됨 -> 제조공정상의 결함 확인되지 않음 + 예외적으로 100% 환불 (2023년 환불 건)
    #1000118194
https://spigenhelp.zendesk.com/agent/tickets/1000118194
 - Galaxy S24 Ultra용 SA MagFit 케이스 킥스탠드 불량 -> 100% 환불
    #1000119983
https://spigenhelp.zendesk.com/agent/tickets/1000119983
 - MFT13-1 거치대 지지대에 균열이 발생함 -> 100% 환불
충성 고객 여부: 해당 (총 주문 7개 / 환불 2건 → 기준 충족)
※ 위 근거로 “제조상 결함 확인 불가, 사용 환경에 따른 파손으로 판단되어 도움 불가 1차 안내” 예정","고객 상황에 대한 유감 표현
사진 확인 결과, 사용환경 및 외부 영향에 의한 파손으로 사료되며 제조상 결함은 확인되지 않음
워런티 도움 불가한점 양해 바람",양숙랑 Grace 글로벌CX전략팀,"Apr 8, 5:12 PM
프로님. 제가 thread 에 답변을 남겼는데요.
인도 영업팀 류도희 리더님께 멘션해서 공유하면 좋겠습니다.
저한테 내용 정리했던대로 보내면 좋을것 같습니다.
Apr 8, 5:12 PM"
임영신 June 글로벌CX전략팀,https://spigenhelp.zendesk.com/agent/tickets/1000144341,"https://spigenhelp.zendesk.com/agent/tickets/1000144341
국가 / 제품: ES / Spigen Funda Tough Armor Compatible con Google Pixel 8a - Metal Slate
ASIN: B0CL8BZBMK
구매일자: 2025-01-23","1차: 2025년에 구매한 케이스가 조기에 파손됨 (사용 1년 2개월 경과). 워런티 정책에 따른 교체 문의(사진 첨부)
-> 사용 중 생긴 결함 도움 불가(1차)
2차: 재검토 또는 상위 담당자 검토 요청. ‘일반적인 마모’라는 판단에 대해 동의하기 어려움. TA 케이스를 작년에 구매했으며, 짧은 사용 기간 내 구조적 파손 발생함. 일상적인 사용 환경에서 발생한 문제로, 재질 또는 제조 결함임. 교체가 어려우면 다른 합리적 해결책 요청
-> 도움 불가 2차 안내
3차: 제시된 해결 방안에 대해 실망. 유럽 및 스페인 소비자법상 최대 3년간 제조 결함에 대한 법적 보증이 적용됨. ‘
Tough Armor’ 케이스가 단순 탈착 과정에서 파손된 것은 내구성 문제로, 일반 마모나 환경 요인으로 보기 어려움. 탈착 과정에서도 파손 없이 견딜 수 있어야 함. 향후 구매 시 타 브랜드 고려할 것이며, 배드리뷰 예고.","(최근 2년) 총 주문 제품 2개 / FBA 환불 제품 0개 / 셀러 환불 0건 / MCF 발송 1건
구매 후 1년 2개월 경과","고객 불편 유감
고객 사용 기간 확인하였으며, 사용 과정에서 생긴 제품 파손은 제조상의 결함에 해당하지 않아 도움 어려움 (3차, 이후 NRN)",TCT log Report,"Apr 8, 5:30 PM
TCT Chat Log_GCX 마감보고
날짜: 2026-04-08
• Lazada log: 0 건
• Shopee log: 1 건
시트 링크
Lazada log
Shopee log
Apr 8, 5:30 PM"
임영신 June 글로벌CX전략팀,https://spigenhelp.zendesk.com/agent/tickets/1000144369,"https://spigenhelp.zendesk.com/agent/tickets/1000144369
국가 / 제품: IT / Spigen OneTap MagFit Supporto Cellulare Auto, Porta Telefono Progettato per Magsafe Compatibile con iPhone 15 Pro Max, 15 Pro, 15 Plus, 15, Modelli iPhone 14, 13 e iPhone 12- Versione Presa d'aria
ASIN: B08Y2N3P55
구매일자: 2024-05-02","1차:  ITS12 차량용 거치대 2개를 잘 사용하고 있었는데(2년 보증), 자신과 아내의 차에서 각각 며칠 간격으로 차량용 거치대가 분리됨. 특히 중앙의 ""볼 헨드"" 부분을 고정하는 잠금 너트가 빠져서 다시 조여봤지만, 제대로 고정되지 않고 결국 떨어져 나가 해결 방법 문의.
-> 동영상 요청
2차: 영상 첨부","(최근 2년) 총 주문 제품 10개 / FBA 환불 제품 2개 / 셀러 환불 0건 / MCF 발송 0건 (충성 고객)
구매 후 1년 11개월 경과
현재 재고 있음 (mcf: 54)","고객 불편 유감
고객 사용 기간 1년 11개월 확인하였으며, 사용 과정에서 생긴 제품 파손은 제조상의 결함에 해당하지 않음
그러나 고객 불편 고려하여 대체품 제공 도움 드리고자 함 + 동의 시 정보 요청",나아름 Jane 글로벌CX전략팀,"Apr 8, 5:35 PM
@
김지우 Kevin 글로벌CX전략팀
 프로님, 환불 말고 mcf로 예외적 도움 안내 부탁드립니다. (재고: 42건)
Apr 8, 5:35 PM"
임영신 June 글로벌CX전략팀,https://spigenhelp.zendesk.com/agent/tickets/1000144451,"https://spigenhelp.zendesk.com/agent/tickets/1000144451
국가 / 제품: IT / Spigen Klasden Disegnato per AirPods Max Carrying Case Pouch Bag - Grigio antracite
ASIN: B098SSW16Q (SKU: AFA02996)
구매일자: 2026-03-14","1차: AirPods Max용 Klasden Pouch Bag의 케이블을 고정하는 자석이 매우 약해 불편함을 겪고 있음
USB-C to C 케이블을 수납 공간에 넣어두지만 케이스를 열 때마다 케이블이 밖으로 나와 에어팟에 스크래치가 생길 수 있음
자석이 더 강한 제품으로 교환 가능한지 문의함
->동영상 + 케이블 모델명 문의
2차: 제품에 동봉된 애플 케이블을 사용하며 영상에서처럼 뚜껑을 닫을 때 저항력이 없음(영상 첨부)","(최근 2년) 총 주문 제품 2개 / FBA 환불 제품 1개 / 셀러 환불 0건 / MCF 발송 0건
현재 재고 있음 (mcf: 502)
참고 티켓 #1000135618
https://spigenhelp.zendesk.com/agent/tickets/1000135618
 AirPods Max용 Klasden Pouch Bag 내부 케이블 케이스의 자석이 제대로 부착되지 않음. USB C 케이블을 넣으면 조금만 움직여도 케이블이 빠져서 케이스 안에 툭 떨어져 있음","고객 불편 유감
고객 의견 유관 부서 전달 + 불편 고려하여 환불 도움 드리고자 함",나아름 Jane 글로벌CX전략팀,"Apr 8, 5:42 PM
@
김지우 Kevin 글로벌CX전략팀
 프로님, 이 제품에 원래 케이블이 같이 동봉되서 판매되는건가요?
Apr 8, 5:42 PM"
김지우 Kevin 글로벌CX전략팀,https://spigenhelp.zendesk.com/agent/tickets/1000144442,"링크: https://spigenhelp.zendesk.com/agent/tickets/1000144442
국가 / 제품: IN / Other (ODM) MFT35
ASIN=B0DL6FSY92 / SKU=ACP08313
구매일자: 2025-09-29","1차: 각도 조절 힌지 파손 및 마그네틱 느슨함(소음 발생) 주장 (사진/영상 제출) → 확인 진행
2차: 동일 증상으로 환불 또는 조치 요청 
3차(현재): 외부 요인이 어떻게 영향을 줄 수 있는지설명 요청. 나사를 조이던 중 결함을 발견했다고 함.","구매 약 6개월 경과
(최근 2년) 총 주문 7개 / FBA 환불 0건 / 셀러 환불 2건 (+2년전 1건)/ 셀러 코드 발급 0건
사진/영상 상 사용 중 파손으로 판단되며, 명확한 제품 자체 이상 단정 어려움
내부 기준 검토 시 사용 중 파손 및 구조 변형은 외부 영향 가능성 높아 보상 제한 케이스
셀러 환불 이력 다수
    #1000014779
https://spigenhelp.zendesk.com/agent/tickets/1000014779
 - QS11 폰 거치대가 파손됨 -> 제조공정상의 결함 확인되지 않음 + 예외적으로 100% 환불 (2023년 환불 건)
    #1000118194
https://spigenhelp.zendesk.com/agent/tickets/1000118194
 - Galaxy S24 Ultra용 SA MagFit 케이스 킥스탠드 불량 -> 100% 환불
    #1000119983
https://spigenhelp.zendesk.com/agent/tickets/1000119983
 - MFT13-1 거치대 지지대에 균열이 발생함 -> 100% 환불
충성 고객 여부: 해당 (총 주문 7개 / 환불 2건 → 기준 충족)
※ 위 근거로 “제조상 결함 확인 불가, 사용 환경에 따른 파손으로 판단되어 도움 불가 2차 안내” 예정","고객 상황에 대한 유감 표현
사진 및 영상 확인 결과, 
고객이 제공한 사진 및 영상 검토 결과, 사용 과정 또는 외부 요인에 의해 발생한 것으로 보임
워런티 도움 불가한점 양해 바람 (도움불가 2차)
Apr 17, 5:34 PM",,
김지우 Kevin 글로벌CX전략팀,https://spigenhelp.zendesk.com/agent/tickets/1000144508,"링크: https://spigenhelp.zendesk.com/agent/tickets/1000144508
국가 / 제품: IN / iPhone 15 Pro Liquid Crystal
ASIN=B0C5S9VQJ4 / SKU=ACS06699
구매일자: 2026-02-17",1차(현재): 사용 2개월 내 황변 발생 주장 (사진 첨부) → 교체 요청,"구매 약 2개월 경과
(최근 2년) 총 주문 19개 / FBA 환불 4건 / 셀러 환불 3건 / 셀러 코드 발급 0건
황변 클레임이며 사진상 변색 확인되나, 제품 특성 및 사용환경 영향 가능성 높음
GCX 기준상 황변은 외부 요인(자외선, 열, 화학물질 등)에 의해 발생 가능 → 제조상 결함 단정 불가
#1000116777
https://spigenhelp.zendesk.com/agent/tickets/1000116777
, #1000108083
https://spigenhelp.zendesk.com/agent/tickets/1000108083
 황변 주장으로 환불 2회 이력 존재
고객 이력: 동일 제품군 황변으로 다수 환불 이력 + 상이 이메일 사용 → 반복 보상 요청 패턴 확인 (IN 고객 특성상 블랙컨슈머 가능성 일부 존재)
※ 위 근거로 “황변은 외부 요인 기반으로 판단되며 추가 보상 없이 도움불가 1차 안내” 예정","고객 상황에 대한 유감 표현
황변의 경우, 형광등, 자외선 노출, 충전기 발열, 화장품 등 다양한 유저의 사용환경 및 외부요인에 의해 발생될 수 있음
또한 이전에 동일 사유로 예외적 환불 도움드린 이력이 확인됨 
더이상의 워런티 도움 불가한점 양해 바람
Apr 17, 5:37 PM",,
김지우 Kevin 글로벌CX전략팀,https://spigenhelp.zendesk.com/agent/tickets/1000144496,"링크: https://spigenhelp.zendesk.com/agent/tickets/1000144496
국가 / 제품: IN / Apple Watch Series 9 (41mm) Rugged Armor Pro
ASIN=B085FTPPFD / SKU=ACS00546
구매일자: 2025-06-22","1차: 프레임/스트랩 손상 및 클립 파손 (사진 첨부) → 외부 요인 안내 및 도움 불가
2차(현재): 동일 제품 반복 파손 및 이전 환불 이력 근거로 품질 문제 주장 + 환불/교체 요구 + 법적 대응 언급 → 추가 보상 요구","구매 약 10개월 경과
(최근 2년) 총 주문 2개 / FBA 환불 1건 / 셀러 환불 0건 / 셀러 코드 발급 0건
사진상 스트랩 및 케이스 구조 파손 확인되나, 장기간 사용 및 외부 충격/마찰 등 사용 환경 영향 가능성 높음
GCX 기준상 사용 중 발생한 파손은 워런티 대상 아님 (제조상 결함 단정 불가)
유사 전례: #1000110842 (구조 손상 → 도움불가), #1000111481 (스트랩 손상 → 외부요인 판단)
동일 제품으로 이전 환불 이력 존재 (#1000141985) → 반복 보상 요청 케이스
상이 이메일 사용 + 법적 대응 언급 → 강성 클레임 관리 필요
※ 위 근거로 “외부 요인에 따른 파손으로 판단되며 추가 보상 없이 도움불가 2차 유지” 예정","고객 상황에 대한 유감 표현
사진 확인 결과, 사용환경 및 외부 영향에 의한 파손으로 사료되며 제조상 결함은 확인되지 않음
워런티 도움 불가 (도움불가 2차)
Apr 17, 5:40 PM",,
임영신 June 글로벌CX전략팀,https://spigenhelp.zendesk.com/agent/tickets/1000144496,"링크: https://spigenhelp.zendesk.com/agent/tickets/1000144496
국가 / 제품: IN / Apple Watch Series 9 (41mm) Rugged Armor Pro
ASIN=B085FTPPFD / SKU=ACS00546
구매일자: 2025-06-22","1차: 프레임/스트랩 손상 및 클립 파손 (사진 첨부) → 외부 요인 안내 및 도움 불가
2차(현재): 동일 제품 반복 파손 및 이전 환불 이력 근거로 품질 문제 주장 + 환불/교체 요구 + 법적 대응 언급 → 추가 보상 요구
-> 사용환경 및 외부 영향에 의한 파손으로 사료되며 제조상 결함은 확인되지 않음 + 워런티 도움 불가 (도움불가 2차)
3차:소비자 보호원에 소송 제기 예고","구매 약 10개월 경과
(최근 2년) 총 주문 2개 / FBA 환불 1건 / 셀러 환불 0건 / 셀러 코드 발급 0건
사진상 스트랩 및 케이스 구조 파손 확인되나, 장기간 사용 및 외부 충격/마찰 등 사용 환경 영향 가능성 높음
GCX 기준상 사용 중 발생한 파손은 워런티 대상 아님 (제조상 결함 단정 불가)
유사 전례: #1000110842 (구조 손상 → 도움불가), #1000111481 (스트랩 손상 → 외부요인 판단)
동일 제품으로 이전 환불 이력 존재 (#1000141985) → 반복 보상 요청 케이스
상이 이메일 사용 + 법적 대응 언급 → 강성 클레임 관리 필요","고객 상황에 대한 유감 표현
사진 확인 결과, 사용환경 및 외부 영향에 의한 파손으로 사료되며 제조상 결함은 확인되지 않음
워런티 도움 불가 (도움불가 3차, 이후 NRN)
Apr 20, 10:36 AM",,
"2 unread,",https://spigenhelp.zendesk.com/agent/tickets/1000144442,"링크: https://spigenhelp.zendesk.com/agent/tickets/1000144442
국가 / 제품: IN / Other (ODM) MFT35
ASIN=B0DL6FSY92 / SKU=ACP08313
구매일자: 2025-09-29","1차: MFT35 거치대의 각도 조절 힌지가 파손됨. 자석 거치 부분이 느슨해져 소음이 발생함 (사진 및 영상 첨부)
->  사용환경 및 외부 영향에 의한 파손으로 사료되며 제조상 결함은 확인되지 않음 + 워런티 도움 불가
2차: 외부 요인이 어떻게 영향을 줄 수 있는지 설명 요청. 나사를 조이던 중 결함을 발견했다고 함.
-> 도움불가 2차안내
3차: 용도에 맞게 사용했고, 충격이나 낙하 등 없었음. 정상 사용중에 발생한 문제로 사용자 과실 아니며, 품질 이슈가 아니라고 성급하게 묵살한다고 생각함. 슈피겐 제품의 내구성을 항상 신뢰해왔고, 재검토를 요청","구매 약 6개월 경과
(최근 2년) 총 주문 7개 / FBA 환불 0건 / 셀러 환불 2건 (+2년전 1건)/ 셀러 코드 발급 0건
사진/영상 상 사용 중 파손으로 판단되며, 명확한 제품 자체 이상 단정 어려움
내부 기준 검토 시 사용 중 파손 및 구조 변형은 외부 영향 가능성 높아 보상 제한 케이스
셀러 환불 이력 다수
    #1000118194
https://spigenhelp.zendesk.com/agent/tickets/1000118194
 - Galaxy S24 Ultra용 SA MagFit 케이스 킥스탠드 불량 -> 100% 환불
    #1000119983
https://spigenhelp.zendesk.com/agent/tickets/1000119983
 - MFT13-1 거치대 지지대에 균열이 발생함 -> 100% 환불
충성 고객 여부: 해당 (총 주문 7개 / 환불 2건 → 기준 충족)","고객 상황에 대한 유감 표현
사진 및 영상 확인 결과, 고객이 제공한 사진 및 영상 검토 결과, 사용 과정 또는 외부 요인에 의한 파손 + 워런티 대상아님_+그러나 고객 불편 고려하여 예외적으로 환불 도움 드리고자 함 (충성고객 고려)",나아름 Jane 글로벌CX전략팀,"Apr 10, 9:51 AM
@
김지우 Kevin 글로벌CX전략팀
 넵 프로님, 내용 확인했습니다. MCF 한번 더 처리 부탁드립니다.
Apr 10, 9:51 AM"
임영신 June 글로벌CX전략팀,https://spigenhelp.zendesk.com/agent/tickets/1000144660,"https://spigenhelp.zendesk.com/agent/tickets/1000144660
국가 / 제품:NL / Spigen Glas.tR
 EZ Fit Screenprotector compatibel met Tesla Model 3 (2017-2023), Model Y (2020-2024), met sjabloon voor installatie, Mat, Anti-Vingerafdruk, 9H gehard glas
ASIN: B084BNC3FG
구매일자: 2026-06-16","1차: 글라스를 2024년 6월에 부착했는데 최근 화면 아래쪽에 금이 간 것을 발견함. 금이 갈 거라고는 전혀 예상하지 못했음 (사진 첨부)
-> 사용 중 생긴 결함 1차 안내 (환불 X)
2차: 해당 문제가 외부 요인으로 인해 발생한 문제로 보증 대상이 아니라는 입장은 이해했음. 다만 스크린 보호필름의 기본 목적은 일반적인 외부 충격에서도 제품이 손상되지 않도록 보호하는 것이라고 생각함. 약한 충격에도 깨지는 보호필름은 본래의 기능을 충분히 수행하지 못하는 것으로 보임. 이번 경험을 통해, 실망하여 다른 제조사 제품 고려 예정
-> 사용 중 생긴 결함 2차 안내 (환불 X) 일부 수정3차: 기대치가 높았으나, 단 2년 만에 해당 문제가 발생했음. 사용 빈도가 낮은데도 균열이 발생한 점이 의문임. 2만키로만 주행했음. 실망스러워서 본인 및 가족 모두 슈피겐 사용하지 않을 예정",(최근 2년) 총 주문 제품 1개 / FBA 환불 제품 0개 / 셀러 환불 0건 / MCF 발송 0건,"NRN
Apr 20, 2:24 PM",,
임영신 June 글로벌CX전략팀,https://spigenhelp.zendesk.com/agent/tickets/1000144715,"https://spigenhelp.zendesk.com/agent/tickets/1000144715
국가 / 제품: IN / Spigen Life Carabiner LF101 Key Ring Screw Carabiner with Bottle Opener for Ourdoor Camping Hiking (1 Piece) - Gunmetal, Gun Metal, Taille unique
ASIN: B0F161RMG2
구매일자: 2025-10-24","1차: LF101 카라비너 제품 사용 기간이 짧고 정상적인 용도로만 사용함. 내부 클립 부분에서 소재가 빠져나오는 문제 발생. 해당 문제로 인해 제품 사용이 불가능한 상태. 사용 기간이 짧고 문제 특성상 제조 또는 품질 결함이며, 워런티에 따른 적절한 조치 및 신속한 도움 요청. (사진, 영상 첨부)","(최근 2년) 총 주문 제품 10개 / FBA 환불 제품 2개 / 셀러 환불 2건 / MCF 발송 0건
구매 후 5개월 경과
이전 환불 티켓)
#1000126205 - PC2200 어댑터를 거의 사용하지 않았음에도 구매 후 몇 개월 내 작동이 중단됨 -> 100% 환불
#1000136114 - Carabiner가 2-3개월 동안 용도에 맞게 정상 사용했으나 거치대 내부의 자석이 빠지기 시작해 사용할 수 없고 안전상 문제도 우려됨. -> 100% Refund","고객 불편 유감
사진 및 영상에서 고객 클레임 내용은 사용과정에서의 부품 탈락으로 보이며, 제조상의 결함과 인과관계 확인 어려움+ 그러나 고객 불편 고려하여 예외적으로 환불 도움 드리고자 함
Apr 20, 3:13 PM",,
임영신 June 글로벌CX전략팀,https://spigenhelp.zendesk.com/agent/tickets/1000142535,"https://spigenhelp.zendesk.com/agent/tickets/1000142535
국가 / 제품: DE / Spigen Air Skin Aramid MagFit für Samsung Galaxy S26 Ultra Hülle [Premium Aramidfaser] [ULTRADÜNN] Slim Stoßfest, Kompatibel mit MagSafe -Schwarz
ASIN: B0FVB22GHK
구매일자: 2026-03-03","1차: 우측 상단 모서리의 장착이 제대로 맞지 않는 문제가 있음. 특히 주머니에서 휴대폰을 꺼낼 때 해당 부분이 자주 들리며 케이스가 기기에서 분리됨. Aramid 시리즈가 프리미엄 제품인 만큼 더 견고한 장착감을 기대했었음. 교환 또는 해결 방법이 가능한지 문의함.
-> 제품 상태 및 바코드 사진 요청
2차: 제품 상태 및 바코드 사진 첨부.
-> 이슈 확인 가능한 동영상 요청
3차: (영상 첨부) 케이스의 오른쪽 상단 모서리 부분이 기기를 안전하게 고정할 만큼 충분한 힘이 없음. 케이스의 왼쪽 하단 모서리 부분에 유격 있음.","(최근 2년) 총 주문 제품 3개 / FBA 환불 제품 0개 / 셀러 환불 0건 / MCF 발송 0건
동일 제품 유사 이슈 관련 티켓) #1000140040, #1000140106
관련 리뷰)
리뷰 1 (별점 1점) - 휴대폰 전체를 보호하지 않으며 마감이 좋지 않고 가격도 높은 편임
리뷰 2 (별점 3점) - 얇아서 부피감은 적은 편이나 케이스 테두리가 디스플레이를 커버하지 않고 카메라만 보호되는 정도임. 재질은 튼튼하고 휴대폰 탈착에 용이하도록 두 개의 컷아웃이 있음. 버튼과 마그넷 링은 정상적으로 작동하나 보호력을 생각한다면 적합하지 않고 가격 대비 성능이 부족함.","고객 불편 유감
고객 의견 유관 부서 전달 완료 + 첨부 영상에서 제조상의 결함은 확인되지 않으나, 고객 불편 고려하여 환불 도움 드리고자 함
제품 재사용에 따른 불편을 방지하기 위하여 폐기 요청 드림 + 폐기 확인 후, 환불 도움 (마커 등으로 케이스에 X자 표시 가능)",양숙랑 Grace 글로벌CX전략팀,"Mar 30, 2:53 PM
프로님. 고객이 영상 요청에 잘 응해줬고,3개 구매하신 고객님이시네요.  .
불편함을 호소하고 있으니 폐기사진 요청하지 않아도 케이스를 사용하지 않을듯 합니다.
이번건 제조상 결함으로 확인이 어려우나 예외적인 환불 도움으로 안내 부탁 드립니다.
Mar 30, 2:53 PM"
"2 unread,",https://spigenhelp.zendesk.com/agent/tickets/1000142368,"https://spigenhelp.zendesk.com/agent/tickets/1000142368
국가 / 제품: IT / Spigen Cover per iPhone 17 Pro, Classic C1 MagFit, Compatibile con MagSafe - Mandarino
ASIN: B0FD2L87HB
구매일자: 2025-12-04","1차: 케이스가 비교적 짧은 사용 기간 내로 케이스의 후면이 들뜸.
특히 회색 부분과 MagSafe가 위치한 주황색 부분 사이의 접착이 떨어졌음. 일반적인 사용 마모가 아닌, 제조상 결함으로 생각됨. 교환 요청 (사진 첨부)
-> 파손 경위 문의
2차: 지극히 일반적인 환경에서 사용하였음. 휴대폰은 항상 표준 실온에서 보관되어 있었고 극한 환경이나 비정상적인 스트레스에 노출된 적 없었음. 작년 12월부터 케이스를 장착해 왔으며, 이슈가 발생하고 나서 처음으로 탈착함. 아무런 외부 요소 없이 분리되기 시작함.",다른 구매 내역 확인되지 않음 / 현재 재고 있음 (42 fulfillable),"고객 불편 유감
구매 제품은 두 개의 레이어로 구성된 제품 안내+ 재결합 시도 가능 안내
첨부 사진에서 제조상의 결함 확인되지 않음+ 그러나 고객 불편 고려하여 대체품 제공으로 도움 드리고자 함+ 동의시 정보 요청",나아름 Jane 글로벌CX전략팀,"Mar 26, 9:34 AM
@
김지우 Kevin 글로벌CX전략팀
 네 프로님, 관리 필요 고객인점 확인했습니다. 도움불가 안내 부탁드립니다!
Mar 26, 9:34 AM"
임영신 June 글로벌CX전략팀,https://spigenhelp.zendesk.com/agent/tickets/1000141707,"https://spigenhelp.zendesk.com/agent/tickets/1000141707
국가 / 제품: UK / Spigen Essential Qi2.2 25W 3-in-1 MagSafe Wireless Charging Station Charger Stand [Incl. 2m USB-C Cable] for iPhone 17/16/15 Pro Max 17e, Galaxy S26 Ultra Plus, Pixel 10, AirPods 4/3/2, Apple Watch SE
ASIN: B0FRD6N8JV
구매일자: 2026-03-12","1차: EF323MQ 무선 충전 스탠드가 처음에는 잘 작동되다가 갑자기 충전이 불가해짐. 패키지에 포함되어 있는 부속품들 모두 함께 사용하고 있었음.
-> 동영상 + 함께 사용한 휴대폰의 모델명 + 사용한 케이블이 다른 충전기와 문제 없이 충전되는지 회신 요청
2-3차: 영상 첨부, 액세스 수정. Anker 65W 어댑터와 함께 사용함.",(최근 2년) 총 주문 제품 1개 / FBA 환불 제품 0개 / 셀러 환불 0건 / MCF 발송 0건,"고객 불편 유감
고객 의견 유관 부서 전달 + 첨부 영상에서 제조상의 결함 파악되지 않음+ 그러나 고객 불편 고려하여 환불 도움
Mar 30, 3:13 PM",,
"3 unread,",https://spigenhelp.zendesk.com/agent/tickets/1000142497,"https://spigenhelp.zendesk.com/agent/tickets/1000142497
국가 / 제품: IT / Spigen Essential Qi2.2 25W Caricatore Wireless MagSafe 3-in-1 (Incl. Cavo USB-C 2 m) Stazione di Ricarica per iPhone 17/16/15 Pro Max 17e, Samsung Galaxy S26, Pixel 10 Pro Buds, AirPods, Apple Watch
ASIN: B0FRD6N8JV
구매일자: 2026-03-26","Galaxy S26 Ultra와 Galaxy Watch Ultra와 함께 사용하기 위해 구매함. 어댑터는 삼성 공식 45W 어댑터를 사용함.
휴대폰은 문제 없이 충전되지만 Galaxy Watch Ultra를 부착 시 처음 몇 초만 충전되었다가 충전 연결이 끊김. 
Apple Watch를 충전 시 문제 없음. (영상 첨부)",(최근 2년) 총 주문 제품 3개 / FBA 환불 제품 0개 / 셀러 환불 0건 / MCF 발송 0건 - 충성 고객,"고객 불편 유감
고객 의견 유관 부서 전달 + 고객 불편 고려하여 환불 도움",나아름 Jane 글로벌CX전략팀,"Mar 26, 10:30 AM
@
임영신 June 글로벌CX전략팀
 프로님, 이전에도 동일사유로 환불도움드린 이력확인했습니다. 작성해주신대로 도움불가 안내 부탁드립니다!
Mar 26, 10:30 AM"
임영신 June 글로벌CX전략팀,https://spigenhelp.zendesk.com/agent/tickets/1000141670,"https://spigenhelp.zendesk.com/agent/tickets/1000141670
국가 / 제품: DE / Spigen Ultra Hybrid Pro MagFit Hülle für Samsung Galaxy Z Flip 7, Kompatibel mit MagSafe -Clear White
ASIN: B0F1BZPGT8
구매일자: 2025-07-28","(MCF 발송 후, 사진 첨부하여 재인입)
교체품을 수령했는데 중고품으로 배송됨. 사용 흔적이 있으며 스크래치 및 반려동물 털이 있었음. 또한, 패키지도 찢어져 있고 손상되어 있었음.
비위생적인 제품으로 교체품을 제공하는 것은 있을 수 없는 일이며 슈피겐과 같은 브랜드에 기대하는 기준에 부합하지 않음.
중고품으로 교체품 제공하여 신뢰가 바닥이며, 제품에 대한 전액 환불 요청. 
미환불 시 아마존 구매자 보호 프로그램을 통해 직접 문제를 해경하고 그에 따른 공개 리뷰를 남기겠음. 
이전 메시지: 25년 7월에 구매한 Galaxy Z Flip 7용 Ultra Hybrid Pro MagFit 케이스를 정상적으로 사용에도 불구하고 비교적 짧은 기간 내 제품이 손상 및 파손됨.
도움 불가 1차 안내 후 불만 재인입. 예외적 50% 환불 제안에 대한 미수긍 및 강력 불만 제기하여 예외적 MCF 발송 완료.","다른 구매 내역 확인되지 않음
구매 후 7개월 경과","고객 불편 유감
중고품 배송은 당사가 아닌 아마존 FBA 책임임 + 대체품 제공 과정에서 실수가 있었던 것으로 추측됨+다시 한번 대체품 제공으로 도움 드리고자 함 (MCF: 67)
Mar 30, 3:30 PM",,
김지우 Kevin 글로벌CX전략팀,https://spigenhelp.zendesk.com/agent/tickets/1000142597,"링크: https://spigenhelp.zendesk.com/agent/tickets/1000142597
국가 / 제품: IN / Galaxy Z Fold 7 Slim Armor Pro MagFit
ASIN=B0F1BGJNHX / SKU=ACS09551
구매일자: 2025-12-03","1차: 힌지 돌기 파손 및 전면 프레임 찢어짐 (영상 제출) → 사용 환경 및 발생 경위 확인 요청
2차: 동일 제품 이전에도 동일 문제 발생 및 교체 이력 언급, 접착 문제 및 실망 주장 → 추가 보상(환불/교체) 요구
3차(현재): 동일 부위 반복 파손 주장 및 충성 고객 강조하며 재요청 → 추가 보상 요구","구매 약 3~4개월 경과
(최근 2년) 총 주문 3개 / FBA 환불 0건 / 셀러 환불 1건 / 셀러 코드 발급 0건
영상 기준 힌지 및 프레임 파손 확인되나, 사용 중 외부 영향 가능성 배제 어려움
내부 기준상 동일 사유로 이미 1회 예외적 100% 환불 진행된 이력 존재 → 추가 보상 제한 필요
환불이력: #1000129430
https://spigenhelp.zendesk.com/agent/tickets/1000129430
 Galaxy Z Fold 7용 SA Pro MagFit 케이스에 금이 감
충성 고객 조건 충족 (총 주문 3건 / 환불 1건 → 기준 충족)
※ 위 근거로 “이전 예외 환불 이력 고려, 추가 보상 불가” 예정","고객 상황에 대해 유감스럽게 생각
이전에 대체품이 제공되었음
추가적 워런티 도움 불가 양해 바람",나아름 Jane 글로벌CX전략팀,"Mar 26, 11:59 AM
@
김지우 Kevin 글로벌CX전략팀
 프로님 작성하신대로 처리 하되, 재인입될 가능성이 높아보입니다.
고객이 남은 잔여물 제거방법에 대해서도 문의했는데,
혹시 재인입되면 영업팀 담당자한테 전달하여 글라스 제거 방법에 대해 별도 문의해보셔도 좋을 것 같습니다.
Mar 26, 11:59 AM"
"2 unread,",https://spigenhelp.zendesk.com/agent/tickets/1000142096,"https://spigenhelp.zendesk.com/agent/tickets/1000142096
국가 / 제품: DE / Spigen iPhone 17 Pro Max Hülle [2025 Upgrade Kamerasteuerung] Ultra Hybrid T MagFit [Dura Clear Tech] Case Handyhülle Transparent Kompatibel mit MagSafe -Glossy White
ASIN: B0FD22YW2J
구매일자: 2025-10-08","1차: 케이스가 황변 방지 제품으로 광고되었으나 비교적 짧은 기간 동안 정상 사용한 후 황변되었음(사진 첨부)
외관상으로도 받아들이기 어려울 뿐만 아니라 광고와도 모순됨. 비정상적인 환경에 노출되지 않아 소재 또는 품질상의 결함이라고 생각함
케이스 교체 또는 환불을 요청
-> 폐기사진 1차 요청 (이후 환불)
2차: 환불이 아닌 대체품 제공을 원함
->FBA 배송로 대체품 제공 불가 + 폐기 사진 2차 요청
3차: 환불을 적절한 솔루션으로 받아들일 수 없으며 제품에 결함이 있으므로 워런티 법률에 따라 대체품을 요청함
현재 제품 금액이 €25인데 €20에 구매했고 환불 처리가 될 경우 금전적 손해가 발생하므로 받아들이기 어려움
FBA 서비스 사용 여부는 소비자로서 법적 권리에 영향을 미치지 않으며 대체품 제공을 공식적으로 요청함
대체품 제공에 대한 솔루션을 원하며 불가할 경우 소비자 권리를 위한 추가 조치를 고려해야 함
->",(최근 2년) 총 주문 제품 2개 / FBA 환불 제품 0개 / 셀러 환불 0건 / MCF 발송 0건,"고객 불편 유감
첨부사진에서 제조상의 결함 확인되지 않음+고객의 사용 기간 확인하였음+제품 사용 과정에서의 이염은 워런티 대상 불포함
- 도움 불가 (3차, 이후 NRN)",나아름 Jane 글로벌CX전략팀,"Mar 26, 3:25 PM
@
임영신 June 글로벌CX전략팀
 네 프로님, 충성고객인 점 확인했습니다. 작성해주신대로 대응 부탁드립니다!
Mar 26, 3:25 PM"
김지우 Kevin 글로벌CX전략팀,https://spigenhelp.zendesk.com/agent/tickets/1000142597,"링크: https://spigenhelp.zendesk.com/agent/tickets/1000142597
국가 / 제품: IN / Galaxy Z Fold 7 Slim Armor Pro MagFit
ASIN=B0F1BGJNHX / SKU=ACS09551
구매일자: 2025-12-03","1차: 힌지 돌기 파손 및 전면 프레임 찢어짐 (영상 제출) → 사용 환경 및 발생 경위 확인 요청
2차: 동일 제품 이전에도 동일 문제 발생 및 교체 이력 언급, 접착 문제 및 실망 주장 → 추가 보상(환불/교체) 요구
3차: 동일 부위 반복 파손 주장 및 충성 고객 강조하며 재요청 → 도움불가 안내
4차(현재): 새로 구매한 케이스의 제품 자체 접착 문제 주장. 새 제품 교체 요청","구매 약 3~4개월 경과
(최근 2년) 총 주문 3개 / FBA 환불 0건 / 셀러 환불 1건 / 셀러 코드 발급 0건
영상 기준 힌지 및 프레임 파손 확인되나, 사용 중 외부 영향 가능성 배제 어려움
내부 기준상 동일 사유로 이미 1회 예외적 100% 환불 진행된 이력 존재 → 추가 보상 제한 필요
환불이력: #1000129430
https://spigenhelp.zendesk.com/agent/tickets/1000129430
 Galaxy Z Fold 7용 SA Pro MagFit 케이스에 금이 감
※ 위 근거로 “이전 예외 환불 이력 고려 도움불가 2차 안내” 예정","고객 상황에 대해 유감스럽게 생각
제조상 결함 확인 불가
새 제품으로 교체 불가 (도움불가 2차)",임영신 June 글로벌CX전략팀,"Mar 27, 11:48 AM
네, 확인 감사합니다.
Mar 27, 11:48 AM"
김지우 Kevin 글로벌CX전략팀,https://spigenhelp.zendesk.com/agent/tickets/1000142675,"링크: https://spigenhelp.zendesk.com/agent/tickets/1000142675
국가 / 제품: IN / PowerArc PA2307 Power Bank
ASIN=B0CSYNHHCW / SKU=ABA06976
구매일자: 2024-10-26","1차: 보조배터리 팽창 및 작동 중단 주장 (사진 첨부) → 워런티 기간 경과 및 외부 요인 가능성 안내, 도움불가
2차: 제품 품질 불만 및 워런티 내 주장 → 제조상 결함 단정 어려움 안내, 도움불가 유지
3차(현재): 재구매 의사 있으며 보상(할인코드 등) 요청 → 예외적 보상 검토 필요","구매 17개월(약 1년 5개월) 경과
(최근 2년) 총 주문 6개 / FBA 환불 0건 / 셀러 환불 0건 / 셀러 코드 발급 0건 → 충성고객
사진상 배터리 팽창 확인되나, 장기 사용 제품으로 외부 요인 및 사용 환경 영향 가능성 높음
GCX 기준상 워런티(12개월) 초과 + 사용 중 발생 이슈로 기본 도움 불가 케이스
유사 전례: #1000065886 (IN / 배터리 팽창 → 초기 도움불가 후 예외 환불 진행 사례)
충성 고객 조건 충족 (주문 6건, 환불 이력 없음)
※ 위 근거로 “제조상 결함 확인 불가, 고객 불편 고려 예외적 환불” 예정
[ TCK 전달 예정 ]
고객 상황에 대한 유감스럽게 생각
사진 확인 결과, 사용환경 및 외부 영향에 의한 파손으로 사료되며 제조상 결함은 확인되지 않음
자사의 충성 고객임을 고려하여 예외적 환불 도움 예정",,임영신 June 글로벌CX전략팀,"Mar 27, 12:14 PM
네, 확인 감사합니다.
Mar 27, 12:14 PM"
김지우 Kevin 글로벌CX전략팀,https://spigenhelp.zendesk.com/agent/tickets/1000142302,"링크: https://spigenhelp.zendesk.com/agent/tickets/1000142302
국가 / 제품: IN / MFT13-1 Car Mount
ASIN=B0DK7P8DK3 / SKU=ACP08319
구매일자: 2026-01-25","1차: 메탈 링이 케이스에서 분리됨 (영상 첨부) → 영상 확인 및 추가 자료 요청
2차: TPU 케이스 특성상 휨에 따라 링 들뜸 가능 안내 + 부착 가이드 전달
3차(현재): 가이드 준수했음에도 자석 분리 시 링이 그대로 탈착된다고 재클레임 → 보상 요청 implicit","구매 약 2개월 경과
(최근 2년) 총 주문 3개 / FBA 환불 0건 / 셀러 환불 0건 / 코드 발급 0건 → 충성고객
내부 확인 결과 TPU 케이스 휨에 따른 메탈링 들뜸은 소재 특성상 자연스러운 현상
고객은 세척 및 24시간 압착 등 가이드 준수 주장 → 사용 방식 상 불편은 인정되나 결함 단정 어려움
충성 고객이며 환불/악성 이력 없음, 컴플레인 강도 중간 수준
※ 위 근거로 “제조상 결함 확인 불가, 고객 불편 고려 예외적 환불” 예정
[ TCK 전달 예정 ]
제품 사용 중 불편을 겪으신 점 유감
사용환경 및 외부 영향에 따른 변형은 워런티 대상이 아님
자사의 충성 고객임을 고려하여 예외적 환불 도움",,양숙랑 Grace 글로벌CX전략팀,"Mar 27, 12:23 PM
프로님. 아래 '내부 규정임' 을 제외하면 좋겠습니다.
1. 고객 불편 유감
2. 황변의 경우, 고객 사용 습관, 환경, 외부 요인 등에 의해 발생 가능하여 제조상 결함이 아님 안내
3. 제품 재사용으로 인한 고객 불편함을 없애기 위함 또한 제품을 반품하지 않고 즉시 환불로 도움 드리기 위함임 
4. 제품에 마커 등으로 X자 표시 하여 사진 첨부해 주시면 빠른 도움 드리도록 하겠음
Mar 27, 12:23 PM"
김지우 Kevin 글로벌CX전략팀,https://spigenhelp.zendesk.com/agent/tickets/1000142683,"링크: https://spigenhelp.zendesk.com/agent/tickets/1000142683
국가 / 제품: IN / Galaxy Z Fold 7 Tough Armor Pro MagFit
ASIN=B0F1B7GKC9 / SKU=ACS09550
구매일자: 2026-03-09","1차: 힌지 보호 구조임에도 먼지 유입 주장 → 사진 및 정보 요청
2차(현재): 먼지 유입 지속 주장하며 Slim Armor Pro MagFit으로 교체 요청 → 타 모델 교환 요구","구매 약 20일 경과
(최근 2년) 총 주문 10개 / FBA 환불 4건 / 셀러 환불 1건 / 셀러 코드 발급 0건
사진상 힌지 내부 먼지 유입 확인되나, 제품 구조상 완전 밀폐 불가 → 사용 환경 영향 가능성 높음
타 모델(Slim Armor Pro)로 교환 요청은 워런티 범위 외 (제품 간 교차 교환 불가)
동일 고객 이전 티켓(#1000139753)에서 힌지 파손 사유로 100% 환불 이력 존재 → 반복 보상 요청 패턴 확인
환불 비율 높음(10건 중 5건) → 블랙컨슈머 가능성 일부 존재 (IN 고객)
※ 위 근거로 “제품 특성 안내 및 추가 보상 불가” 예정","제품 사용 중 불편을 겪으신 점 유감
이전에 동일 사유로 예외적 환불 도움 드린 이력 확인됨
사용환경 및 외부 영향에 따른 기능 저하는 워런티 대상이 아님
도움 불가 1차 안내",나아름 Jane 글로벌CX전략팀,"Mar 27, 2:37 PM
@
김지우 Kevin 글로벌CX전략팀
 어떻게 제품이 저절로 구부러지는지가 의문이네요...프로님 작성하신대로 도움불가 2차 안내 부탁드립니다!
Mar 27, 2:37 PM"
김지우 Kevin 글로벌CX전략팀,https://spigenhelp.zendesk.com/agent/tickets/1000142597,"링크: https://spigenhelp.zendesk.com/agent/tickets/1000142597
국가 / 제품: IN / Galaxy Z Fold 7 Slim Armor Pro MagFit
ASIN=B0F1BGJNHX / SKU=ACS09551
구매일자: 2025-12-03","1차: 힌지 돌기 파손 및 전면 프레임 찢어짐 (영상 제출) → 사용 환경 및 발생 경위 확인 요청
2차: 동일 제품 이전에도 동일 문제 발생 및 교체 이력 언급, 접착 문제 및 실망 주장 → 추가 보상(환불/교체) 요구
3차: 동일 부위 반복 파손 주장 및 충성 고객 강조하며 재요청 → 도움불가 안내
4차: 새로 구매한 케이스의 제품 자체 접착 문제 주장. 새 제품 교체 요청
5차: 본인 과실이 아닌 제조상 결함이며 충전 중 접착제가 떨어지는 문제가 발생했다고 주장","구매 약 3~4개월 경과
(최근 2년) 총 주문 3개 / FBA 환불 0건 / 셀러 환불 1건 / 셀러 코드 발급 0건
영상 기준 힌지 및 프레임 파손 확인되나, 사용 중 외부 영향 가능성 배제 어려움
내부 기준상 동일 사유로 이미 1회 예외적 100% 환불 진행된 이력 존재 → 추가 보상 제한 필요
환불이력: #1000129430
https://spigenhelp.zendesk.com/agent/tickets/1000129430
 Galaxy Z Fold 7용 SA Pro MagFit 케이스에 금이 감
※ 위 근거로 “NRN” 예정",NRN,임영신 June 글로벌CX전략팀,"Mar 27, 5:26 PM
알겠습니다 리더님. 확인 감사합니다.
Mar 27, 5:26 PM"
임영신 June 글로벌CX전략팀,https://spigenhelp.zendesk.com/agent/tickets/1000142686,"https://spigenhelp.zendesk.com/agent/tickets/1000142686
국가 / 제품: DE / Spigen Tough Armor Pro MagFit Hülle für Samsung Galaxy Z Fold 7, Kompatibel mit MagSafe -Schwarz
ASIN: B0F1BZ8YGD
구매일자: 2025-07-14","이전 메세지: Galaxy Z Fold 7용 TA Pro MagFit 케이스가 파손되어 정상적으로 사용할 수 없음 
-> MCF  를 제공함. (이전 MCF 발송 티켓) #1000132702)
이번 메세지: 교체품 역시 불량으로 품질이 기준에 미치지 못함. 당연히 교체품에 대해서도 보증을 제공해 주셔야 하며 만약 해결되지 않을 경우 아마존에 연락할 것임.",(최근 2년) 총 주문 제품 1개 / FBA 환불 제품 0개 / 셀러 환불 0건 / MCF 발송 0건,"고객 불편 유감
고객 의견 유관 부서 전달 + 이전에 안내드린 바와 같이 무료 대체품은 워런티 대상 아님 + 그러나 고객 불편 고려하여 예외적으로 다시 한 번 마지막으 대체품 제공해드림 (MCF : 200) +폐기 사진 요청",나아름 Jane 글로벌CX전략팀,"Mar 27, 5:28 PM
@
김지우 Kevin 글로벌CX전략팀
 프로님, 고객이 명확하게 이슈 영상을 보내주셨네요.. 영상 확인했습니다. 작성하신대로 환불 도움 부탁드립니다!
Mar 27, 5:28 PM"
임영신 June 글로벌CX전략팀,https://spigenhelp.zendesk.com/agent/tickets/1000142465,"https://spigenhelp.zendesk.com/agent/tickets/1000142465
국가 / 제품: UK / MS100 Bike Phone Holder 
ASIN: B07MQ7FZZT
구매일자: 2026-03-26","1차: MS100 Bike Phone Holder 패키지에 자전거 스템에 제품을 고정하는 스트랩이 누락되었음(FBA Grade & Resell 구매건)->FBA Grade and Resell은 아마존에서 담당함 + 아마존으로 문의 요청
2차: 스트랩만 보내주면 되기 때문에 반품은 불필요함->아마존으로 문의 요청 2차 안내
3차: 반품하고 싶지 않고 누락된 스트랩만 필요함. 집에 가지고 있던 스트랩으로 장착해서 사용하고 있으며 아마존에서 셀러에게 문의 요청했음->구성품 확인 가능한 사진 + 바코드 사진 요청
4차: 스트랩만 필요하고 이미 설치하여 반품은 원하지 않음. 스트랩 배송 또는 환불 요청함 (사진 첨부)",(최근 2년) 총 주문 제품 2개 / FBA 환불 제품 0개 / 셀러 환불 0건 / MCF 발송 0건,"고객 불편 유감
FBA Grade and Resell은 아마존에서 담당하여 아마존을 통해 도움 받으셔야 함+ 예외적으로 대체품 제공으로 도움 드리겠음 + MCF 발송 위한 정보 요청 (MCF: 24)
Mar 31, 5:38 PM",,
김지우 Kevin 글로벌CX전략팀,https://spigenhelp.zendesk.com/agent/tickets/1000142683,"링크: https://spigenhelp.zendesk.com/agent/tickets/1000142683
국가 / 제품: IN / Galaxy Z Fold 7 Tough Armor Pro MagFit
ASIN=B0F1B7GKC9 / SKU=ACS09550
구매일자: 2026-03-09","1차: 힌지 보호 구조임에도 먼지 유입 주장 → 사진 및 정보 요청
2차: 먼지 유입 지속 주장하며 Slim Armor Pro MagFit으로 교체 요청 → 타 모델 교환 요구
3차(현재): 힌지가 느슨해져서 먼지가 유입됐다고 주장하며 환불/교환 요청","구매 약 20일 경과
(최근 2년) 총 주문 10개 / FBA 환불 4건 / 셀러 환불 1건 / 셀러 코드 발급 0건
사진상 힌지 내부 먼지 유입 확인되나, 제품 구조상 완전 밀폐 불가 → 사용 환경 영향 가능성 높음
타 모델(Slim Armor Pro)로 교환 요청은 워런티 범위 외 (제품 간 교차 교환 불가)
동일 고객 이전 티켓(#1000139753)에서 힌지 파손 사유로 100% 환불 이력 존재 → 반복 보상 요청 패턴 확인
환불 비율 높음(10건 중 5건) → 블랙컨슈머 가능성 일부 존재 (IN 고객)
※ 위 근거로 “제품 특성 안내 및 추가 보상 불가” 예정","제품 사용 중 불편을 겪으신 점 유감
이전에 동일 사유로 예외적 환불 도움 드린 이력 확인됨
사용환경 및 외부 영향에 따른 기능 저하는 워런티 대상이 아닌점 재안내
도움 불가 2차 안내",나아름 Jane 글로벌CX전략팀,"Mar 30, 11:10 AM
@
김지우 Kevin 글로벌CX전략팀
 글라스 1장에 대한 예외적 도움 50% 환불 후에도 남은 50% 환불을 요구하는 고객으로 확인했습니다.
도움불가 3차 안내 후, 재인입 시 NRN 처리 부탁드립니다.
Mar 30, 11:10 AM"
김지우 Kevin 글로벌CX전략팀,https://spigenhelp.zendesk.com/agent/tickets/1000142833,"링크: https://spigenhelp.zendesk.com/agent/tickets/1000142833
국가 / 제품: IN / Galaxy S26 Ultra Thin Fit MagFit
ASIN=B0GDHBDG47 / SKU=ACS11394
구매일자: 2026-02-26","1차: 사용 33일 내 코팅 벗겨짐 주장 및 교체 요청(사진 첨부) → 바코드 및 사용환경 요청
2차(현재): 정상 사용 환경 강조 + 코팅 자연 박리 주장 → 환불/교체 요청 유지","구매 약 1개월 경과
         (최근 2년) 총 주문 4개 / FBA 환불 2건 / 셀러 환불 0건 / 셀러 코드 발급 0건
사진상 코팅 벗겨짐 확인되나, 사용환경 영향 여부 명확한 단정 어려움
GCX 기준상 외관 코팅 손상은 사용 환경 영향 가능성 존재 → 제조상 결함 단정 불가
유사 전례: 초기 코팅 이슈 건에 대해 고객 불편 고려 환불 처리 사례 다수 존재
※ 위 근거로 “폐기 확인 후, 고객 불편 고려 환불” 예정","고객 상황에 대한 유감 표현
사진 확인 결과 제조상 결함은 확인되지 않았음
고객 불편을 고려하여 환불 도움 (폐기 확인 후)
Apr 1, 3:18 PM",,
김지우 Kevin 글로벌CX전략팀,https://spigenhelp.zendesk.com/agent/tickets/1000142762,"링크: https://spigenhelp.zendesk.com/agent/tickets/1000142762
국가 / 제품: IN / Selfie Stick S560 Tripod
ASIN=B0CL9956CD / SKU=AMP05813
구매일자: 2025-06-24","1차: 삼각대 거치부 고정 불량 주장(영상 링크 제출) → 첨부파일 재요청
2차(현재): 영상 첨부 후, 거치 그립이 느슨하여 기기 고정 불가 주장 → 환불/교체 요청","구매 약 9개월 경과 (아마존 제품페이지상 워런티 12개월 이내)
(최근 2년) 총 주문 1개 / FBA 환불 0건 / 셀러 환불 0건 / 셀러 코드 발급 0건
영상 기준 거치부 고정력 저하 확인되나, 사용 환경/사용 경과에 따른 기능 저하 가능성 존재
GCX 기준상 구조 변형/고정력 저하는 사용 환경 영향 가능성 → 제조상 결함 단정 불가
유사 전례: S560 시리즈 동일 이슈 다수 (#1000129978, #1000139544) → 고객 불편 고려 환불 처리 사례 존재
충성 고객 여부: 비충족 (총 주문 1건)
※ 위 근거로 “제조상 결함 확인 불가, 고객 불편 고려 환불” 예정","제품 사용 중 불편을 겪으신 점 유감
사진 확인 결과 제조상 결함은 확인되지 않았음
고객 불편을 고려하여 환불 도움 예정
Apr 1, 3:24 PM",,
김지우 Kevin 글로벌CX전략팀,https://spigenhelp.zendesk.com/agent/tickets/1000142666,"링크: https://spigenhelp.zendesk.com/agent/tickets/1000142666
국가 / 제품: IN / Galaxy S26 Ultra Ultra Hybrid
ASIN=B0FVBFT41L / SKU=ACS11030
구매일자: 2026-03-11","1차: 황변 발생 주장 → 제품 상태 및 바코드 사진 요청
2차: 패키지 분실로 바코드 제출 불가 + 제품 사진 제출 → 사용 환경 문의
3차(현재): 정상 사용 및 1개월 미만 사용 강조 → 환불/조치 기대","구매 약 20일 경과
(최근 2년) 총 주문 1개 / FBA 환불 0건 / 셀러 환불 0건 / 셀러 코드 발급 0건
황변 사진 제출되었으나, 투명 TPU 특성상 사용 환경 영향 가능성 존재
패키지(바코드) 미보유로 정품 검증 일부 제한 있으나, 로고 노출 사진으로 제품 식별 가능
GCX 기준상 황변은 외부 요인 영향으로 분류 가능하나, 구매 1개월 미만 + 신제품 고려 시 고객 불편 케어 필요
IN 고객이나 특이 환불/악성 이력 없음
※ 위 근거로 “폐기 확인 후 고객 불편 고려 환불” 예정","제품 사용 중 불편을 겪으신 점 유감
사진 확인 결과 제조상 결함은 확인되지 않았음
고객 불편을 고려하여 환불 도움드립니다.(폐기 확인 후 환불)",양숙랑 Grace 글로벌CX전략팀,"Mar 30, 2:58 PM
프로님. MCF제안 좋습니다. 안내 부탁 드립니다.
Mar 30, 2:58 PM"
김지우 Kevin 글로벌CX전략팀,https://spigenhelp.zendesk.com/agent/tickets/1000142995,"링크: https://spigenhelp.zendesk.com/agent/tickets/1000142995
국가 / 제품: IT / iPhone 16 Pro Ultra Hybrid S MagFit
ASIN=B0D447MCV9 / SKU=ACS08380
구매일자: 2026-03-16","1차: 킥스탠드 유격 및 소음 발생 클레임 → 영상 및 바코드 사진 요청
2차(현재): 패키지 미보유 상태이나 영상 제출 → 환불/교체 불가 전제 공유하며 단순 피드백 목적","구매 약 17일 경과
(최근 2년) 총 주문 1개 / FBA 환불 0건 / 셀러 환불 0건 / 셀러 코드 발급 0건
영상 확인 완료: 킥스탠드 유격 및 소음은 확인되나 구조적 특성 또는 사용 중 발생 가능 범위로 판단됨 (명확한 제조상 결함 단정 어려움)
GCX_2024 CS PROCEDURE 기준: 기능 사용 불가 수준의 파손/불량 아님 → 워런티 대상 제외 판단
타고객 유사 전례: 킥스탠드 유격/소음 관련 도움불가 사례 다수 존재 (구조 특성 판단 케이스)
※ 위 근거로 “제조상 결함 확인 불가, 사용환경/구조 특성으로 판단되어 도움 불가” 예정","고객 상황에 대한 유감 표현
영상 확인 결과 제조상 결함은 확인되지 않음
고객님의 소중한 피드백은 담당 부서에 전달하겠음",임영신 June 글로벌CX전략팀,"Mar 31, 5:32 PM
@
양숙랑 Grace 글로벌CX전략팀
 리더님, 어제 인입된 충전 불량 이슈 관련, 영업담당자로부터 답변 받아, 충전부 조정하라는 의견으로 답변 나갔으나, 고객이 다시 10초만에 충전이 멈춘다고 재클레임하였습니다. 
첨부 영상에서 이슈 확인되며, 충성고객 (2년내 3회 구매, no 환불이력) 고려하여 환불 도움 주고자 합니다. 확인 부탁드립니다.
Mar 31, 5:32 PM"
김지우 Kevin 글로벌CX전략팀,https://spigenhelp.zendesk.com/agent/tickets/1000142755,"링크: https://spigenhelp.zendesk.com/agent/tickets/1000142755
국가 / 제품: DE / AirPods Pro 3 PowerArc (EF223MS 3in1 Charger)
ASIN=B0FCDK3QM1 / SKU=ACH09542
구매일자: 2025-12-01","1차: AirPods 충전 시작 후 수초 내 중단되는 현상 클레임 → 영상 및 정보 요청
2차: 영상 재전송 및 충전 환경 공유(Anker Nano 45W 어댑터) → 추가 확인 요청
3차(현재): 영상 확인 완료 → 타 충전기에서는 정상 작동, 본 제품에서만 충전 불가 주장","구매 약 4개월 경과
(최근 2년) 총 주문 2개 / FBA 환불 0건 / 셀러 환불 0건 / 셀러 코드 발급 0건
영상 기준: AirPods 충전 시작 후 즉시 중단 현상 확인됨 → 정상 사용 환경에서도 동일 증상
타 충전기 정상 작동 확인 → 기기 문제 가능성 낮음
GCX_CS PROCEDURE 기준: 기능 불량으로 판단 가능 (단, 명확한 제조상 결함 단정은 어려움)
유사 전례: 충전 불안정/중단 이슈 → 고객 불편 고려 환불 사례 다수 존재
충성 고객 여부: 해당 없음 (주문 2건)
※ 위 근거로 “제조상 결함 확인 불가, 고객 불편 고려 환불” 예정","제품 사용 중 불편을 겪으신 점 유감
확인 결과 제조상 결함은 발견되지 않았으나, 고객 불편을 고려하여 환불로 도움 예정",임영신 June 글로벌CX전략팀,"Mar 30, 3:49 PM
네 확인해보도록 하겠습니다.
Mar 30, 3:49 PM"
김지우 Kevin 글로벌CX전략팀,https://spigenhelp.zendesk.com/agent/tickets/100014302,"링크: https://spigenhelp.zendesk.com/agent/tickets/100014302
https://spigenhelp.zendesk.com/agent/tickets/1000143026
6
국가 / 제품: IT / Galaxy S25 Plus SP_Glas.tR
 EZ Fit Slim
ASIN=B0CN8T556T / SKU=AGL07430
구매일자: 2026-03-13","1차: 글라스 부착 후 버블 발생 → 교품(MCF) 발송
2차: 교품 수령 후 터치 인식 불량 발생 → 부착 가이드 및 터치 민감도 조정 안내
3차: 정상 부착했으나 키보드 일부 및 게임 중 터치 미인식 지속 → 사진 및 바코드 요청
4차(현재): 사진 제출 및 동일 증상 지속 호소 → 추가 조치 필요","구매 약 20일 경과
(최근 2년) 총 주문 1개 / FBA 환불 0건 / 셀러 환불 0건 / 셀러 코드 발급 0건
교품(MCF) 이후 동일 제품에서 터치 인식 문제 재발
터치 불량 특성상 사진으로 명확한 결함 입증 어려움
가이드 안내 이후에도 동일 증상 지속 → 사용성 불편 명확
타고객 유사 전례: 기능 이상 입증 어려우나 사용 불편 지속 시 환불 처리 사례 다수 (글라스/터치 계열)
※ 위 근거로 “제조상 결함 확인 불가, 고객 불편 고려 환불” 예정","제품 사용 중 불편을 겪으신 점 유감
확인 결과 제조상 결함은 발견되지 않았으나, 고객 불편을 고려하여 환불로 도움(원주문 환불 100%)",나아름 Jane 글로벌CX전략팀,"Mar 30, 4:40 PM
@
김지우 Kevin 글로벌CX전략팀
 프로님, 이전에도 동일 사유로 예외적 도움드린 이력 확인했습니다. 인도고객이라 MCF 대체품 제공도 어렵고,,, 작성하신대로 추가 예외 도움은 불가한 점으로 전달 부탁드립니다.
Mar 30, 4:40 PM"
김지우 Kevin 글로벌CX전략팀,https://spigenhelp.zendesk.com/agent/tickets/1000143128,"링크: https://spigenhelp.zendesk.com/agent/tickets/1000143128
국가 / 제품: JP / Other (ODM) (New Biz)_LD302
ASIN=B0B24NPHYJ / SKU=APP04762
구매일자: 2026-04-04","1차: LD302 vs LD302M 제품 차이 문의 → 마그넷 내장 여부 및 케이블 정리 기능 안내
2차: 제품 수령 후 반사 시 보이는 흰색 스크래치 발견 + 마커로 수정 시도 후 악화 → 교환 가능 여부 문의
3차(현재): 제품 상태 및 바코드 사진 제출, 초기 미세 스크래치 주장 + 이후 고객 과실로 악화 인정 → 교환 요청","구매 2일 경과
(최근 2년) 총 주문 1개 / FBA 환불 0건 / 셀러 환불 0건 / 셀러 코드 발급 0건
사진상 스크래치는 반사 시에만 확인되는 수준으로 명확한 초기 불량 단정 어려움
고객이 마커 등을 사용하여 직접 수정 시도하며 상태 악화 → 사용자 개입 명확
GCX 기준상 사용 중 발생 또는 외부 요인 개입 시 워런티 대상 제외
초기 미세 스크래치 주장 대비 현재 상태는 고객 과실 영향이 더 크게 작용한 것으로 판단
※ 위 근거로 “사용 환경 및 외부 영향에 따른 손상으로 판단되어 도움 불가” 예정","고객 상황에 대한 유감 표현
사용환경 및 외부 영향에 따른 변형은 워런티 대상이 아님
도움 불가한 점 양해 부탁",양숙랑 Grace 글로벌CX전략팀,"Mar 30, 5:45 PM
프로님. 저고객 끈질길것 같습니다.
환불이 아니라 대체품을 요구하고 있으니 이번만 예외적으로 대체품 제공해도 좋겠습니다.
지속적인 괴롭힘으로 인입될것 같아 핑퐁 방어 차원에서 MCF판단하였습니다.
Mar 30, 5:45 PM"
김지우 Kevin 글로벌CX전략팀,https://spigenhelp.zendesk.com/agent/tickets/1000143297,"링크: https://spigenhelp.zendesk.com/agent/tickets/1000143297
국가 / 제품: DE / iPhone 15 Pro Max SP_Glas.tR
 EZ Fit Slim
ASIN=B0C9S24VV8 / SKU=AGL06872
구매일자: 2025-12-28","1차: 글라스 2장 모두 단기간 내 파손 주장 (사진 제출) → 교체 요청
2차: 교품(MCF) 발송 안내 → 진행
3차(현재): 교품 미수령으로 배송 상태 확인 요청 → 배송사 반송 확인, 재발송 필요","구매 약 3개월 경과
(최근 2년) 총 주문 4개 / FBA 환불 1건 / 셀러 환불 0건 / 셀러 코드 발급 0건
배송 tracking 확인 결과, Carrier 측 사유로 반송 처리됨 (Item disposition: Damaged by carrier)
기존 제품 이슈는 제조상 결함 단정 어려우나, 고객 불편 고려 MCF 1회 진행된 건
유사 전례: 배송사 반송 → 재발송 케이스 다수 존재 (일반 MCF 재출고 케이스)
충성 고객 여부: 해당 없음 (환불 비율 기준 충족 X)
※ 위 근거로 “배송사 귀책 반송 → 동일 주소 확인 후 MCF 재발송” 예정","고객 상황에 대한 유감 표현
확인 결과 배송사의 실수로 반송된 것으로 확인됨
이전 제공 주소지로 재발송 드리고자함 (동의시 MCF 진행)",나아름 Jane 글로벌CX전략팀,"Mar 31, 11:02 AM
@
김지우 Kevin 글로벌CX전략팀
 프로님, 도움불가 2차 안내 부탁드립니다.
한번 도움드리니 계속 인입되네요 ... ;ㅁ;
Mar 31, 11:02 AM"
김지우 Kevin 글로벌CX전략팀,https://spigenhelp.zendesk.com/agent/tickets/1000143318,"링크: https://spigenhelp.zendesk.com/agent/tickets/1000143318
국가 / 제품: ES / Galaxy S26 Ultra Optik Armor
ASIN=B0FVBPV3QF / SKU=ACS11040
구매일자: 2026-03-15","1차: 카메라 커버가 계속 열리고 떨어짐 → 영상 요청
2차(현재): 초기 불량 주장 및 사진 첨부 → 제품 이상 여부 문의","구매 약 3주 경과
(최근 2년) 총 주문 1개 / FBA 환불 0건 / 셀러 환불 0건 / 셀러 코드 발급 0건
사진 기준 카메라 커버 고정력 문제 주장 (열림/탈락 반복)이나, 명확한 제조 결함 단정은 어려움
GCX 기준상 외부 요인/사용 상태 영향 가능성 존재하나, 초기 사용 단계 및 고객 불편 고려 필요
※ 위 근거로 “제조상 결함 확인 불가, 고객 불편 고려 대체품 제공” 예정","제품 사용 중 불편을 겪으신 점 유감
사진 확인 결과, 사용환경 및 외부 영향에 의한 파손으로 사료되며 제조상 결함은 확인되지 않음
고객 불편을 고려하여 예외적 대체품 제공 예정(MCF)",나아름 Jane 글로벌CX전략팀,"Mar 31, 2:45 PM
@
김지우 Kevin 글로벌CX전략팀
 프로님, 고객 첨부 영상 확인했습니다.
구두로 전달드린 것과 같이 고객이 카 마운트에 사용했을때 케이스 메탈링이 같이 분리되는 이슈는 영상에서 확인되지 않는데요, 일단 충성 고객 고려하여 제조상 결함여부 확인되지 않으나 이번에만 예외적 도움드리는 점 으로 대응 부탁드립니다.
Mar 31, 2:45 PM"
임영신 June 글로벌CX전략팀,https://spigenhelp.zendesk.com/agent/tickets/1000143363,"https://spigenhelp.zendesk.com/agent/tickets/1000143363
국가 / 제품: JP /
(1) Galaxy S26 Ultra용 Thin Fit MagFit 케이스
ASIN:  B0GDHBDG47
(2) Optik Pro
ASIN: B0G7STMFKY
구매일자: 2026-04-05","케이스를 장착했더니 볼륨 버튼 부근이 들뜸 (사진 첨부). 볼륨 다운과 전원 버튼 사이를 누르면 전원 버튼이 눌리는 느낌이 있음.
카메라 렌즈에 Optik Pro (B0G7STMFKY)를 부착했는데 약간의 간섭이 있음. 어긋난 위치 때문인지 케이스 불량인지 문의","(최근 2년) 총 주문 제품 24개 / FBA 환불 제품 1개 / 셀러 환불 1건 / MCF 발송 1건
#1000140613 Galaxy S26 Ultra용 Air Skin Aramid MagFit 케이스(B0FVB22GHK) 마감불량 > 환불
#1000140174 Galaxy S26 Ultra용 Glas.tR
 Optik Pro(B0G7STMFKY) 표면스크래치 >MCF 발송","고객 불편 유감
고객 의견 유관 부서 전달 + 불편 고려하여 케이스 환불 도움
Apr 7, 2:45 PM",,
"3 unread,",https://spigenhelp.zendesk.com/agent/tickets/1000143401,"https://spigenhelp.zendesk.com/agent/tickets/1000143401
국가 / 제품: IN / Spigen Ultra Hybrid S MagFit for Samsung Galaxy S25 Case, Transparent Galaxy S25 Back Cover (2025) - TPU+Poly Carbonate｜Clear White
ASIN: B0DJ9VY54G
구매일자: 2025-11-08","1차: Galaxy S25용 UH S MagFit 케이스가 사용한 지 4개월 만에 황변되어 교체 요청 (사진 첨부)
-> 100% 환불(Amazon상 이미 환불 완료)
2차: 환불 처리 이메일은 확인했으나, 금전적 환불만으로는 제품 품질 문제와 브랜드 책임 문제가 해소되지 않는다고 함. 아래 항목들에 대해 공식적인 답변을 요구:
(1) ‘가품’ 주장에 대한 검증 요청 - 이전 이메일에서 귀사 측이 해당 제품을 ‘가품’이라고 공식적으로 안내했다고 함. 그러나 본인의 인보이스상 해당 제품은 Spigen India Private Limited가 직접 판매한 제품으로 확인된다고 함. 따라서 공식 스토어에서 가품을 판매한 것인지, 아니면 워런티 클레임을 거절하기 위해 내부 진위 검토가 허위로 진행된 것인지 명확한 해명을 요구.
(2) 제품 불량 분석 요청 - DuraClear 기술이 4개월 만에 실패함. Amazon을 통한 환불만으로는, 제품이 광고된 기준을 충족하지 못한 사실이 해결되지 않음. 이와 같은 불량 배치 제품이 다른 고객에게도 판매되지 않도록 어떤 조치를 취하고 있는지 설명을 요구.
(3) 불편에 대한 보상 요청 - 원래 정품으로 바로 인정되었어야 할 제품의 진품 여부를 입증하는 데 상당한 시간과 노력이 들어감. 단순 환불은 최소한의 조치일 뿐이며, 지원 과정에서 이루어진 오해를 불러일으키는 주장들에 대한 보상이 되지 않음.
(4) 프리미엄 브랜드라면 인도 시장에 출시한 제품의 신뢰성과 품질에 대한 책임이 있음. 이번 가품 오분류에 대한 상세한 설명과, 이로 인해 훼손된 브랜드 신뢰를 어떻게 회복할 것인지에 대한 공식 입장을 요구
(5) 현재 문제가 있는 제품과 관련 이메일 전체를 보관 중임. 이 사안이 충분히 다뤄지지 않을 경우, 부당한 거래 관행을 사유로 인도 국가소비자헬프라인(NCH)에 정식으로 신고하겠다는 의사를 밝힘.",(최근 2년) 총 주문 제품 1개 / FBA 환불 제품 1개 / 셀러 환불 0건 / MCF 발송 0건,"고객 불편 유감
(가품 내용 관련) 주문 내역(171-4980896-3793918) 확인 결과, 가품이 아닌 공식 제품 구매로 확인됨, 당사에서는 해당 케이스를 가품으로 안내한 이력이 없음, 가품 안내를 받은 기록과 안내 출처에 대한 정보 제공 요청
당사 제품은 황변 현상을 지연시키는 소재를 적용 + 사용 환경, 습관에 따라 차이가 있을 수 있음 + 사용에 따른 이염 등은 워런티 대상이 아님 안내
 아마존상 이미 환불 완료 확인되었음",나아름 Jane 글로벌CX전략팀,"Mar 31, 5:12 PM
@
김지우 Kevin 글로벌CX전략팀
 프로님, 도움불가 3차까지 안내 후 NRN 처리로 전달 부탁드립니다.
Mar 31, 5:12 PM"
"9 unread,",https://spigenhelp.zendesk.com/agent/tickets/1000143141,"https://spigenhelp.zendesk.com/agent/tickets/1000143141
국가 / 제품: IN / Spigen Liquid Air for Samsung Galaxy S25 Case, Galaxy S25 Back Cover (2025) - TPU｜Matte Black
ASIN: B0DJ9T95PZ
구매일자: 2025-09-19","1차: 케이스를 7개월간 사용해왔는데 케이스가 헐거워져 휴대폰이 케이스 안에서 위아래로 움직임. 이런 문제가 벌써 세번째임. (영상 첨부: 이전 환불 티켓 #1000119199에서 첨부한 영상과 동일 영상 첨부) 
이전 환불 티켓) #1000119199
Galaxy S25용 LA케이스 늘어남으로 폐기 사진 확인 후 100% 환불
2년 이전 환불 티켓) #1000003777
Galaxy S23용 Cyrill Ultra Color 케이스를 2개월 사용했는데 늘어나서 핸드폰이 위아래로 움직인다며 워런티 문의 -> 100% 환불
비고: 
(최근 2년) 총 주문 제품 3개 / FBA 환불 제품 0개 / 셀러 환불 1건 / MCF 발송 0건
구매 6개월 경과","(최근 2년) 총 주문 제품 3개 / FBA 환불 제품 0개 / 셀러 환불 1건 / MCF 발송 0건
구매 6개월 경과","고객 불편 유감
고객 의견 유관부서 전달 완료+폐기사진 요청+이후 환불",양숙랑 Grace 글로벌CX전략팀,"Mar 31, 5:25 PM
네. 프로님 의견대로 MCF제공 한번 더 해봐요.
Mar 31, 5:25 PM"
임영신 June 글로벌CX전략팀,https://spigenhelp.zendesk.com/agent/tickets/1000143397,"https://spigenhelp.zendesk.com/agent/tickets/1000143397
국가 / 제품: MY / 확인 불가
ASIN: 확인 불가
구매일자: 확인 불가","케이스를 주문했는데 확인 메일을 받지 못했음
첨부한 스크린샷에 Spigen Malaysia 및 shopify.com
 확인됨
Spigen Malaysia로 검색 시 확인되는 웹사이트 - https://www.spigen.com.my/",확인 불가,"고객 불편 유감
고객의 제품 구매처는 당사 공식 셀러 페이지가 아님+ 도움 불가 + 슈피겐 제품은 Lazada Malaysia 공식 셀러 페이지에서 구매하시길 바람
Apr 7, 5:17 PM",,
임영신 June 글로벌CX전략팀,https://spigenhelp.zendesk.com/agent/tickets/1000143325,"https://spigenhelp.zendesk.com/agent/tickets/1000143325
국가 / 제품: BE / Spigen Verre trempé compatible avec GoPro Hero 12, GoPro Hero 11, GoPro Hero 10, GoPro Hero 9 Black, 6 Pièces (2 protector caméra, 2 protecteurs d'écran en verre, 2 films protecteurs d'écran)
ASIN: B092H9NQ3J
구매일자: 2026-03-30","1차: GoPro용 Glas.tR
+Film의 글라스가 게임 도중에 파손됨. 글라스에 작은 흠집이 났지만 화면 자체는 문제 없음. 다음 주문 건에 대한 할인이 가능할지 문의. 본인은 에어소프트 커뮤니티 내에서 사진, 긍정적인 리뷰 그리고 입소문을 냄.
-> 제품 상태 및 바코드 사진 요청
2차: 슈피겐 제품을 매우 만족스럽게 사용하고 있는 사용자이며, 어제 귀사의 글라스의 품질이 다시 한 번 입증되었음. 에어소프트 이벤트 중에 BB탄이 글라스에 직접 맞았음. 글라스는 충격을 흡수하며 깨졌지만 액정은 멀쩡한 상태였음. 귀사의 제품 덕분에 자신의 기기를 보호할 수 있었음. 자신은 에어소프트 커뮤니티에서 활동하고 있기 때문에, 이 성공 사례를 자신의 네트워크 및 좋은 리뷰를 통해 공유하고 싶음. 충격 당시 상황과 액정이 보호된 사진도 촬영하였음. 해당 사진을 귀사의 마케팅 목적이나 리뷰용으로 사용할 수 있도록 제공하고 싶으며, 그 대가로 새로운 글라스 세트를 받기를 원함. 에어소프트 분야에서 이러한 ‘실전 테스트 이미지'의 영향력을 고려할 때, 양측 모두에게 좋은 기회가 될 수 있다고 생각함. 관심이 있으시다면 사진을 바로 전달드리겠음.",확인 불가,"당사 제품 구매 감사
제품 상태 및 바코드 사진 요청
Apr 7, 5:25 PM",,
김지우 Kevin 글로벌CX전략팀,https://spigenhelp.zendesk.com/agent/tickets/1000143470,"링크: https://spigenhelp.zendesk.com/agent/tickets/1000143470
국가 / 제품: IT / Other (ODM) TinTap MagFit
ASIN=B0G866M9QD / SKU=AFA11381
구매일자: 2026-04-03",1차(현재): 제품 이미지상 링홀더 포함으로 오인 → 실제 미포함에 대한 불만 및 이미지 수정 요청 → 반품 또는 추가 비용 발생 불만 표출,"구매 5일 경과
(최근 2년) 주문/환불 이력 확인 불가
제품 상세페이지 내 링홀더는 연출용 액세서리이며, 이미지 내 “MagSafe 악세사리와 함께 사용” 문구 확인됨
실제 구성품 미포함 관련 명시 부족으로 혼선 가능성은 있으나, 제품 구성 오배송/하자 아님
유사 전례: 이미지 연출 관련 오인 케이스 → 도움 불가 처리 (러닝체인지/구성 혼동 사례 참고)
※ 위 근거로 “이미지 연출에 따른 오인으로 판단, 도움 불가” 예정","고객 상황에 대한 유감 표현
제품 페이지속 이미지는 이해를 돕기 위한 연출이며 맥세이프 악세사리를 부착할 수 있는 점을 고객에게 보여주기 위함임.
도움 불가한 점 양해 부탁드립니다.",TCT log Report,"Apr 1, 5:30 PM
TCT Chat Log_GCX 마감보고
날짜: 2026-04-01
• Lazada log: 1 건
• Shopee log: 0 건
시트 링크
Lazada log
Shopee log
Apr 1, 5:30 PM"
임영신 June 글로벌CX전략팀,https://spigenhelp.zendesk.com/agent/tickets/1000143392,"https://spigenhelp.zendesk.com/agent/tickets/1000143392
국가 / 제품: IN / Spigen 5000mAh ArcHybrid Magfit Magnetic Wireless Fast Charging Power Bank 7.5W Magsafe Compatible with iPhone 17/16/15/14/13/12 Series (Type C Cable Included) - Black
ASIN: B09MJVXYMF
구매일자: 2026-01-18","1차: PH2100 보조 배터리를 2시간 동안 충전하였지만 충전되지 않고 LED 깜빡거림 현상이 나타남 (영상 확인) 
2차: 20W 충전기를 사용하며, 케이블은 보조배터리에 동봉된 케이블임. 24시간 충전해도 보조배터리가 완충되지 않음.",(최근 2년) 총 주문 제품 16개 / FBA 환불 제품 10개 / 셀러 환불 0건 / MCF 발송 0건,"고객 불편 유감
고객 의견 유관 부서 전달 + 영상에서 제조상의 결함 확인 어려움 + 그러나 고객 불편 고려하여 환불 도움
Apr 8, 10:14 AM",,
김지우 Kevin 글로벌CX전략팀,https://spigenhelp.zendesk.com/agent/tickets/1000143296,"링크: https://spigenhelp.zendesk.com/agent/tickets/1000143296
국가 / 제품: UK / Google Pixel 7 Pro Ultra Hybrid
ASIN=B09YMV3TXX / SKU=ACS04726
구매일자: 2024-05-09","1차: 케이스 백판과 TPU 범퍼 분리 발생(사진 제출) → 사용 중 발생 가능성 안내 및 도움 불가
2차: 제조 결함 주장 및 워런티 근거로 재요청 → 제조 결함 판단 어려움 안내 및 도움 불가
3차(현재): 정상 사용 중 발생한 구조적 분리로 제조 결함 주장, 워런티 기간 내 재검토 및 상위 이관 요청","구매 1년 10개월 경과
(최근 2년) 총 주문 2개 / FBA 환불 0건 / 셀러 환불 0건 / 셀러 코드 발급 0건
사진상 백판-범퍼 분리 확인되나, 장기 사용에 따른 접착 약화 및 외부 환경 영향 가능성 존재
구매 시점 대비 장기간 사용 제품으로, 초기 불량 또는 제조 기인 여부 단정 어려움
타고객 유사 전례: 장기 사용 후 분리/이탈 건 → 동일하게 외부 요인 및 사용 경과로 판단하여 도움 불가 처리 다수
충성 고객 아님 (주문 2건)
※ 위 근거로 “제조상 결함 확인 불가, 사용 경과에 따른 분리로 판단 → 도움 불가” 예정","고객 상황에 대한 유감 표현
사진 확인 결과 제조상 결함은 확인되지 않음
도움 불가한 점 양해 부탁 (최종안내, 재인입시 NRN)",나아름 Jane 글로벌CX전략팀,"Apr 2, 11:22 AM
@
김지우 Kevin 글로벌CX전략팀
 네 프로님, 폐기사진 확인 후 환불 도움 부탁드립니다.
Apr 2, 11:22 AM"
김지우 Kevin 글로벌CX전략팀,https://spigenhelp.zendesk.com/agent/tickets/1000142910,"링크: https://spigenhelp.zendesk.com/agent/tickets/1000142910
국가 / 제품: IT / Galaxy Watch 8 (40mm) Liquid Air
ASIN=B0F974R3XR / SKU=ACS09840
구매일자: 2026-03-31","1차: 오배송 및 스크래치 제품 수령 주장 → FBA Grade&Resell 안내 및 Amazon CS 문의 유도
2차: Amazon 도움 불가 주장, 환불/재발송 요청 → 동일 안내 반복
3차: 사진 일부 제출, 추가 증빙 요청 → 바코드/CS 캡처 요청
4차: 추가 자료 제출 거부 → 검증 불가로 진행 불가 안내
5차: 이후 일부 사진 추가 제출 → 폐기사진 조건 환불 제안
6차(현재): 제품 폐기 주장 및 추가 증빙 불가 → 환불 또는 재발송 재요청","구매 7일 경과
(최근 2년) 총 주문 1개 / FBA 환불 0건 / 셀러 환불 0건 / 셀러 코드 발급 0건
FBA Grade & Resell 상품으로 중고 재판매 건 → 상태 검수 및 배송 Amazon 책임
초기 요구된 바코드/CS 대화 내역 등 핵심 검증자료 미제출 (일부 사진만 제출)
폐기사진 조건 환불 제안했으나, 고객 제품 폐기 주장으로 검증 불가
강한 환불 요구 지속 (Amazon 책임 전가 주장 포함)
충성 고객 해당 없음
※ 위 근거로 “증빙 미흡 + FBA 배송 이슈 → 도움 불가(NRN)” 예정","고객 상황에 대한 유감 표현
제품 상태를 확인할 수 없어 도움 불가한점 양해 바람
미개봉 반품 재판매 (FBA Grade & Resell) 상품에 대한 이슈는 FBA CS에 연락 바람",나아름 Jane 글로벌CX전략팀,"Apr 3, 10:18 AM
@
김지우 Kevin 글로벌CX전략팀
 이상한 트집을 다 잡네요 고객이....작성하신대로 고객의 소중한 피드백은 유관부서 공유하겠음으로 종료하는게 좋을 것 같습니다..!
Apr 3, 10:18 AM"
임영신 June 글로벌CX전략팀,https://spigenhelp.zendesk.com/agent/tickets/1000143391,"https://spigenhelp.zendesk.com/agent/tickets/1000143391
국가 / 제품: IN / Spigen Ultra Hybrid MagFit Back Cover Case Compatible with iPhone 16 Pro (TPU + Poly Carbonate | Frost Natural Titanium)
ASIN: B0D21W5MWV
구매일자: 2025-08-09","1차:  케이스를 장착 후, 휴대폰을 두 번 작게 떨어뜨렸는데도 화면이 깨짐. 처음 낙하 때는 화면의 하단부에 금이 갔고, 두 번째 낙하 때는 상단부가 깨짐. 이 가격에 기본적인 낙하 사고는 견딜 수 있어야 함. 전액 환불 요청. (사진 첨부)
-> 슈피겐 로고 사진 요청 + 사용한 글라스의 모델명 문의
2차: 관련 내용은 이미 이전 메일에서 명확히 전달하였음.
-> 슈피겐 로고 사진 + 사용한 글라스의 모델명 문의 2차 안내
3차: (사진 첨부) 사용한 글라스의 모델명은 정확히 모르겠음. 케이스를 장착했음에도 두 번의 낙하 후 글라스가 깨진 것을 문제 삼고 싶음. 가격대가 높은 케이스인 만큼 내구성에 대한 기대가 있었음. 보상 요청
-> 사용 중 생긴 결함 1차 안내 (환불 X)","(최근 2년) 총 주문 제품 2개 / FBA 환불 제품 1개 / 셀러 환불 0건 / MCF 발송 0건
구매 후 7개월 경과
사진 확인 시 화면이 아닌 글라스가 깨진 것으로 보임 (글라스 구매 내역 확인되지 않아 타사 글라스로 추정)","고객 불편 유감
사용 중 낙하에 의한 파손은 워런티 대상 아님 + 제조상의 결함과 파손 간의 인과관계 확인 어려움
도움 불가 2차 안내 (이후 NRN)
Apr 8, 5:04 PM",,
김지우 Kevin 글로벌CX전략팀,https://spigenhelp.zendesk.com/agent/tickets/1000143496,"링크: https://spigenhelp.zendesk.com/agent/tickets/1000143496
국가 / 제품: FR / Galaxy S25 FE Ultra Hybrid MagFit
ASIN=B0FC7S6H6S / SKU=ACS10027
구매일자: 2026-04-01","1차: 카메라 부분 장착 불가(사진 첨부) → 모델명 및 바코드 요청
2차(현재): 요청 정보 및 추가 사진 제출 → 장착 불가 지속 주장","구매 7일 경과
(최근 2년) 총 주문 1개 / FBA 환불 0건 / 셀러 환불 0건 / 셀러 코드 발급 0건
사진상 카메라 컷아웃 부위 간섭으로 완전 장착 불가 확인됨 (강한 압력에도 미장착)
GCX 기준상 초기 장착 불가 이슈는 제품 개별 편차 가능성 있으나 제조상 결함 단정 어려움 → 고객 불편 고려 보상 타당
매우 유사 리뷰 존재 “형합/장착 불가” (리뷰
https://www.amazon.de/gp/customer-reviews/R336B74WKZDM9H/ref=cm_cr_getr_d_rvw_ttl?ie=UTF8
)
※ 위 근거로 “제조상 결함 확인 불가, 고객 불편 고려 환불” 예정","제품 사용 중 불편을 겪으신 점 유감
사진 확인 결과 제조상 결함은 확인되지 않았음
고객 불편을 고려하여 환불 도움 예정",양숙랑 Grace 글로벌CX전략팀,"Apr 6, 10:53 AM
프로님. 이 고객 티켓 본문 확인하였고 악의적이지 않아 환불도움 드리면 좋을것 같습니다.
Apr 6, 10:53 AM"
김지우 Kevin 글로벌CX전략팀,https://spigenhelp.zendesk.com/agent/tickets/1000143532,"링크: https://spigenhelp.zendesk.com/agent/tickets/1000143532
국가 / 제품: DE / (New Biz) EV25MFAQ
ASIN=B0FPTKNYP3 / SKU=ACP10511
구매일자: 2025-12-02","1차: 충전 중 팬 소음 발생 및 작동 불안정 → 영상 및 바코드 요청
2차(현재): 영상 및 바코드 제출 → 충전 중단 및 전원 차단 현상 지속","구매 약 4개월 경과
(최근 2년) 총 주문 4개 / FBA 환불 2건 / 셀러 환불 0건 / 셀러 코드 발급 0건
영상상 충전 시 LED 깜빡임 및 전원 불안정(USB 허브 전원 차단 포함) 확인 → 정상 동작 아님
GCX 기준상 전원 차단/충전 중단은 사용 환경 영향 가능성(전압, 타사 케이블) 있으나, 기능 이상으로 판단 가능 → 고객 불편 고려 보상 타당
유사 전례 다수 존재 (LED 깜빡임/충전 불량 → 환불 또는 교체 대응)
※ 위 근거로 “제조상 결함 확인 불가, 고객 불편 고려 환불” 예정","제품 사용 중 불편을 겪으신 점 유감
확인 결과 제조상 결함은 발견되지 않았으나, 고객 불편을 고려하여 환불로 도움 예정
고객 의견은 유관 부서에 전달 예정",양숙랑 Grace 글로벌CX전략팀,"Apr 6, 12:28 PM
프로님. 한번더 MCF 부탁 드려요.
Apr 6, 12:28 PM"
김지우 Kevin 글로벌CX전략팀,https://spigenhelp.zendesk.com/agent/tickets/100014353,"링크: https://spigenhelp.zendesk.com/agent/tickets/100014353
https://spigenhelp.zendesk.com/agent/tickets/1000143532
국가 / 제품: DE / (New Biz) EV25MFAQ
ASIN=B0FPTKNYP3 / SKU=ACP10511
구매일자: 2025-12-02","1차: 충전 중 팬 소음 발생 및 작동 중단 → 영상 및 바코드 요청
2차: 영상 링크 첨부 → 추가 확인 요청(동봉 케이블 사용 여부)
3차(현재): 정품 케이블 포함 다수 케이블 사용 시 동일 증상 발생 (자사케이블 영상은 미첨부)","구매 약 4개월 경과
(최근 2년) 총 주문 4개 / FBA 환불 2건 / 셀러 환불 0건 / 셀러 코드 발급 0건
영상 확인 결과 충전 중단 및 전원 불안정(허브 전원 차단) 등 기능 이상 정황 확인됨
내부 기준상 명확한 제조상 결함 단정은 어려우나 정상 사용 환경 내 반복 증상 확인
타고객 유사 전례 (#1000131368, #1000133210) → 동일 제품 충전 불량 이슈에 대해 환불/대체품 제공 사례 존재
※ 위 근거로 “제조상 결함 확인 불가, 고객 불편 고려 MCF” 예정","제품 사용 중 불편을 겪으신 점 유감
확인 결과 제조상 결함은 발견되지 않음
고객 불편을 고려하여 예외적 대체품 제공 예정(MCF)",양숙랑 Grace 글로벌CX전략팀,"Apr 6, 4:57 PM
@
나아름 Jane 글로벌CX전략팀
 프로님.
https://spigenhelp.zendesk.com/agent/tickets/1000143274
해당 티켓 아래 대응으로 하면 될것같습니다. 영업팀 확인후 함께 답변해도 되겠네요.
슈피겐 케이스를 타사 글라스와 함께 사용 시 간섭 발생할 수 있음
아쉽게도 현재 Xiaomi 15T Pro용 슈피겐 글라스 출시 계획 (????)→영업팀 답변 참고후 추가
케이스와 호환이 되는 케이스 사용을 권장함
(환불도움 없이 안내 바랍니다)
Apr 6, 4:57 PM"
김지우 Kevin 글로벌CX전략팀,https://spigenhelp.zendesk.com/agent/tickets/1000143509,"링크: https://spigenhelp.zendesk.com/agent/tickets/1000143509
국가 / 제품: UK / Galaxy S26 Ultra Air Skin Aramid MagFit
ASIN=B0FVB22GHK / SKU=ACS11029
구매일자: 2026-03-04","1차: 케이스 후면 코팅 벗겨짐 발생 → 전체 사진 및 사용 환경 요청
2차(현재): 일반 사용 환경에서 발생 주장 + 추가 사진 제출 → 보상 검토","구매 약 1개월 경과
(최근 2년) 총 주문 5개 / FBA 환불 1건 / 셀러 환불 0건 / 셀러 코드 발급 0건
사진상 코팅 벗겨짐 확인되나 외부 마찰/사용 환경 영향 가능성 존재 (명확한 초기 불량 단정 어려움)
내부 기준상 외관 손상은 사용 환경 영향으로 판단되는 경우가 일반적이나, 구매 초기(1개월) 발생 및 고객 사용 이력 고려 시 예외 처리 가능
타고객 유사 전례 다수 존재 (아라미드/코팅 벗겨짐 → 환불 대응 케이스)
(최근 2년) 총 주문 5건 / 환불 1건 → 충성고객 조건 충족
※ 위 근거로 “제조상 결함 확인 불가, 고객 불편 고려MCF” 예정","제품 사용 중 불편을 겪으신 점 유감
확인 결과 제조상 결함은 발견되지 않았으나, 고객 불편을 고려하여 대체품 제공 도움 예정",나아름 Jane 글로벌CX전략팀,"Apr 7, 11:06 AM
@
김지우 Kevin 글로벌CX전략팀
 프로님, 고객이 자꾸 열렸다 닫혔다하면서 떨어지기까지 한다는걸보니 다시 끼워도 문제가 발생될 것 같네요..
예외적 대체품 제공인 점 언급 후, mcf 처리 부탁드립니다!
(재고: 2420개)
Apr 7, 11:06 AM"
김지우 Kevin 글로벌CX전략팀,https://spigenhelp.zendesk.com/agent/tickets/1000143458,"링크: https://spigenhelp.zendesk.com/agent/tickets/1000143458
국가 / 제품: DE / (New Biz) EV25MFAQ
ASIN=B0FPTKNYP3 / SKU=ACP10511
구매일자: 2026-03-10","1차: 송풍구 호환 문제 안내 및 영상/바코드 요청 → 고객이 후크 기울어짐 문제로 사진 재제출
2차(현재): 후크가 비뚤어져 주행 시 흔들림 발생 주장(사진 첨부) → 교체용 베이스 요청","구매 약 30일 경과
(최근 2년) 총 주문 1개 / FBA 환불 0건 / 셀러 환불 0건 / 셀러 코드 발급 0건
사진상 후크 정렬 불량 확인되며 장착 안정성 저하 주장 명확
GCX 기준상 초기 구조 불량 혹은 나사 풀림 의심 가능 케이스 → 기능 사용 불가 수준이면 교품 타당
※ 위 근거로 “제조상 결함 확인 불가, 고객 불편 고려 교품(MCF) 제공” 예정","제품 사용 중 불편을 겪으신 점 유감입니다.
사진 확인 결과 제조상 결함은 확인되지 않았습니다.
고객 불편을 고려하여 대체품 제공 예정 (MCF)",임영신 June 글로벌CX전략팀,"Apr 7, 2:57 PM
확인 감사합니다~!
Apr 7, 2:57 PM"
김지우 Kevin 글로벌CX전략팀,https://spigenhelp.zendesk.com/agent/tickets/1000143643,"링크: https://spigenhelp.zendesk.com/agent/tickets/1000143643
국가 / 제품: ES / Garmin SP_Glas.tR
 EZ Fit Slim
ASIN=B0DP5RPSTY / SKU=AGL09158
구매일자: 2026-03-17","1차: 글라스 2장 모두 불량(버블 및 접착 불량) → MCF 교품 발송 진행
2차(현재): UPS 픽업 수령 선택했으나 수령 안내 미수신 → 픽업 기간 경과로 반송 예정 상태 확인 → 재발송 요청","구매 약 24일 경과
(최근 2년) 총 주문 5개 / FBA 환불 3건 / 셀러 환불 0건 / 셀러 코드 발급 0건
배송사(UPS) 픽업 안내 미수신으로 인한 미수령 → 반송 진행 (트래킹 상 확인됨)
내부 기준 검토: 배송 과정 이슈는 배송사 소관이나, 기존 제품 불량으로 교품 진행된 건 고려 필요
타고객 유사 전례: 배송 미수령 반송 건에 대해 1회 추가 MCF 제공 사례 존재
※ 위 근거로 “배송사 이슈이나 고객 불편 고려 1회 추가 MCF 재발송” 예정","제품 사용 중 불편을 겪으신 점 유감
배송은 배송사 소관임
고객 불편 고려 자사에서 대체품을 다시 배송 드릴 예정",임영신 June 글로벌CX전략팀,"Apr 8, 5:12 PM
@
양숙랑 Grace 글로벌CX전략팀
 리더님, 이 클레임 관련, 인도사업부 류도희 L에게 질의하였으나 아직 회신이 없습니다. 다만, 유사한 사례가 UK에서 2번 발견되어, 해당 제품의 재질 특성상 TPU 늘어남 현상이 발생하는 것이 아닌가 생각됩니다. 환불 대응이 적절하다고 판단되시면, 어제 남긴 IN 챗룸에도 해당 내용 공유해두겠습니다. 
https://spigenhelp.zendesk.com/agent/tickets/1000139097
https://spigenhelp.zendesk.com/agent/tickets/1000142807
Apr 8, 5:12 PM"
김지우 Kevin 글로벌CX전략팀,https://spigenhelp.zendesk.com/agent/tickets/1000143691,"링크: https://spigenhelp.zendesk.com/agent/tickets/1000143691
국가 / 제품: DE / PowerArc PE2109
ASIN=B0CMZ5B1SG / SKU=ACH06033
구매일자: 2025-04-09","1차(현재): 충전기 완전 작동 불가 (양 포트 모두 무전력, 다수 기기/케이블 테스트 완료, 영상 첨부) → 워런티 요청","구매 365일 경과
(최근 2년) 총 주문 1개 / FBA 환불 0건 / 셀러 환불 0건 / 셀러 코드 발급 0건
핵심 쟁점: 양 포트 모두 출력 불가 → 정상 사용 중 기능 정지로 보이는 전원 불량 (영상으로 재현 확인됨)
내부 기준(GCX_Power Accessory Amz. CS Procedure)검토 결과: 외부 요인 확인 불가 + 기능 미작동 명확 → 구매 후 경과 기간 및 고객 불편 고려 환불 100% 타당
타고객 유사 전례: 충전 불량 및 출력 중단 사례 환불 처리 다수 존재 (PowerArc 라인)
※ 위 근거로 “제조상 결함 확인 불가하나 기능 미작동으로 고객 불편 고려 100% 환불” 예정","제품 사용 중 불편을 겪으신 점 유감
제조상 결함 발견 못함
고객 불편을 고려하여 100% 환불 예정",임영신 June 글로벌CX전략팀,"Apr 7, 5:39 PM
확인 감사합니다.
Apr 7, 5:39 PM"
김지우 Kevin 글로벌CX전략팀,https://spigenhelp.zendesk.com/agent/tickets/1000143601,"링크: https://spigenhelp.zendesk.com/agent/tickets/1000143601
국가 / 제품: ES / Galaxy Tab S10 Plus Rugged Armor Pro
ASIN=B0C4G7CJ49 / SKU=ACS06539
구매일자: 2024-11-24","1차: 케이스 변색 및 글라스 간섭 주장 → 사용 중 영향 안내 및 도움 불가
2차: 초기부터 핏 불량 + 과거 문의 미응답 주장 → 동일 기준으로 도움 불가 + FBA 안내
3차(현재): 초기 불량 및 CS 미응답 문제 재강조 → 재검토 요청","구매 약 1년 4개월 경과
(최근 2년) 총 주문 17개 / FBA 환불 8건 / 셀러 환불 2건 / 셀러 코드 발급 0건
초기부터 글라스-케이스 간섭 주장 및 CS 미응답 이슈 제기 (증거 없음)
내부 기준(GCX_2024 CS PROCEDURE) 검토 결과: 장기간 사용 후 발생한 변색 및 간섭 → 사용 환경 및 외부 요인 가능성 높음, 초기 불량 입증 불가
타고객 유사 전례: 장기 사용 후 변색/핏 이슈 클레임은 동일 기준 도움 불가 다수 존재
※ 위 근거로 “사용 환경 영향 가능성 및 초기 불량 입증 불가로 도움 불가 유지” 예정","고객 상황에 대한 유감 표현
사용환경 및 외부 영향에 따른 이염·오염으로 확인되며 제조상 결함으로 보기 어려움
도움 불가한 점 양해 부탁
재인입시 NRN
Samsung Galaxy Tab S10+ Spigen protection
#1000143601
Dear Spigen Support Team,
I am writing to file a complaint regarding a case and screen protector for the Samsung Galaxy Tab S10+, which I purchased in November 2024.
Attached invoice.
In 2025, I al...
Status         pending
Priority        high
View
Update
Comment
By 
Zendesk
App
Remove preview",임영신 June 글로벌CX전략팀,"Apr 7, 5:46 PM
네 알겠습니다. 인도사업부에 문의 후, 대응하도록 하겠습니다.
Apr 7, 5:46 PM"
김지우 Kevin 글로벌CX전략팀,https://spigenhelp.zendesk.com/agent/tickets/1000143663,"링크: https://spigenhelp.zendesk.com/agent/tickets/1000143663
국가 / 제품: IT / AirPods Pro 3 Urban Fit
ASIN=B0FX3HWNY2 / SKU=ACS11196
구매일자: 2026-04-03","1차: 케이스 사이즈 불일치 및 탈착 문제 제기 → 설치 가이드 및 추가 자료 요청
2차: 설치 방법 안내 후에도 메인 케이스 고정 불가 재클레임(영상 제출) → 원인 재확인 필요
3차(현재): 상단은 정상 부착되나 하단이 과도하게 커서 고정 불가 주장 → 환불 또는 조치 기대","구매 7일 경과
(최근 2년) 총 주문 1개 / FBA 환불 0건 / 셀러 환불 0건 / 셀러 코드 발급 0건
영상 기준 상단은 정상 부착되나 하단 케이스 유격 발생 명확 (고정 불가 상태)
설치 가이드 정상 수행 이후에도 동일 증상 → 단순 설치 오류 가능성 낮음
내부 기준상 명확한 제조상 결함 단정은 어려우나, 사용 불가 수준 불편 발생
유사 전례: 사이즈/호환 이슈 시 고객 불편 고려 환불 처리 사례 다수 존재
※ 위 근거로 “제조상 결함 확인 불가, 고객 불편 고려 대체품 제공” 예정","제품 사용 중 불편을 겪으신 점 유감
사진 확인 결과 제조상 결함은 확인되지 않았음
고객 불편을 고려하여 대체품 제공 예정 (MCF 진행)",임영신 June 글로벌CX전략팀,"Apr 7, 5:46 PM
확인 감사해요!
Apr 7, 5:46 PM"
김지우 Kevin 글로벌CX전략팀,https://spigenhelp.zendesk.com/agent/tickets/1000143647,"링크: https://spigenhelp.zendesk.com/agent/tickets/1000143647
국가 / 제품: UK / Waterproof Backpack
ASIN=B0DPY3XST4 / SKU=AMP07875
구매일자: 2025-07-24","1차: 어깨 스트랩에서 삐걱거리는 소음 발생 → 영상 및 사용 환경 요청
2차: 정상 사용 환경(통근/쇼핑)에서 발생한 소음으로 인한 본인의 ADHD증상 발현 강조 및 영상 첨부 → 검토 후 대응 필요","구매 
8개월 경과
(최근 2년) 총 주문 3개 / FBA 환불 0건 / 셀러 환불 0건 / 셀러 코드 발급 0건 → 충성 고객
첨부 영상 확인 시 스트랩 내부 마찰로 인한 소음 발생 가능성 존재 (위아래 움직임 시 반복 발생)
내부 기준(GCX_2024 CS PROCEDURE) 검토 결과, 사용 중 마찰/구조적 특성에 따른 현상으로 단정적 결함 판단은 어려움
타고객 유사 전례: 구조/사용 중 소음 및 기능 이슈는 결함 단정 없이 고객 불편 고려 보상 사례 다수 존재
※ 위 근거로 “제조상 결함 확인 불가, 고객 불편 고려 대체품 제공” 예정","제품 사용 중 불편을 겪으신 점 유감
사진 확인 결과 제조상 결함은 확인되지 않았음
확인 결과 제조상 결함은 발견되지 않았으나, 고객 불편을 고려 대체품 제공 예정 (MCF)",임영신 June 글로벌CX전략팀,"Apr 7, 5:48 PM
확인 감사합니다.
Apr 7, 5:48 PM"
김지우 Kevin 글로벌CX전략팀,https://spigenhelp.zendesk.com/agent/tickets/1000143791,"링크: https://spigenhelp.zendesk.com/agent/tickets/1000143791
국가 / 제품: IN / Galaxy S26 Liquid Air
ASIN=B0FXCJG9L9 / SKU=ACS11216
구매일자: 2026-03-10","1차: 케이스 1개월 내 늘어남 및 핏 불량 주장(사진 첨부) → 영상 요청
2차(현재): 영상 제출하며 워런티 클레임 요청","구매 약 1개월 경과
(최근 2년) 총 주문 9개 / FBA 환불 2건 / 셀러 환불 0건 / 셀러 코드 발급 0건
사진 및 영상 상 TPU 늘어남으로 인한 핏 불량 주장 확인되나, 사용 환경 영향 가능성 존재
GCX 기준상 TPU 변형은 사용 중 발생 가능 → 제조상 결함 단정 어려움
충성 고객 여부: 총 주문 9건 / 환불 2건 → 충성고객 해당
※ 위 근거로 “제조상 결함 확인 불가, 고객 불편 고려 환불” 예정","제품 사용 중 불편을 겪으신 점 유감
확인 결과 제조상 결함은 발견되지 않았으나, 고객 불편을 고려하여 환불로 도움
앞으로도 슈피겐 제품에 많은 관심 부탁",나아름 Jane 글로벌CX전략팀,"Apr 8, 10:00 AM
@
김지우 Kevin 글로벌CX전략팀
 네 프로님 작성하신대로 대응 부탁드립니다.
맥세이프가 부착된 이미지가 여러개면 오해할만하지만,, 확인해보니 이미지 1개만 그런거네요..!
Apr 8, 10:00 AM"
김지우 Kevin 글로벌CX전략팀,https://spigenhelp.zendesk.com/agent/tickets/1000143721,"링크: https://spigenhelp.zendesk.com/agent/tickets/1000143721
국가 / 제품: IN / iPhone 17 Pro Thin Fit Clear T MagFit
ASIN=B0FS1QDZVD / SKU=ACS10623
구매일자: 2025-11-02","1차: 케이스 장착 시 버튼 정렬 불량 및 볼륨 버튼 자동 눌림 현상 주장 → 영상 및 주문정보 요청
2차(현재): 영상 및 인보이스 제출, 버튼 오작동 재현 확인 → 워런티 클레임 요청","구매 약 5개월 경과
(최근 2년) 총 주문 1개 / FBA 환불 0건 / 셀러 환불 0건 / 셀러 코드 발급 0건
영상상 케이스 장착 시 볼륨 버튼이 지속적으로 눌리는 현상 확인되어 정상 사용 어려운 상태
제품 변형 또는 사용 환경 영향 가능성 있으나, 기능 간섭 수준으로 고객 사용 불편 명확
타고객 유사 클레임: #1000128309
https://spigenhelp.zendesk.com/agent/tickets/1000128309
  동일 버튼 눌림 이슈 인입 이력 존재 (미회신 케이스)
타고객 유사 리뷰: 리뷰
https://www.amazon.co.uk/-/en/gp/customer-reviews/R1Q7T9WATPUGD8/ref=cm_cr_arp_d_rvw_ttl?ie=UTF8
※ 위 근거로 “제조상 결함 확인 불가, 고객 불편 고려 환불” 예정","제품 사용 중 불편을 겪으신 점 유감
확인 결과 제조상 결함은 발견되지 않았으나, 고객 불편을 고려하여 환불로 도움",나아름 Jane 글로벌CX전략팀,"Apr 8, 10:22 AM
@
김지우 Kevin 글로벌CX전략팀
 프로님, 1년 10개월 사용 후, TPU분리되었으나 제조상 결함 주장하는 고객인 점 확인했습니다. 사진봐도 사용중 발생된 일반적인 마모로 보여지네요! 혹시 몰라 예외적 대체품 제공도 고려하여 MCF 재고 확인하였으나 재고 0건이라서, 작성하신대로 도움불가 유지 부탁드립니다.
Apr 8, 10:22 AM"
김지우 Kevin 글로벌CX전략팀,https://spigenhelp.zendesk.com/agent/tickets/1000142683,"링크: https://spigenhelp.zendesk.com/agent/tickets/1000142683
국가 / 제품: IN / Galaxy Z Fold 7 Tough Armor Pro MagFit
ASIN=B0F1B7GKC9 / SKU=ACS09550
구매일자: 2026-03-09","1차: 힌지 보호부 먼지 유입 주장 → 사진 요청 및 검토 후 사용 안내
2차: 힌지 느슨함으로 인한 먼지 유입 주장, 교체/환불 요청 → 외부 요인 안내 및 도움 불가
3차: 동일 이슈 반복 주장 (초기부터 느슨했다 주장) → 동일 안내 + 도움 불가 3차
4차: 환불 대신 교체 요청 → NRN 처리
5차(현재): “도움 없으면 고객 잃는다” 메시지 재인입","구매 약 20일 경과
(최근 2년) 총 주문 10개 / FBA 환불 5건 / 셀러 환불 1건 / 셀러 코드 발급 0건
핵심 쟁점
힌지 느슨함 및 먼지 유입을 제품 문제로 지속 주장
동일 제품으로 이전 환불 이력 존재 (#1000139753)
반복 클레임 + 환불 비율 과다 (6/10) → 블랙컨슈머 가능성 (IN)
내부 기준 검토 결과
사용 중 유입되는 먼지 및 힌지 유격은 사용 환경 및 외부 영향 범주
동일 사유 반복 인입 시 추가 지원 제한 및 NRN 적용 가능
타고객 유사 전례
힌지/구조 관련 외부 요인 판단 시 지속 도움 불가 및 NRN 유지 케이스 다수
※ 위 근거로 “외부 요인 판단 + 반복 클레임 → NRN 유지” 예정",NRN유지,나아름 Jane 글로벌CX전략팀,"Apr 8, 11:51 AM
@
김지우 Kevin 글로벌CX전략팀
 고객이 아마존 FBA CS에서 도움을 거절한 증빙내역 + 폐기사진 요청 등에 대해 모두 거부하고 있는것으로 확인했습니다.
작성하신 ""제품 상태를 확인할 수 없어 도움 불가한점 양해 바람""은 제외하고, 하기 안내로 전달 부탁드립니다.
1. 고객 상황 유감 표현
2. 케이스가 주문한 것과 다르고 흠집 등 파손된 부분은 FBA Grade & Resell을 담당하고 있는 아마존 CS를 통해 도움을 받으시는게 맞음
3. 아마존 CS를 통해 도움을 받으시거나, 반품을 진행하시길 권장드림
4. 많은 도움을 드리지 못하여 죄송 + 도움불가 유지
Apr 8, 11:51 AM"
김지우 Kevin 글로벌CX전략팀,https://spigenhelp.zendesk.com/agent/tickets/1000143872,"링크: https://spigenhelp.zendesk.com/agent/tickets/1000143872
국가 / 제품: JP / iPad Pro 11 (25) SP_Glas.tR
 EZ Fit Slim
ASIN=B0CWSHG5D8 / SKU=AGL07788
구매일자: 2026-04-10",1차(현재): 글라스 부착 후 특정 부위 버블 지속 발생 → 환불/반품 가능 여부 문의,"구매 약 3일 경과
(최근 2년) 총 주문 19개 / FBA 환불 6건 / 셀러 환불 3건 / 셀러 코드 발급 0건
설치 과정에서 발생한 버블 현상으로 판단되며 제품 자체 이슈로 단정 어려움
동일/유사 사유로 반복 환불 이력 존재
과거 동일 제품 포함 예외적 환불 제공 이력 확인됨
내부 기준(GCX_2024 CS PROCEDURE) 검토 결과
    부착형 글라스의 버블은 설치 방식 및 환경 영향으로 발생 가능
    고객 부주의로 발생한 설치 이슈는 CS 보상 대상 아님
동일 사유 반복 및 기존 환불 이력 존재 시 추가 지원 제한
타고객 유사 전례
총 주문 19건 / 환불 9건(0.33 이상) → 충성 고객 아님
※ 위 근거로 “설치 부주의로 인한 버블 → 추가 보상 불가” 예정","고객 상황에 대한 유감 표현
사용환경 및 외부 영향에 따른 변형은 워런티 대상이 아님
도움 불가한 점 양해 부탁 (+ 관리대상 지정)",임영신 June 글로벌CX전략팀,"Apr 8, 12:28 PM
확인 감사합니다.
Apr 8, 12:28 PM"
"2 unread,",https://spigenhelp.zendesk.com/agent/tickets/1000143917,"https://spigenhelp.zendesk.com/agent/tickets/1000143917
국가 / 제품: ES / Spigen Funda para iPhone 17 Pro MAX, Ultra Hybrid MagFit Compatible con MagSafe [Tecnología Dura Clear] - Blanco Claro
ASIN: B0FD1TT96X
구매일자: 2025-10-08","케이스 사용 후, 몇개월만에 빠르게 황변되어 교체 또는 환불 요청","(최근 2년) 총 주문 제품 7개 / FBA 환불 제품 0개 / 셀러 환불 2건 / MCF 발송 0건
현재 재고 있음 (1270 fulfillable)","고객 불편 유감
사용 환경에 따른 오염 또는 이염은 워런티 대상 아님+사진 상에서 제조상의 결함 파악되지 않음+그러나 고객 불편 고려하여 예외적으로 대체품 제공해드리고자 함+ 동의시 정보 요청
또한, 기존 제품 재사용에 따른 불편을 방지하기 위하여 제품 폐기 요청 드림+폐기는 제품 절단 뿐 아니라, 마커 등으로 케이스 등에 X 자 표시로도 가능 안내",TCT log Report,"Apr 8, 5:30 PM
TCT Chat Log_GCX 마감보고
날짜: 2026-04-08
• Lazada log: 0 건
• Shopee log: 1 건
시트 링크
Lazada log
Shopee log
Apr 8, 5:30 PM"
임영신 June 글로벌CX전략팀,https://spigenhelp.zendesk.com/agent/tickets/1000143890,"https://spigenhelp.zendesk.com/agent/tickets/1000143890
국가 / 제품: UK / Spigen Nano Pop MagFit Case for iPhone 17 Pro Max, MagSafe Compatible Phone Cover [Military-Grade Drop Protection] - Blueberry Navy
ASIN: B0FD1R5BJ3
구매일자: 2026-04-09","1차: Nano Pop MagFit 2개를 수령 후, 다음날 사용하자마자 MagSafe 스탠드의 링 자국이 케이스에 남았음.
케이스는 마음에 들지만 이 자국 때문에 계속 신경 쓰일 것 같은데 원래 이런 것인지,  Black Sesame 색상도 동일한 현상이 있는지 문의
-> MagSafe Stand의 브랜드와 모델 문의, 사진 및 바코드 요청 
2차: Black Sesame 버전도 동일하게 MagSafe 링을 붙였다 떼어 내면 바로 링 자국이 남음. 리뷰 확인 시, 이런 현상이 흔한 것 같으며, 닦으면 지워지긴 하지만 시간이 지나면 자국이 더 심해질 것 같음.
두 케이스 모두 아마존에 반품하려고 포장해 둔 상태이지만, 원한다면 사진 보낼 의향 있음. 케이스 자체는 마음에 들어, 1개는 사용할까 고민중이며 귀사의 의견을 듣고 싶었음.","(최근 2년) 총 주문 제품 5개 / FBA 환불 제품 0개 / 셀러 환불 0건 / MCF 발송 0건 (충성 고객)
참고 티켓)
#1000143664 (IT) Galaxy S25 Ultra용 Nano Pop MagFit 케이스의 마그넷 링이 있는 후면에 자국이 생겼음. 가끔 사용한 유일한 MagSafe 악세서리는 Spigen 링임. Negative Review를 남기기 전에 해결 가능한지 문의함.
-> MCF 발송
#1000138095 (IT) Galaxy S25 Ultra용 Nano Pop MagFit 케이스를 사용한 지 한 달 만에 맥세이프 링 주변에 자국이 발생했고 제거되지 않음. 고가의 케이스인데 보기에 너무 흉함.
-> 제품의 두께를 최대한 얇게 만들고 MagSafe와 호환이 가능하게끔 제작하다 보니, 단차로 인한 자석이 빛의 각도에 따라 보일 수도 있음 + 고객 불편을 고려하여 예외적으로 대체품 발송 예정 (MCF 처리)
#1000055880 (IN) iPhone 15 Pro용 Nano Pop Mag 케이스를 맥세이프 보조배터리와 사용했는데 제거되지 않는 원형 자국이 발생함
-> 제품의 두께를 최대한 얇게 만들고 MagSafe와 호환이 가능하게끔 제작하다 보니, 단차로 인한 자석이 빛의 각도에 따라 보일 수도 있음 + 100% 환불","고객 불편 유감
제품의 두께를 최대한 얇게 만들고 MagSafe와 호환이 가능하게끔 제작하다 보니, 단차로 인한 자석이 빛의 각도에 따라 나타날 수 있음. 아울러 함께 사용하는 MagSafe 악세사리에 따라 케이스 후면에 자국이 남을 수 있음
고객 의견 유관 부서 전달+사진이 없어 클레임 현상의 정확한 파악 어려우나, 고객 불편 고려하여 Blueberry Navy 색상 1개에 대해 환불로 도움드리고자 함
Apr 13, 11:51 AM",,
김지우 Kevin 글로벌CX전략팀,https://spigenhelp.zendesk.com/agent/tickets/1000143929,"링크: https://spigenhelp.zendesk.com/agent/tickets/1000143929
국가 / 제품: IN / Galaxy S26 Ultra Air Skin Aramid MagFit
ASIN=B0FVB22GHK / SKU=ACS11029
구매일자: 2026-03-12","1차: 아라미드 섬유 코팅 벗겨짐 주장(사진 첨부) → 추가 사진 및 바코드 요청
2차(현재): 추가 각도 사진 및 바코드 제출 → 교체 요청 유지","구매 약 1개월 경과
(최근 2년) 총 주문 2개 / FBA 환불 0건 / 셀러 환불 0건 / 셀러 코드 발급 0건
사진상 모서리 코팅 벗겨짐 확인되며, 외부 마찰/충격에 의한 손상 형태로 판단됨
GCX 기준상 사용 중 발생한 외부 영향에 의한 손상은 워런티 대상 아님
MCF제공 전례(#1000143509) 대비 동일 제품이나, 본 건은 외부 충격 기인으로 판단되어 보상 제외 타당
충성 고객 아님 (총 주문 2건)
※ 위 근거로 “사용 중 외부 영향에 의한 손상으로 도움 불가” 예정","제품 사용 중 불편을 겪으신 점 유감
사진 확인 결과, 사용환경 및 외부 영향에 의한 파손으로 사료되며 제조상 결함은 확인되지 않음
도움 불가한 점 양해 부탁",나아름 Jane 글로벌CX전략팀,"Apr 8, 5:35 PM
@
김지우 Kevin 글로벌CX전략팀
 프로님, 환불 말고 mcf로 예외적 도움 안내 부탁드립니다. (재고: 42건)
Apr 8, 5:35 PM"
임영신 June 글로벌CX전략팀,https://spigenhelp.zendesk.com/agent/tickets/1000141841,"https://spigenhelp.zendesk.com/agent/tickets/1000141841
국가 / 제품: FR / Spigen Essential CryoMax MagFit Qi2 15W Chargeur MagSafe Voiture pour Grille d'Aération [Câble inclus] Chargeur Voiture sans Fil avec Refroidissement, éclairage LED, Compatible avec iPhone 17 16 15 14
ASIN: B0FCXW7FW5
구매일자: 2025-12-13","1차: EV15MAA 차량용 충전 거치대가 이틀 동안 충전되지 않고 있음.
USB C 케이블을 연결하여 사용했고, LED 불은 몇 초 동안 한 두 번 깜빡거리다가 작동을 멈춤. 다른 케이블과 충전기로도 시도해 봤으나 소용 없었음.
-> 동영상 + 함께 사용한 휴대폰과 케이블의 모델명 회신 요청
2차: JBL 스피커의 충전 케이블을 사용하며, Galaxy S25 Ultra와 슈피겐 맥세이프 케이스를 충전함.
집에서 사용하는 삼성 SC 변환기를 사용해 봤는데 동영상처럼 동일한 현상이 나타남.","다른 구매 내역 확인되지 않음
현재 재고 있음 (70 fulfillable)","고객 불편 유감
불편 사항 유관 부서 전달+고객 불편 고려하여 대체품 제공 도움 드리고자 함 + 동의시 정보 요청
Apr 13, 12:28 PM",,
김지우 Kevin 글로벌CX전략팀,https://spigenhelp.zendesk.com/agent/tickets/1000143948,"링크: https://spigenhelp.zendesk.com/agent/tickets/1000143948
국가 / 제품: IN / iPhone 13 Ultra Hybrid
ASIN=B096HKQK9W / SKU=ACS03522
구매일자: 2025-09-25","1차: 케이스 황변 발생 주장 및 환불 요청(사진 첨부) → 사용환경 영향 가능성 안내 및 도움불가
2차(현재): 보증 내 변색 보장 주장 + Consumer Court 언급하며 환불 재요청","구매 약 6개월 20일 경과
(최근 2년) 총 주문 2개 / FBA 환불 1건 / 셀러 환불 1건 / 셀러 코드 발급 0건
사진상 황변 확인되나, 투명 케이스 특성상 사용환경 및 외부 요인(자외선, 오염 등)에 따른 변색으로 판단
동일 제품 황변 사유로 과거 환불 이력 존재(#1000092189) → 반복 클레임 케이스
인도 황변 프로시저상 기존 환불 이력 고객은 워런티 6개월 제한 적용 → 현재 기간 초과
상이한 이메일로 재인입 + ABM 동시 인입 확인 → 클레임 지속성 및 관리 필요
Consumer Court 언급 등 강성 클레임
※ 위 근거로 “사용환경 및 외부 요인에 의한 변색으로 도움 불가” 예정","고객 상황에 대해 유감스럽게 생각
황변 및 사용 중 손상은 외부 요인으로 제조상 결함이 아님
워런티 도움 불가함",나아름 Jane 글로벌CX전략팀,"Apr 8, 5:42 PM
@
김지우 Kevin 글로벌CX전략팀
 프로님, 이 제품에 원래 케이블이 같이 동봉되서 판매되는건가요?
Apr 8, 5:42 PM"
임영신 June 글로벌CX전략팀,https://spigenhelp.zendesk.com/agent/tickets/1000142910,"링크: https://spigenhelp.zendesk.com/agent/tickets/1000142910
국가 / 제품: IT / Galaxy Watch 8 (40mm) Liquid Air
ASIN=B0F974R3XR / SKU=ACS09840
구매일자: 2026-03-31","1차: 오배송 및 스크래치 제품 수령 주장 → FBA Grade&Resell 안내 및 Amazon CS 문의 유도 (4/1인입)
2차: Amazon 도움 불가 주장, 환불/재발송 요청 → 동일 안내 반복
3차: 사진 일부 제출, 추가 증빙 요청 → 바코드/CS 캡처 요청
4차: 추가 자료 제출 거부 → 검증 불가로 진행 불가 안내
5차: 이후 일부 사진 추가 제출 → 폐기사진 조건 환불 제안
6차: 제품 폐기 주장 및 추가 증빙 불가 → 환불 또는 재발송 재요청
7~14차: NRN 이후 계속 답변 종용
15차: 이틀 더 기다린 후 답변 없을 시, 배드리뷰 예고","구매 7일 경과
(최근 2년) 총 주문 1개 / FBA 환불 0건 / 셀러 환불 0건 / 셀러 코드 발급 0건","NRN
Apr 13, 2:18 PM",,
임영신 June 글로벌CX전략팀,https://spigenhelp.zendesk.com/agent/tickets/1000143763,"https://spigenhelp.zendesk.com/agent/tickets/1000143763
국가 / 제품: FR / Spigen Liquid Air Folio Coque Compatible avec iPad Pro 11 Pouces M5/M4 (2025-2024) Étui léger et Fin avec Fonction Sommeil/réveil Automatique Amical avec Le Stylo - Noir
ASIN: B0F16C514W
구매일자: 2026-01-21
제조사: JEWELIVES(중국)","1차: iPad Pro 11"" (2025/2024)용 Liquid Air Folio 구매 건. 아이패드를 세워서 기울어진 상태로 자주 사용하고 있는데, 케이스가 변형되어 커버가 다시 평평하게 펴지지 않고 가운데가 둥글게 휘어져 있음. 그 때문에 이제 제대로 닫히지도 않음. 아직 사용한 지 오래되지 않았는데 이런 문제가 발생해서 매우 실망스러움. 해결 방법을 요청드림. (사진 첨부)
-> 평소에 케이스 사용하는 모습 사진 + 파손 경위 문의
2차: 평소에 케이스 사용하는 모습 사진 첨부함.
-> 접는 방법 안내 + 문제 지속 시 영상 요청
3차: 제품이 변형되어 원래 형태로 복구 불가함.
기존 사용 경험 있으며, 사용 방법이 문제가 아님. 제품 품질 불만에 따라 환불 요청.",(최근 2년) 총 주문 제품 1개 / FBA 환불 제품 0개 / 셀러 환불 0건 / MCF 발송 0건,"고객 불편 유감
소중한 의견 감사+사항 유관 부서 전달+고객 불편 고려하여 예외적으로 환불 도움 드리고자 함
Apr 13, 2:45 PM",,
"2 unread,",https://spigenhelp.zendesk.com/agent/tickets/1000143873,"https://spigenhelp.zendesk.com/agent/tickets/1000143873
국가 / 제품: UK / Spigen Glas.tR
 EZ Fit Tempered Glass Screen Protector for Garmin Fēnix 8 47mm, 2 Pack, Installation Kit Included, 9H Durability, Crystal Clear
ASIN: B0DP5RPSTY
구매일자: 2026-01-12","1차: Garmin fēnix 8 (47mm) 용 EZ Fit Slim 글라스 두 장이 예전에 떨어져 나갔고, 현재 또 다른 장(교체품으로 보임)이 깨짐. 품질이 형편 없으며 이전에는 이런 문제가 없었음 (사진 첨부)
-> 교체품에 대해 도움 불가
2차: Consumer Rights Act 2015 기준상 만족할 만한 품질이 아니며 목적에 적합하지 않음. 2개월 이내 이슈가 발생하여, 제공받은 교체품 사용중 동일한 이슈 발생. 구매 후 6개월 이내 발생한 문제로 공급 시점부터 존재한 결함으로 간주되며, 이에 따라 무상 수리 또는 교체 권리가 있음. 다만 이미 교체품도 불량이므로 전액 환불 요청함.
미흡한 대응 시 Trading Standards (영국 소비자 보호 기관에 신고)로 문제 제기 예정임.","(최근 2년) 총 주문 제품 2개 / FBA 환불 제품 0개 / 셀러 환불 0건 / MCF 발송 1건
이전 티켓) #1000139119 3월 3일에 부착벗겨짐 (B0DP5RPSTY) 이슈로 MFC 발송함","고객 불편 유감
고객 의견 유관 부서 전달+제공해드린 무상 대체품에는 워런티가 따로 없음 안내 + 그러나 고객 불편 고려하여 예외적으로 원 주문 202-9337609-9789936에 대한 환불 도움 드리고자 함",나아름 Jane 글로벌CX전략팀,"Apr 10, 9:51 AM
@
김지우 Kevin 글로벌CX전략팀
 넵 프로님, 내용 확인했습니다. MCF 한번 더 처리 부탁드립니다.
Apr 10, 9:51 AM"
"2 unread,",https://spigenhelp.zendesk.com/agent/tickets/1000143966,"https://spigenhelp.zendesk.com/agent/tickets/1000143966
국가 / 제품: FR / Spigen Glas.tR
 EZ Fit Optik Pro Protection Camera pour Galaxy S26 Ultra, Noir, 2 Pièces, Protection Individuelle, Kit d'installation Inclus
ASIN: B0G7STMFKY
구매일자: 2026-04-08",1차:  메인 카메라 3개 렌즈 글라스는 정상적으로 부착됨. 작은 렌즈 2개용 글라스는 설치 트레이에서 분리되지 않음. 안내된 방법대로 여러 번 시도했으나 문제 지속. 분리 방법 안내 요청 (바코드 및 분리되지 않은 작은 렌즈용 글라스 2개 사진 첨부),(최근 2년) 총 주문 제품 3개 / FBA 환불 제품 0개 / 셀러 환불 0건 / MCF 발송 0건 -> 충성 고객,"고객 불편 유감
고객 의견 유관 부서 전달+고객 불편 고려하여 예외적으로 대체품 제공 도움 드리고자 함+동의시 정보 요청",Spigen_SDA Series _CustomerReviews (★1~3) (2025~2026),"Edited on Jun 4, 2026 by choohyun cho
Summarize this file
Apr 10, 5:30 PM"
김지우 Kevin 글로벌CX전략팀,https://spigenhelp.zendesk.com/agent/tickets/1000141680,"링크: https://spigenhelp.zendesk.com/agent/tickets/1000141680
국가 / 제품: IT / iPhone 16 Pro SP_Glas.tR
 EZ Fit Slim
ASIN=B0D84YX465 / SKU=AGL07928
구매일자: 2025-12-20","1차: 글라스 측면 들뜸 및 기포 발생(사진 첨부), 환불 아닌 교체 요청 → 과거 동일 주문 환불 완료 안내
2차: 반품 여부 혼동 문의 → 기존 환불 이력 재안내
3차: 주문번호 정정 후 재접수, 동일 증상으로 재요청 → 검토 후 최종 대응 필요
4차: 두번째 장까지 부착했는데 버블이 생기는건 말이 안된다고 주장","구매 약 3개월 경과
(최근 2년) 총 주문 4개 / FBA 환불 0건 / 셀러 환불 2건 / 셀러 코드 발급 0건
동일 제품 동일 이슈(측면 들뜸)로 과거 100% 환불 이력 존재 (#1000086341)
추가로 황변 이슈 등으로 환불 및 MCF 제공 이력 확인 → 반복 보상 요청 패턴
상이 이메일 및 계정 2개 사용 정황 확인
사진상 초기 부착 불량 또는 사용 환경 영향 가능성 존재, 제조상 결함 단정 어려움
타고객 유사 전례: 동일 케이스 반복 클레임 시 도움불가 유지 사례 다수
※ 위 근거로 “제조상 결함 확인 불가 및 반복 보상 이력으로 도움 불가” 예정","고객 상황에 대한 유감 표현
설치 과정에서 부착 실패로 발생한 측면 들뜸 혹은 버블 현상은 워런티 대상이 아님
워런티 도움 불가 안내",나아름 Jane 글로벌CX전략팀,"Mar 25, 5:37 PM
@
김지우 Kevin 글로벌CX전략팀
 프로님 아까 전달주셨던 셀러환불 이력 2건, MCF 이력 1건 - 어뷰징 고객이네요~
도움불가 2차 안내 부탁드립니다.
Mar 25, 5:37 PM"
김지우 Kevin 글로벌CX전략팀,https://spigenhelp.zendesk.com/agent/tickets/1000142071,"링크: https://spigenhelp.zendesk.com/agent/tickets/1000142071
국가 / 제품: IT / Apple Watch Ultra (49mm) Glas.tR
 EZ Fit Slim
ASIN=B0BCXFZVH8 / SKU=AGL05556
구매일자: 2026-02-12","1차: 글라스 부착 직후 버블 발생 → 정상 부착 가이드 안내 및 확인 요청
2차: 두 번째 글라스 외부 충격 없이 균열 발생 주장 → 제품 상태 및 사진 요청
3차(현재): 접착 불량 및 제품 문제 주장하며 교체 요청 → 증빙 없이 재요청 상태","구매 약 1개월 경과
(최근 2년) 총 주문 8개 / FBA 환불 7건 / 셀러 환불 0건 / 셀러 코드 발급 0건
사진/영상 미첨부 상태로 제품 이상 여부 확인 불가
동일 주문건 및 유사 사유 반복 인입 이력 존재 (#1000092263, #1000140466)
과거 요청 건 모두 사진 요청 후 미회신 → Amazon 환불 처리 패턴 확인
환불 비율 과도 (7/8건)로 비정상 소비 패턴 → 관리 필요 고객
※ 위 근거로 “증빙 부족 + 반복 환불 패턴 고객 → 도움 불가” 예정","제품 사용 불편 유감
설치 과정에서 발생한 버블 및 사용으로 인한 제품 파손은 워런티 대상이 아님
도움 불가 1차 안내
Replacement request – Glas.tR EZ Fit Apple Watch Ultra 49mm defective installation and unexpected crack
#1000142071
Hello Spigen Support,
I purchased the Glas.tR EZ Fit screen protector for Apple Watch Ultra 49mm (2-pack) from Amazon Italy (sold by Spigen EU).
Unfortunately, both screen protectors had issues dur...
Status         pending
Priority        high
View
Update
Comment
By 
Zendesk
App
Remove preview",나아름 Jane 글로벌CX전략팀,"Mar 26, 9:34 AM
@
김지우 Kevin 글로벌CX전략팀
 네 프로님, 관리 필요 고객인점 확인했습니다. 도움불가 안내 부탁드립니다!
Mar 26, 9:34 AM"
임영신 June 글로벌CX전략팀,https://spigenhelp.zendesk.com/agent/tickets/1000142081,"https://spigenhelp.zendesk.com/agent/tickets/1000142081
국가 / 제품: IN /     
Spigen Ultra Hybrid MagFit Back Cover Case Compatible with iPhone 17 Pro (TPU + Poly Carbonate | Frost White
ASIN: B0FD26S2FP
구매일자: 2025-11-27","황변되어 보증 요청 (사진 첨부) 
이전 티켓)
#1000128666 iPhone 17 Pro용 UH MagFit 케이스 (동일 케이스) 황변으로 폐기 사진 확인 후 100% 환불
#1000079748 - Galaxy S23 FE용 케이스가 한달 만에 황변 됨 -> fwd using side conversations (Flipkart)",(최근 2년) 총 주문 제품 3개 / FBA 환불 제품 0개 / 셀러 환불 1건 / MCF 발송 0건,"고객 불편 유감
투명 케이스의 오염 및 변색 정도는 사용 기간, 환경 조건, 사용 패턴 등의 요인에 따라 상이함 + 이전에도 예외적으로 도움 드린 이력 확인됨+예외적 도움 지속 불가 
도움 불가 1차",나아름 Jane 글로벌CX전략팀,"Mar 26, 10:30 AM
@
임영신 June 글로벌CX전략팀
 프로님, 이전에도 동일사유로 환불도움드린 이력확인했습니다. 작성해주신대로 도움불가 안내 부탁드립니다!
Mar 26, 10:30 AM"
"2 unread,",https://spigenhelp.zendesk.com/agent/tickets/1000141875,"https://spigenhelp.zendesk.com/agent/tickets/1000141875
국가 / 제품: SG / Spigen Compatible with Samsung Galaxy S26 Ultra Case Nano Pop MagFit - Black Sesame
ASIN: B0FVB569XJ
구매일자: 2026-03-02","1차: Galaxy S26 Ultra용 Nano Pop MagFit을 구매했으나 핏이 맞지 않음. 하단이 헐거워 다른 면과 달리 화면을 완전히 덮지 못함. 교환이 가능한지 문의드림. (사진 첨부)
-> 케이스 전체 사진 요청 (+슈피겐 로고)
2차: 사진 첨부",(최근 2년) 총 주문 제품 4개 / FBA 환불 제품 0개 / 셀러 환불 0건 / MCF 발송 0건 (충성고객),"고객 불편 유감
고객 의경 유관 부서 전달 완료+불편 고려하여 환불 도움 드리고자 함
앞으로도 슈피겐 제품에 대한 지속적인 관심과 사용 부탁 드림",나아름 Jane 글로벌CX전략팀,"Mar 26, 10:55 AM
@
임영신 June 글로벌CX전략팀
 넴 프로님 확인했습니다. 작성하신대로 대응 부탁드립니다!
Mar 26, 10:55 AM"
김지우 Kevin 글로벌CX전략팀,https://spigenhelp.zendesk.com/agent/tickets/1000142009,"링크: https://spigenhelp.zendesk.com/agent/tickets/1000142009
국가 / 제품: UK / iPhone 15 Pro Max Ultra Hybrid MagFit
ASIN=B0C5S75FY3 / SKU=ACS06577
구매일자: 2025-02-08","1차: 케이스 측면 황변 발생 주장 → 사용 환경 및 경과 기간 고려 시 도움불가 안내
2차: 응대 불만 및 브랜드 비난 → 동일 기준으로 도움불가 재안내
3차(현재): Anti-yellowing 허위 주장 및 리뷰 작성 언급, 강한 불만 표출 → 추가 보상 요구","구매 13개월 경과
(최근 2년) 총 주문 1개 / FBA 환불 0건 / 셀러 환불 0건 / 셀러 코드 발급 0건
사진/영상 없이 황변 주장만 반복, 실물 검증 불가
사용 기간(1년 이상) 및 제품 특성상 변색은 외부 요인 영향 가능성 높음
강성 클레임(리뷰 작성, 브랜드 비난) 예고
타고객 유사 전례: (황변 장기 사용 케이스 → 도움불가 동일 대응)
※ 위 근거로 “제조상 결함 확인 불가, 고객 불편 고려 불가 → 도움불가(NRN)” 예정","NRN
Product details enquiry from Amazon customer mark (Order: 203-6752220-4961152)
#1000142009
Order ID: 203-6752220-4961152:
#: 1
ASIN: B0C5S75FY3
Product Name: Spigen Ultra Hybrid MagFit Case for iPhone 15 Pro Max, Compatible with MagSafe Accessories - Graphite
Message:
Hello there this ca...
Status         pending
Priority        normal
View
Update
Comment
By 
Zendesk
App
Remove preview",나아름 Jane 글로벌CX전략팀,"Mar 26, 11:55 AM
@
김지우 Kevin 글로벌CX전략팀
 프로님, 도움불가 2차 안내 후, 아마존 신고 및 배드리뷰 작성 언급으로 인입된 이력 확인했습니다. NRN 처리 부탁드립니다.
Mar 26, 11:55 AM"
김지우 Kevin 글로벌CX전략팀,https://spigenhelp.zendesk.com/agent/tickets/1000142121,"링크: https://spigenhelp.zendesk.com/agent/tickets/1000142121
국가 / 제품: DE / Galaxy S24 Ultra Glas.tR
 EZ Fit Slim
ASIN=B0CP32NCGL / SKU=AGL07493
구매일자: 2024-11-03",1차(현재): 글라스 제거 불가로 인해 칼(스칼펠) 사용 중 디스플레이 손상 및 손가락 부상 주장 → 기기 및 디스플레이 보상 요구,"구매 약 1년 4개월 경과
(최근 2년) 총 주문 7개 / FBA 환불 0건 / 셀러 환불 0건 / 셀러 코드 발급 0건 → 충성 고객
EZ Fit 글라스 제거 불가 주장이나, 제품 특성상 손으로 제거 가능하도록 설계됨
칼(스칼펠) 사용으로 디스플레이 손상 발생 → 외부 물리적 요인 개입 명확
기기 손상 및 신체 상해(손가락 베임)까지 주장하며 보상 요구 (클레임 강도 높음)
첨부 사진 존재하나, 제거 과정에서의 사용자 개입(도구 사용) 추측됨
타고객 유사 전례: (기기 손상 → 제품 인과 불명 시 기기 보상 불가 동일 대응)
충성 고객이나, 기기 손상에 대한 직접 인과 입증 어려움
※ 위 근거로 “제조상 결함 확인 불가, 외부 요인 개입 → 기기 보상 불가 / 사용 가이드 안내” 예정","고객 상황에 대한 유감 표현
당사 보증은 제품에 한해 적용되며, 기기 손상에 대한 직접적 책임 입증이 어려워 보상은 불가한 점 양해 바람
사진 확인 결과 제조상 결함 확인 불가하여 도움불가 안내",나아름 Jane 글로벌CX전략팀,"Mar 26, 11:59 AM
@
김지우 Kevin 글로벌CX전략팀
 프로님 작성하신대로 처리 하되, 재인입될 가능성이 높아보입니다.
고객이 남은 잔여물 제거방법에 대해서도 문의했는데,
혹시 재인입되면 영업팀 담당자한테 전달하여 글라스 제거 방법에 대해 별도 문의해보셔도 좋을 것 같습니다.
Mar 26, 11:59 AM"
임영신 June 글로벌CX전략팀,https://spigenhelp.zendesk.com/agent/tickets/1000141802,"https://spigenhelp.zendesk.com/agent/tickets/1000141802
국가 / 제품: IN / Spigen Ultra Hybrid MagFit Back Cover Case Compatible with iPhone 15/14/13 (TPU + Poly Carbonate | Black)
ASIN: B0C5S7TWPB
구매일자: 2026-02-22","1차: iPhone 15용 UH MagFit 케이스를 26년 2월 22일 아마존에서 구매했음. 지난 8년간 모든 기기에서 슈피겐 케이스를 사용해 온 충성 고객이며 보호력과 품질에 만족해왔으나, 이번 제품은 사용 한 달 만에 분리되어 실망스러움. 최근 케이스 내부 먼지 청소를 위해 케이스를 탈착하면서 MagFit 링이 홈에서 빠져 분실됨. 전반적으로 품질이 부족하거나 불량 또는 가품으로 의심됨. 확인을 위해 기존 패키지 보유 중이며 케이스 사진과 인보이스 첨부함. 보증에 따른 교체 또는 동급 대체 제품 제공을 요청함. 아마존에 문의했으나 보증 처리를 위해 해당 메일로 연락하라는 안내를 받았음.
-> 슈피겐 로고가 보이는 사진 요청
2차: (사진 첨부)
-> 첨부 사진 검토 결과 정품 케이스가 아닐 가능성이 높음 + 배송 이슈 발생 경위를 파악하기 위해 제품 박스 후면 바코드 사진 전달 요청
3차: (바코드 사진 첨부하여 재인입)
-> 가품 배송으로 의심 + 아마존 FBA 안내
4차: (가품 배송으로 의심 + 아마존 FBA 안내) 후 아마존 고객센터에서는 Spigen India로부터의 Denial letter를 요구했고 반품 기간이 종료되었기 때문에 판매자에게 직접 연락하라고 했음
-> FBA CS 배송 이슈 2차 안내(교환/환불 안내)
5차: (Amazon으로부터 받은 답변을 첨부)
반품 기간이 종료되어 슈피겐 측으로 문의하라는 안내를 받음. Spigen India와 Amazon 사이에서 책임이 전가되고 있다고 느낌.
본인 과실이 아님에도 불편을 겪고 있음","(최근 2년) 총 주문 제품 7개 / FBA 환불 제품 0개 / 셀러 환불 0건 / MCF 발송 0건 -> 충성 고객
동일 문의 티켓) #1000142052 (ABM)","고객 불편 유감
중고품 배송 관련 이슈는 모두 아마존 FBA 담당이므로 아마존 CS를 통하여 도움 받으시는 것이 원칙임+아마존 india 에서 책임을 전가한 내용 파악 어려움 
그러나 고객 불편을 고려하여 예외적으로 환불 도움 드리고자 함",나아름 Jane 글로벌CX전략팀,"Mar 26, 3:25 PM
@
임영신 June 글로벌CX전략팀
 네 프로님, 충성고객인 점 확인했습니다. 작성해주신대로 대응 부탁드립니다!
Mar 26, 3:25 PM"
임영신 June 글로벌CX전략팀,https://spigenhelp.zendesk.com/agent/tickets/1000142253,"https://spigenhelp.zendesk.com/agent/tickets/1000142253
국가 / 제품: IN /     
Spigen Ultra Hybrid Back Cover Case Compatible with iPhone 17 (TPU + Poly Carbonate | Crystal Clear)
ASIN: B0FD2CC4QZ
구매일자: 2026-01-01","정상적인 사용 기간 중에 황변됨. 투명 케이스의 황변 가능성은 이해하지만 황변 속도가 너무 빠름. 정상적인 환경에서 사용했으며, 특별한 외부 요인에 노출되지 않음.","(최근 2년) 총 주문 제품 6개 / FBA 환불 제품 0개 / 셀러 환불 2건 / MCF 발송 0건
이전 환불 티켓
#1000113782 iPhone 12용 CYRILL Leather Brick TPU 분리 -> 환불 100% 
#1000132742 iPhone 17용 UH 황변 -> 폐기 사진 확인 후 환불 100%","고객 불편 유감
투명 케이스의 오염 및 변색 정도는 사용 기간, 환경 조건, 사용 패턴 등의 요인에 따라 상이함 + 첨부사진에서 제조상의 결함 파악 어려움 + 이전에도 예외적으로 도움 드린 이력 확인됨(도움 불가 1차 안내)
Mar 27, 11:42 AM",,
임영신 June 글로벌CX전략팀,https://spigenhelp.zendesk.com/agent/tickets/1000142081,"https://spigenhelp.zendesk.com/agent/tickets/1000142081
국가 / 제품: IN /     
Spigen Ultra Hybrid MagFit Back Cover Case Compatible with iPhone 17 Pro (TPU + Poly Carbonate | Frost White
ASIN: B0FD26S2FP
구매일자: 2025-11-27","1차: 황변되어 보증 요청 (사진 첨부) 
-> 투명 케이스의 오염 및 변색 정도는 사용 기간, 환경 조건, 사용 패턴 등의 요인에 따라 상이함 + 이전에도 예외적으로 도움 드린 이력 확인됨+예외적 도움 지속 불가 (1차)
이전 티켓)
#1000128666 iPhone 17 Pro용 UH MagFit 케이스 (동일 케이스) 황변으로 폐기 사진 확인 후 100% 환불
#1000079748 - Galaxy S23 FE용 케이스가 한달 만에 황변 됨 -> fwd using side conversations (Flipkart)",(최근 2년) 총 주문 제품 3개 / FBA 환불 제품 0개 / 셀러 환불 1건 / MCF 발송 0건,"고객 불편 유감
투명 케이스의 오염 및 변색 정도는 사용 기간, 환경 조건, 사용 패턴 등의 요인에 따라 상이함 + 이전에도 예외적으로 도움 드린 이력 확인됨+예외적 도움 지속 불가 (2차)
Mar 27, 11:46 AM",,
임영신 June 글로벌CX전략팀,https://spigenhelp.zendesk.com/agent/tickets/1000142207,"https://spigenhelp.zendesk.com/agent/tickets/1000142207
국가 / 제품: IN / Spigen Ultra Hybrid MagFit Back Cover Case Compatible with iPhone 17 (TPU + Poly Carbonate | Clear White)
ASIN: B0FD2K58MF
구매일자: 2026-01-22","1차: 약 2개월 만에 황변되어 품질 문제로 판단됨. ‘황변 방지’로 광고된 것과 달리 실제 성능이 이를 충족하지 못하고, 가격 대비 내구성도 기대에 미치지 못함. 또한, 아마존에서 동일 사례가 다수 존재함. 환불 또는 Frost Back 색상으로 교체 희망하며, 일정 기간 내 해결되지 않을 경우 추가 조치를 취할 수 있음 (로고포함 사진/영상 첨부)
-> 폐기사진 1차 요청 (이후 환불)
2차: 제품 폐기 요청에 대한 강한 불만 표출. 황변은 사용자 과실이 아닌 제품 결함이라고 주장. 황변 방지(anti-yellowing) 광고 내용을 근거로 보증 책임을 요구함. 해당 건은 단순 반품이 아닌 품질/불량 문제라고 강조함.
제품 파손 없이 Frost Back 색상으로 교환 요청. 미해결 시 Amazon A-to-Z 보증, 소비자 보호법, 리뷰 등을 통한 문제 제기 의사 표명.",(최근 2년) 총 주문 제품 2개 / FBA 환불 제품 0개 / 셀러 환불 0건 / MCF 발송 0건,"고객 불편 유감
황변의 경우, 고객 사용 습관, 환경, 외부 요인 등에 의해 발생 가능하여 제조상 결함이 아님 안내
제품 재사용으로 인한 고객 불편함을 없애기 위함 또한 제품을 반품하지 않고 즉시 환불로 도움 드리기 위한 내부 규정임 + 제품에 마커 등으로 X자 표시 하여 사진 요청",양숙랑 Grace 글로벌CX전략팀,"Mar 27, 12:23 PM
프로님. 아래 '내부 규정임' 을 제외하면 좋겠습니다.
1. 고객 불편 유감
2. 황변의 경우, 고객 사용 습관, 환경, 외부 요인 등에 의해 발생 가능하여 제조상 결함이 아님 안내
3. 제품 재사용으로 인한 고객 불편함을 없애기 위함 또한 제품을 반품하지 않고 즉시 환불로 도움 드리기 위함임 
4. 제품에 마커 등으로 X자 표시 하여 사진 첨부해 주시면 빠른 도움 드리도록 하겠음
Mar 27, 12:23 PM"
김지우 Kevin 글로벌CX전략팀,https://spigenhelp.zendesk.com/agent/tickets/1000141798,"링크: https://spigenhelp.zendesk.com/agent/tickets/1000141798
국가 / 제품: IT / Apple Watch WBF1 패브릭 스트랩
ASIN=B0FF7H5ZL2 / SKU=AMP10144
구매일자: 2026-03-15","1차: Apple Watch WBF1 스트랩 사용 후 얼마 되지 않아 제품 약해지고 손상 발생 주장 (사진 첨부) → 바코드 사진 및 파손 경위 문의
2차: 패키지 사진 제출, 일반 사용 중 세 번째 착용만에 휘어지고 비뚤어짐 주장 → 외부 요인에 의한 변형으로 도움불가 1차 안내 (이전 다수 예외 도움 이력 언급)
3차(현재): 스트랩이 시간이 지나며 저절로 구부러진다 주장, 아마존 반품 기간 경과로 자체 반품 불가 → 재차 클레임 지속","구매 경과: 구매일자 미입력으로 확인 불가
(최근 2년) 총 주문 5개 / FBA 환불 4건 / 셀러 환불 2건 / MCF 발송 0건
사진 제출됨 (패키지 바코드 및 파손 상태 사진 첨부)
2개 상이한 아마존 계정 사용 이력 확인 (복수 계정 패턴)
이전 환불 이력: #1000065788 (iPhone 15 Pro Max LA케이스 늘어남 → 100% 환불), #1000091812 (Apple Watch Lite Fit 스트랩 파손 → 100% 환불)
※ 위 근거로 ""사용 중 외부 요인에 의한 변형으로 제조상 결함 확인 불가, 이전 다수 예외 도움 이력 고려 → 도움불가 2차 안내"" 예정","1. 고객 상황에 대해 유감
2. 사용환경 및 외부 영향에 따른 변형은 워런티 대상이 아님
3. 도움 불가 2차 안내",나아름 Jane 글로벌CX전략팀,"Mar 27, 2:37 PM
@
김지우 Kevin 글로벌CX전략팀
 어떻게 제품이 저절로 구부러지는지가 의문이네요...프로님 작성하신대로 도움불가 2차 안내 부탁드립니다!
Mar 27, 2:37 PM"
임영신 June 글로벌CX전략팀,https://spigenhelp.zendesk.com/agent/tickets/1000141696,"https://spigenhelp.zendesk.com/agent/tickets/1000141696
국가 / 제품: IN / Spigen Ultra Hybrid MagFit Back Cover Case Compatible with iPhone 17 (TPU + Poly Carbonate | Clear White)
ASIN: B0FD2K58MF
구매일자: 2026-02-07","1차: iPhone 17용 UH MagFit 케이스를 정상적으로 사용했으나 황변되었고 황변 방지 소재의 결함으로 생각됨. 대체품 요청
-> 폐기사진 1차 요청 (이후 환불)
2차: (페기 사진 1차 요청) 후 제품을 반품하겠음. 제품 페기는 본인의 일이 아니므로 직접 하길 바람
-> 폐기사진 2차 요청
3차: 자신은 제품에 손상을 입히기 원치 않으니 담당자 측에서 직접 회수 요청. 동일한 내용을 다시 요청하지 말아 주길 부탁드리며 다른 해결책을 요청함.
-> 폐기사진 3차 요청
4차: 제품 설명에는 황변되지 않는다고 명시되어 있으나, 이미 케이스에서 황변이 확인됨. 이전에 지원팀에 문의했을 때 환불 처리를 위해 제품을 의도적으로 손상시키고 사진을 제출하라는 안내를 받음. 구매 시 이러한 조건은 안내되지 않았으며, 제품을 손상시키는 것에는 동의하지 않음. 제품이 설명된 품질을 충족하지 않으므로, 반품 픽업을 진행하고 전액 환불 처리해 주시길 요청.  마지막 메세지이며, 해결되지 않을 경우 소비자 보호 법원에 법적 조치를 취하고, 소셜 미디어 인플루언서를 통해 문제를 제기할 것.",(최근 2년) 총 주문 제품 1개 / FBA 환불 제품 0개 / 셀러 환불 0건 / MCF 발송 0건,"고객 불편 유감
황변의 경우, 고객 사용 습관, 환경, 외부 요인 등에 의해 발생 가능하여 제조상 결함이 아님 안내
제품 재사용으로 인한 고객 불편함을 없애기 위함 또한 제품을 반품하지 않고 즉시 환불로 도움 드리기 위함임
제품에 마커 등으로 X자 표시 하여 사진 첨부해 주시면 빠른 도움 드리도록 하겠음
Mar 27, 4:56 PM",,
김지우 Kevin 글로벌CX전략팀,https://spigenhelp.zendesk.com/agent/tickets/1000142201,"링크: https://spigenhelp.zendesk.com/agent/tickets/1000142201
국가 / 제품: DE / ArcDock Pro 14 in 1 Docking Station (PD2307)
ASIN=B0CDGCGLPQ / SKU=ACA06518
구매일자: 2025-07-16","1차: DP 연결 모니터 신호 미출력 → 추가 정보 및 영상 요청
2차: 양쪽 DP 포트 모두 미작동 및 환경 변화 없음 주장 → 사용 환경 및 설정 안내
3차(현재): 기존 정상 사용 후 갑작스런 DP 인식 불가 + HDMI 간섭 증상까지 발생 → 제품 결함 주장 및 불만 표출","구매 약 8개월 경과
(최근 2년) 총 주문 2개 / FBA 환불 0건 / 셀러 환불 0건 / 셀러 코드 발급 0건
영상 첨부로 DP 포트 2개 모두 미인식 확인, HDMI 간섭 현상까지 언급 → 기능 이상 주장 신뢰도 높음
내부 기준상 장기간 사용 후 발생 + 환경/설정 변수 존재 → 제조상 결함 단정 어려움
타고객 유사 전례 (#1000111876) 도킹스테이션 포트 미작동 → 환불 처리 사례 존재
※ 위 근거로 “제조상 결함 확인 불가, 고객 불편 고려 환불” 예정","제품 사용 중 불편을 겪으신 점 유감
영상 확인 결과 제조상 결함은 확인되지 않았음
고객 불편을 고려하여 환불 도움 예정",나아름 Jane 글로벌CX전략팀,"Mar 27, 5:28 PM
@
김지우 Kevin 글로벌CX전략팀
 프로님, 고객이 명확하게 이슈 영상을 보내주셨네요.. 영상 확인했습니다. 작성하신대로 환불 도움 부탁드립니다!
Mar 27, 5:28 PM"
김지우 Kevin 글로벌CX전략팀,https://spigenhelp.zendesk.com/agent/tickets/1000142363,"링크: https://spigenhelp.zendesk.com/agent/tickets/1000142363
국가 / 제품: NL / Galaxy S23 SP_Glas.tR
 EZ Fit Slim
ASIN=B0BMFLX891 / SKU=AGL05958
구매일자: 2025-07-31","1차: 글라스 1장 파손(초기 불량 주장) → 100% 환불 처리
2차: 동일 제품 2장 모두 파손 주장 → 100% 환불 처리
3차(현재): 낙하/충격 없이 사용 중 균열 발생 주장(사진 제출) → 제품 검토 요청","구매 약 7개월 경과
(최근 2년) 총 주문 11개 / FBA 환불 1건 / 셀러 환불 2건 / 셀러 코드 발급 0건
사진상 사용 중 발생한 크랙 형태로 확인되며, 외부 영향 가능성 높음
GCX 기준상 장기간 사용 후 파손은 워런티 대상 아님 (사용 중 손상)
타고객 유사 전례: 글라스 파손 케이스 → 외부 요인 판단 후 도움 불가
충성 고객 아님 (주문 대비 환불 비율 높음 + 반복 환불 이력)
동일 제품 및 유사 사유로 2회 환불 이력 존재 (지속적 환불 요청 ESC 이력 포함)
※ 위 근거로 “사용 중 손상으로 판단되어 도움 불가” 예정","고객 상황에 대한 유감 표현
사진 확인 결과, 사용환경 및 외부 영향에 의한 파손으로 사료되며 제조상 결함은 확인되지 않음
도움 불가",나아름 Jane 글로벌CX전략팀,"Mar 30, 11:08 AM
@
김지우 Kevin 글로벌CX전략팀
 프로님, 이전 셀러환불 이력 2건 확인했습니다. 글라스가 자동으로 파손되었을 가능성은 매우 낮으므로 작성하신대로 처리 부탁드리겠습니다!
Mar 30, 11:08 AM"
김지우 Kevin 글로벌CX전략팀,https://spigenhelp.zendesk.com/agent/tickets/1000142470,"링크: https://spigenhelp.zendesk.com/agent/tickets/1000142470
국가 / 제품: IN / iPhone 15 Pro Max SP_Glas.tR
 EZ Fit Slim
ASIN=B0C9S24VV8 / SKU=AGL06872
구매일자: 2025-12-23","1차: 글라스 자연 균열 주장 → 50% 환불 처리
2차: 두 번째 글라스 낙하 후 파손 → 도움 불가 안내
3차: 경미한 낙하였으며 내구성 문제 주장, 부분 환불/크레딧 요청 → 도움 불가 재안내
4차(현재): 동일 주장 반복 및 관리자 검토 요청 → 부분 보상 재요청","구매 약 3개월 미만 경과
(최근 2년) 총 주문 1개 / FBA 환불 0건 / 셀러 환불 0건 / 셀러 코드 발급 0건
고객이 “낙하 발생” 명확히 인정 → 외부 영향에 의한 파손 케이스
사진상 크랙 및 스크래치 동반 → 사용 중 손상 정황 명확
1차에서 이미 50% 환불 제공된 이력 존재 (동일 주문건 추가 보상 요청)
GCX 기준상 낙하/충격으로 인한 파손은 워런티 대상 아님
추가 보상 시 이중 보상 및 악용 가능성 존재
※ 위 근거로 “사용 중 손상 + 기 보상 완료 건으로 추가 도움 불가” 예정","고객 상황에 대한 유감 표현
기기 낙하 등 제품 사용에 의한 파손은 워런티 대상이 아님
워런티 도움 불가",나아름 Jane 글로벌CX전략팀,"Mar 30, 11:10 AM
@
김지우 Kevin 글로벌CX전략팀
 글라스 1장에 대한 예외적 도움 50% 환불 후에도 남은 50% 환불을 요구하는 고객으로 확인했습니다.
도움불가 3차 안내 후, 재인입 시 NRN 처리 부탁드립니다.
Mar 30, 11:10 AM"
김지우 Kevin 글로벌CX전략팀,https://spigenhelp.zendesk.com/agent/tickets/1000142144,"링크: https://spigenhelp.zendesk.com/agent/tickets/1000142144
국가 / 제품: NL / (New Biz) EV25MFAQ
ASIN=B0FPTKNYP3 / SKU=ACP10511
구매일자: 2026-03-22","1차: 동봉된 USB-C 케이블 불량 주장 → 영상 및 바코드 요청
2차(현재): 정품 케이블 미작동 + 타 케이블 정상 작동 영상 제출 → 제품 검토 요청","구매 약 8일 경과
(최근 2년) 총 주문 1개 / FBA 환불 0건 / 셀러 환불 0건 / 셀러 코드 발급 0건
영상상 동봉 케이블 사용 시 전원 미인가(LED 미점등) 확인
동일 환경에서 타 케이블 사용 시 정상 작동 → 케이블 단일 불량 가능성 높음
초기 사용 단계에서 발생한 기능 불량으로 고객 불편 명확
신규 제품군(New Biz)으로 초기 품질 이슈 가능성 고려 필요
※ 위 근거로 “구성품 불량으로 고객 불편 고려 100% 환불” 예정","제품 사용 중 불편을 겪으신 점 유감
확인 결과 제조상 결함은 발견되지 않았으나, 고객 불편을 고려하여 100%환불로 도움 예정",나아름 Jane 글로벌CX전략팀,"Mar 30, 11:30 AM
@
김지우 Kevin 글로벌CX전략팀
 프로님, 영상 확인했습니다. 작성하신대로 도움 부탁드립니다!
Mar 30, 11:30 AM"
임영신 June 글로벌CX전략팀,https://spigenhelp.zendesk.com/agent/tickets/1000142565,"https://spigenhelp.zendesk.com/agent/tickets/1000142565
국가 / 제품: UK /Spigen Glas.tR
 EZ Fit Anti Glare Tempered Glass Screen Protector for Tesla Model 3(2026-2024), Model Y Standard(2026-2025), Model Y Premium (2025) 15.4inch, 1 Pack, Matte, Anti Glare, Anti FingerPrint
ASIN: B0CHV4WP2C
구매일자: 2026-03-21","1차: 부착 과정에서 본인의 차량이 업데이트된 16인치 화면이라는 것을 알게됨. 차량에 맞지 않는 글라스를 구매한 것이 본인의 실수임은 알고 있지만,  반품 가능 여부 문의 (여러 차례 사과)",(최근 2년) 총 주문 제품 14개 / FBA 환불 제품 0개 / 셀러 환불 0건 / MCF 발송 0건,"고객 불편 유감
반품 대상은 미개봉한 제품에 한정 안내 + 고객의 주문 실수는 당사에서 도움 제공 요건에 불포함+그러나 고객 불편 고려하여 매우 예외적으로 환불 도움 드리고자 함
16인치 화면용 제품은 4월 중순 출시될 예정임 + 앞으로도 슈피겐 제품에 대한 지속적인 관심과 사용 부탁 드림
Mar 30, 2:26 PM",,
GCX Agent 글로벌CX전략팀,https://spigenhelp.zendesk.com/agent/tickets/1000161824,"링크: https://spigenhelp.zendesk.com/agent/tickets/1000161824
국가 / 제품: IT / Galaxy Z Fold 8 Air Fit Pro MagFit
ASIN=B0GMTH1HRZ / SKU=ACS11559
구매일자: 2026-09-11","1차(현재): Galaxy Z Fold 8용 Air Fit Pro MagFit 케이스 디자인에 아쉬움 제기 — 휴대폰 오른쪽 측면 보호 부분엔 버튼 컷아웃이 있으나 왼쪽 프레임(폴드 시 앞면이 되는 부분)엔 홈이 없어, 폰을 접었을 때 케이스가 돌출되는 구조상 엄지로 버튼 누르기 어려움. 불만이 아닌 향후 개선 참고용 피드백, 하자·보상 요구 없음

결함·손상 신고가 아닌 순수 디자인 개선 제안, 사진/영상 없음, 보상 요구 없음 → 피드백 감사 인사 + 유관 부서(PI) 전달로 종결 #GalaxyZFold8 #AirFitProMagFit #디자인피드백 #버튼컷아웃 #신제품 #PI전달 #IT","+ 구매 3일 경과
+ (최근 2년) 총 주문 2개 / FBA 환불 0건 / 셀러 환불 0건 / 셀러 코드 발급 0건 / MCF 발송 0건

1. 신제품(Galaxy Z Fold 8) 출시 초기 디자인 의견으로, 결함·파손 신고가 아니라 폴더블 특성상 접었을 때 케이스가 돌출돼 좌측 버튼 조작이 불편하다는 사용성 제안. 사진/영상 미첨부(고객이 자발적으로 미제공, 결함 주장이 아니므로 불필요). ESC 사유: 신제품 — 신모델 초기 사용성 피드백은 제품기획/PI 트래킹 가치가 있음

2. 내부 기준(GCX_CS PROCEDURE) 검토: 보상·처리를 요구하지 않는 순수 디자인 피드백 티켓은 감사 인사 + 의견 유관 부서(제품개선팀) 전달로 종결하는 것이 표준 대응. 별도 보상·조치 불필요

3. 타고객 유사 전례(Previous_tickets.csv): 동일한 ""순수 디자인 개선 제안(무보상 요구)"" 형태의 전례는 확인되지 않음(검색된 유사 항목은 모두 파손·결함 클레임 동반 건). 신제품 출시 초기 건이라 참고할 동일 사례가 아직 없는 것으로 판단되며, 향후 동일 폴더블 케이스 좌측 버튼 관련 재문의 발생 시 본 건을 전례로 참고 권장

4. 충성 고객 아님 (총 주문 2개로 3개 미만) — 환불 0건으로 abuse 신호 없음, 보상 요구 자체가 없는 건","[TCK 예상 답변] 향후 고객님 의견 고려하도록 하겠음 + 소중한 피드백 감사
[GCX AI 예상답변]",양숙랑 Grace 글로벌CX전략팀 / 김지우 Kevin 글로벌CX전략팀,"@ 김지우 Kevin 글로벌CX전략팀 프로님. 모제팀 스페이스에 고객의 제안건 업무 참고 하시도록 공유 부탁 드립니다. 개발팀에서 좋아하실거에요
@ 양숙랑 Grace 글로벌CX전략팀 리더님, 확인 감사합니다. 모제팀 스페이스에 공유하겠습니다. ADS3 김문선P에게 공유 후 TCK 예상답변으로 진행 요청했습니다!"
GCX Agent 글로벌CX전략팀,https://spigenhelp.zendesk.com/agent/tickets/1000161654,"링크: https://spigenhelp.zendesk.com/agent/tickets/1000161654
국가 / 제품: DE / Galaxy Tab S9(2023) Ultra Hybrid Pro
ASIN=B0CCG1KBS7 / SKU=ACS07077
구매일자: 2025-03-29","1차(이전): Galaxy Tab S9용 UH Pro 케이스 바깥쪽 접합부 여러 곳이 갈라져 교환 요청 (사진 첨부) → 사용 중 생긴 결함으로 판단 (도움 불가 1차, 환불 X)

2차(현재): ""항상 고객 잘못으로 치부한다"", 시접 부분에 여유가 없어 분리됐다며 정상적·개인적 사용 중 발생한 문제라 슈피겐 제품의 높은 가격이 납득되지 않는다고 항의, Amazon에 리뷰를 남기겠다고 예고

구매 1년 5개월 경과 + 접합부 벌어짐은 축적된 충격·외력 가능성 있어 제조상 결함 확인 불가 유지, 다만 Negative Review 리스크 고려해 경과 기간·날짜 언급 없이 도움 불가 2차 안내 #GalaxyTabS9 #UltraHybridPro #접합부분리 #시접 #NegativeReview #날짜언급생략 #DE","+ 구매 1년 5개월(535일) 경과
+ (최근 2년) 총 주문 1개 / FBA 환불 0건 / 셀러 환불 0건 / 셀러 코드 발급 0건 / MCF 발송 0건

1. 태블릿 케이스(SDA) 바깥쪽 봉제/접합부가 여러 곳에서 갈라짐, 사진 2장 + Amazon 인보이스 PDF 첨부. 1차 도움 불가 이후 재인입하며 ""항상 고객 탓""이라는 불만과 함께 Amazon 리뷰 게시를 명시적으로 예고. 강한 욕설·모욕은 없으나 공개 리뷰 위협이 있는 ESC 사유: Negative Review

2. 내부 기준(GCX_CS PROCEDURE) 검토: 접합부 분리는 구매 1년 5개월 경과 + 축적된 외력·사용 패턴 영향 가능성이 있어 제조상 결함 확인 불가가 원칙(1차와 동일 결론 유지). 다만 ESC 사유가 Negative Review인 점을 고려해, 응대문에 구체적 구매일·경과 개월수를 명시하지 않는다 — 고객이 답변 내용을 그대로 리뷰에 공개할 가능성이 있어 ""1년 넘어 도움 불가""라는 문구가 공개되면 브랜드 이미지에 불리. 결론(도움 불가)은 동일하되 표현만 순화

3. 타고객 유사 전례(Previous_tickets.csv): #1000149111(DE, Pixel 10 Pro XL 무선충전 불량) — 양숙랑P가 ""날짜 기한 안내는 위화감이 있어 생략함, 고객이 리뷰에 내용을 공개할 수 있기 때문""이라고 직접 컨펌한 동일 로직의 선례. #1000146293(DE, 방수백팩 봉제선 터짐) → 도움 불가 3차까지 간 뒤 예외적 MCF로 전환된 유사 유형(참고용, 본 건은 아직 2차)

4. 충성 고객 아님 (총 주문 1개로 3개 미만) — 환불 0건으로 abuse 신호 없음, 재인입 2회째로 NRN 요건(3회 이상)에는 미달","[TCK 예상 답변] 사진 및 구매일 확인 시, 결함으로 보기 어려움 + 제품 상태는 시간이 지나면서 상이할 수 있음 + 도움 불가 2차 안내
[GCX AI 예상답변]",양숙랑 Grace 글로벌CX전략팀,도움불가 OPEN 완료 배드리뷰 협박으로 재인입시 NRN 처리
GCX Agent 글로벌CX전략팀,https://spigenhelp.zendesk.com/agent/tickets/1000161645,"링크: https://spigenhelp.zendesk.com/agent/tickets/1000161645
국가 / 제품: DE / iPhone 16 Ultra Hybrid (Crystal Clear, ""Anti Vergilbung"" 표기)
ASIN=B0D21WT5PS / SKU=ACS08197
구매일자: 2025-04-09","1차(09-13): ""Anti Vergilbung(황변 방지)""로 광고된 iPhone 16 Ultra Hybrid 케이스가 심하게 황변, 교환(Nacherfüllung) 요청, 불가 시 €14.99 환불 + 무료 반송 라벨 요청 (사진 없음) → 황변은 사용 기간·환경·패턴에 따라 상이, 구매일 기준 제조상 결함 아님 + 의견 유관 부서 전달 (도움 불가 1차)

2차(09-14): 아직 법정 보증 기간 내이므로 지정 주소로 교환품 발송 요구 → 사용 중 발생한 상태 변화로 교환 포함 추가 지원 불가 (도움 불가 2차)

3차(현재, 09-14 15:07): 거절 사유가 설득력 없음, 단순 마모가 하자 아닌 점은 알지만 황변 방지가 명시 광고됐고 그 광고로 구매 결정 → 독일 민법(BGB) §434 Abs.3(광고 공개 표명·기대 내구성 포함) 근거로 구매일만으로 거절 부당 주장, 마지막 교환 요청 + 재거부 시 Amazon에 법정 보증권 검토 요청 예고 (Legal Action 언급)

1년 5개월 경과·사진 없음이나 ""Anti-Yellowing"" 광고 문구 + BGB §434 근거 + 환불 이력 0 → 사진(제품·로고) 요청 후 황변 확인 시 1회 한정 예외 교품(MCF)으로 종결, 사진 미제출·경미 시 도움 불가 3차 #iPhone_16 #UltraHybrid #황변 #AntiYellowing광고 #BGB434 #LegalAction언급 #사진요청 #예외교품 #DE","+ 구매 1년 5개월(523일) 경과
+ (최근 2년) 총 주문 2개 / FBA 환불 0건 / 셀러 환불 0건 / 셀러 코드 발급 0건 / MCF 발송 0건 (€14.99, 실결제 €11.99 저가 건 — DE MCF 재고 확인 필요)

1. 투명 케이스 황변 클레임, 사진·영상 미첨부 상태에서 도움 불가 2회 안내 완료. 고객은 정중하나 법리(BGB §434 Abs.3 광고 표명)를 정확히 인용하고 Amazon 법정 보증 검토를 예고 — Amazon Buyer Message 채널이라 A-to-z/셀러 퍼포먼스로 번질 경우 €11.99 환불 강제 + 지표 손실 리스크. 강성 표현·모욕 없음

2. 내부 기준(GCX_CS PROCEDURE) 검토: 황변은 형광등·자외선·충전기 발열·화장품 등 사용환경 및 외부 요인으로 발생 가능해 제조상 결함 확인 불가이며 1년 초과 건은 도움 불가가 원칙. 다만 ① 리스팅에 ""Anti Vergilbung""이 명시돼 독일법상 광고 표명이 품질 기준에 포함되는 점 ② 독일 법정 보증 2년 내(12개월 이후 입증 책임은 고객) ③ 사진을 한 번도 받지 않고 거절한 점 → 3차 거절보다 사진 요청으로 근거를 확보한 뒤 황변이 뚜렷하면 고객 불편 고려 1회 한정 교품(MCF)이 분쟁 종결에 유리(고객 요구도 교환). 사진 미제출·황변 경미 시 도움 불가 3차

3. 타고객 유사 전례(Previous_tickets.csv): #1000149322(FR, UH 범퍼 분리 + EU 소비자법·법적 조치 언급) → 리더 확인 후 도움 불가 2차, #1000146724(NL, 법적 대응 언급) → 사진·바코드 요청 후 결함 확인 시 예외 환불, #1000146299(DE, 자석 탈락) → 도움 불가 3차. 본 건은 사진이 아직 없고 광고 문구 쟁점이 있어 NL 건과 같이 사진 게이트 후 분기가 적정

4. 충성 고객 아님 (총 주문 2개로 3개 미만) — 환불 0건으로 abuse 신호 없음","[TCK 예상 답변] 도움 불가 3차 안내 OR 사진 요청 후 예외적 도움
[GCX AI 예상답변]",양숙랑 Grace 글로벌CX전략팀,"아래와 같이 내부메모 , OPEN완료 제품 상태 사진 첨부 요청 GDPR동의와 함께 MCF 대응 주소 요청"
GCX Agent 글로벌CX전략팀,https://spigenhelp.zendesk.com/agent/tickets/1000161257,"링크: https://spigenhelp.zendesk.com/agent/tickets/1000161257
국가 / 제품: UK / Galaxy Z Fold 8 Ultra Air Skin Aramid MagFit
ASIN=B0GKQNSD4X / SKU=ACS11496
구매일자: 2026-08-06","1차(09-10): 8월 7~8일부터 사용한 Air Skin Aramid MagFit 케이스의 가장자리·모서리가 벌어지며 손상 시작, £49.99 프리미엄 케이스 품질에 실망, 해결 요청 (사진 4장 첨부) → 사용 환경·발생 경위 상세 요청

2차(09-11): 집·직장 일상 환경만 사용, 낙하·오사용·고열·화학물질·야외 노출 없음, 과거 Spigen 제품 경험이 좋아 재구매했다며 재차 상세 회신 → 유관 팀 전달 안내 + Tier 2 ESC (신제품 PI 작성)

3차(09-14 09:38): 사진상 사용 중 일반 마모로 보이며 외부 요인 스크래치·마모는 제조상 결함이 아니나, 이번에 한해 예외적으로 대체품(MCF) 제공 안내 + 개인정보 요청

4차(현재): 대체품 제안은 감사하나 전액 환불 희망. 일반 마모라는 설명에 동의 불가, 몇 주 정상 사용만으로 가장자리 벌어짐, 동일 제품 재수령도 원치 않음 → 환불 전환 검토

구매 1개월 내 신제품 아라미드 가장자리 박리 + 예외 대응 기확정 + 고객이 대체품 명시 거부 → 폐기 사진 확인 후 100% 환불(셀러 환불)로 종결, PI 유관 부서 전달 #Z_Fold_8_Ultra #AirSkinAramid_MagFit #가장자리박리 #스크래치 #신제품 #PI작성 #대체품거부 #환불전환 #UK","+ 구매 1개월(39일) 경과
+ (최근 2년) 총 주문 2개 / FBA 환불 1건 / 셀러 환불 0건 / 셀러 코드 발급 0건 / MCF 발송 0건 (MCF 가용 재고 474개, £49.99 고가 건)

1. 신제품(Z Fold 8 Ultra) Air Skin Aramid 케이스가 사용 약 1개월 만에 가장자리·모서리가 벌어짐. 사진 4장 첨부, 고객 진술상 낙하·오사용 없음. ESC 사유: 신제품 — PI 작성 완료(09-11). 예외 대체품은 이미 안내됐고 고객이 대체품·동일 제품 재수령을 거부하며 환불만 요구. 강성 표현 없이 정중하나 ""품질·내구성 불만족"" 입장 확고

2. 내부 기준(GCX_CS PROCEDURE) 검토: 사용 중 스크래치·마모는 외부 요인으로 제조상 결함 확인 불가가 원칙이나, 구매 1개월 내 신제품의 아라미드 레이어 가장자리 박리는 사용 환경만으로 단정하기 어려워 예외 대응이 타당(이미 확정). 고객이 MCF를 명시 거부한 상태라 재제안 실효 없음 → Amazon 반품 기간(30일) 경과 건이므로 셀러 환불로 전환하되, £49.99 고가 제품 재사용 방지를 위해 폐기 사진 확인 후 100% 환불이 적정. 신제품 품질 이슈로 PI 내용 유관 부서 전달 유지

3. 타고객 유사 전례(Previous_tickets.csv): #1000147778(UK, S26U UH MagFit 하단 들뜸, 대체품 원치 않는 고객) → 나아름P ""사용기간 짧고 대체품 원치 않아 폐기사진 확인 후 환불"", #1000147752(UK, S26U Nano Pop 형합 이슈, 교품 후 재요청) → 예외적 환불, #1000143509(UK, S26U Air Skin Aramid 코팅 벗겨짐) → 예외적 대체품. 동일 라인(Air Skin Aramid) 외관 이슈 전례가 있어 신제품 PI 추적 가치 있음

4. 충성 고객 아님 (총 주문 2개로 3개 미만, FBA 환불 1건) — 주문 3개 미만이라 abuse 플래그 미해당. 단 2년 이전 Cryo Armor TPU 분리 100% 환불 이력이 별도로 있어 환불 2회째인 점 내부 참고(고객 미안내)","[TCK 예상 답변] 1. 고객 불편 사항 유감표현
2. 외부 환경, 요인 등에 의해 발생된 스크래치, 마모 등은 제조상의 결함이 아님 재안내
3. 제조상 결함여부 확인되지 않으나 고객님의 불편을 고려하여 예외적 대체품 제공으로 안내드렸음
4. 반품없이 환불 처리 안내 + 동의 시, 환불 진행
or 확인 후 안내
[GCX AI 예상답변]",양숙랑 Grace 글로벌CX전략팀,예상답변 대로 MCF대응 처리 완료
GCX Agent 글로벌CX전략팀,https://spigenhelp.zendesk.com/agent/tickets/1000161577,"링크: https://spigenhelp.zendesk.com/agent/tickets/1000161577
국가 / 제품: UK / iPhone 17 Pro Ultra Hybrid S MagFit
ASIN=B0FD1Q6YFF / SKU=ACS09946
구매일자: 2026-04-28","1차(이전 티켓 #1000159109, 08-25): iPhone 17 Pro용 UH S MagFit 케이스가 황변 방지 광고와 달리 황변됨, 교체/환불 요구 (사진 첨부) → 폐기 사진 요청 후 환불 예정 안내

2차(본 티켓 09-13): 폐기 사진 첨부하여 재인입 → 사진 AI 편집 의심으로 다른 각도 폐기 사진 재요청

3차(09-13): ""장난하냐, 점점 기가 차다"" — 망치로 깨뜨려 사진 찍은 뒤 바로 버렸고 촬영용으로 보관하지 않았다며 재요청 거부 → Tier 2 ESC → 김지우P 컨펌(도용리스트 추가) 후 디지털 편집 감지로 도움 불가 1차 안내 (09-14 09:50)

4차(현재, 09-14): 편집 주장에 강하게 반박 — 유일한 변경은 4G 전송용 파일 축소뿐이며 아이폰으로 찍어 바로 보낸 사진이라 주장, 인스타그램 팔로워에 공개 언급, 수년간 충성 고객이었으나 다시는 구매 안 함·원칙의 문제라며 강성 컴플레인 → 직후 동일 사진 풀사이즈 원본 재첨부(""No ai-modification"")

충성 고객(7/1)·13.99 GBP·폐기 후 환불 기안내 건이 축소 전송본 편집 감지로 막힌 상황, 고객이 원본 제출 → 원본 재검증 후 편집 미확인 시 예외 환불, 편집 확인 시 도움 불가 2차 유지 #iPhone_17_Pro #UltraHybridS_MagFit #황변 #폐기사진 #사진편집의심 #원본재제출 #SNS언급 #충성고객 #강성 #UK","+ 구매 4개월(139일) 경과
+ (최근 2년) 총 주문 7개 / FBA 환불 1건 / 셀러 환불 0건 / 셀러 코드 발급 0건 / MCF 발송 0건 (13.99 GBP 저가 건)

1. 황변은 형광등·자외선·충전기 발열·화장품 등 사용환경 영향으로 제조상 결함 확인 불가하나, 이전 티켓에서 이미 폐기 확인 후 예외 환불로 안내된 건. 쟁점은 황변이 아니라 폐기 사진 진위 — 시스템이 편집을 감지해 오늘 09:46 김지우P 컨펌으로 도용리스트 추가·관리대상 지정 완료, 09:50 도움 불가 1차 발송. 고객은 축소 전송 외 편집 없음을 주장하며 원본 풀사이즈를 재제출하고 SNS 공개를 언급

2. 내부 기준(GCX_CS PROCEDURE) 검토: 사진 도용/편집 감지 시 도움 불가 + 관리대상이 원칙. 다만 감지 대상이 iOS 메일 '작은 크기' 전송 등으로 재인코딩된 축소본이었다면 오탐 가능성을 배제하기 어렵고, 고객이 신규 증빙(원본)을 제출했으므로 재검증 1회는 비용이 낮음. 원본에서도 편집 흔적이 확인되면 저가·충성 고객이라도 예외 불가(원칙 유지). 재검증 없이 2차 도움 불가로 가면 SNS 공개·분쟁 시 ""원본 제출에도 확인 안 함""이 약점이 됨

3. 타고객 유사 전례(Previous_tickets.csv): #1000145956(UK) 이전 티켓 사진 재사용 확인 → 도움 불가 3차 + 관리대상 (양숙랑P 컨펌), #1000147619(IN) 폐기 사진 디지털 편집 감지 → NRN, #1000148044(UK) 황변 폐기 사진 3차 요청 건은 매직 X 표시 등 대체 폐기 방식 안내. 본 건은 케이스를 이미 버려 대체 폐기 증빙이 불가하고, 원본 재제출이라는 신규 증빙이 있는 점이 전례와 다름

4. 충성 고객 O: (최근 2년) 총 주문 7개 ≥ 3, 환불 1건으로 총 주문의 1/3 이하 — abuse 신호 없음(도용리스트 추가는 본 건 사진 감지 단독 근거)","[TCK 예상 답변] 첨부한 사진에서 디지털 편집이 감지되어 도움 불가 2차 안내
[GCX AI 예상답변]",양숙랑 Grace 글로벌CX전략팀,"NRN 으로 OPEN처리 완료 (도움불가 안내시 더 강성고객 우려, SNS 공개 경고로 추가 대응 불필요)"
GCX Agent 글로벌CX전략팀,https://spigenhelp.zendesk.com/agent/tickets/1000160957,"링크: https://spigenhelp.zendesk.com/agent/tickets/1000160957
국가 / 제품: IN / Galaxy S24 Liquid Air
ASIN=B0CM5F1T8P / SKU=ACS07347INP
구매일자: 2026-02-10","1차(이전 티켓): Galaxy S24용 Liquid Air 케이스가 헐거워져 폰에 고정되지 않음, 워런티 교체/환불 요구 → 폐기 사진 요청 → 제출된 폐기 사진에서 디지털 편집 감지 → 도움 불가 1차 + 관리대상 지정

2차(본 티켓 09-08): 동일 이슈로 재인입, 영상 2건·사진·인보이스 첨부, 1년 워런티 근거로 교체/환불 요구 → 편집 감지 사유로 도움 불가 2차 안내

3차(09-08 회신): ""당시 케이스를 수동으로 파손했다고 해서 디지털로 수정했다""며 사진 편집 사실 인정, 매달 더 헐거워진다며 어떻게 해야 하냐고 재문의 → Tier 1 내부 NRN 결정(09-09), 미회신

병행 채널(Spigen India 지사, 09-07~09-12): 동일 클레임 별도 접수 → 지사가 신속 검증(폐기 사진) 또는 표준 회수 제안 → 고객 ""교체 말고 환불"" 요구, 환불 확정 시에만 회수 진행 조건 제시 → 지사가 환불 진행 위해 UPI ID 요청(09-10) → 고객 UPI ID 제공 → 환불 상태 재촉(09-12) → 지사가 GCX로 fwd(직접 마무리 요청)

4차(현재): TCK 관리자가 지사 스레드 병합, Tier 1(NRN) vs 지사(UPI 환불 절차) 고객 대응 불일치 확인 요청

관리대상 고객(편집 인정)이나 지사가 이미 서면으로 환불 절차 착수·UPI 수령 → 지사 환불 완료 여부 확인 후 완료면 종결 안내, 미완료면 지사 채널에서 1회 한정 UPI 환불로 종결하고 관리대상 유지 #Galaxy_S24 #LiquidAir #TPU늘어남 #헐거워짐 #사진편집 #관리대상 #인도지사 #UPI환불 #채널불일치 #IN","+ 구매 7개월(216일) 경과
+ (최근 2년) 총 주문 2개 / FBA 환불 1건 / 셀러 환불 0건 / 셀러 코드 발급 0건 / MCF 발송 0건 (930 INR 저가 건)

1. 케이스 TPU 늘어남(헐거워짐)은 7개월 사용 후 발생한 사용환경 영향 이슈로 제조상 결함 확인 불가. 이전 티켓 폐기 사진 디지털 편집이 감지됐고 본 티켓에서 고객이 편집을 직접 인정 → 관리대상 고객 근거 확정. IN 고객으로 블랙컨슈머 가능성 병존. 도움 불가는 2회 완료(이전 1차 + 본 티켓 2차) → 3회 미만이라 예상 답변에 NRN 병기 불가, 재인입 시 NRN은 내부 검토 사항

2. 내부 기준(GCX_CS PROCEDURE) 검토: 사진 도용/편집은 도움 불가 + 관리대상 지정 대상. 다만 Spigen India 지사가 GCX 도움 불가 안내(09-08) 이후에도 별도로 환불 절차를 안내하고 UPI ID까지 수령(09-10)해 고객이 환불 약속을 서면으로 보유한 상태 → 지금 번복 시 IN 소비자 분쟁·재인입 리스크가 930 INR 환불 비용보다 큼. 지사 환불 완료 시 종결 안내, 미완료 시 지사 채널에서 1회 한정 환불로 마무리하고 GCX 채널 추가 안내 최소화. 지사에 관리대상 정보 공유 + 향후 GCX 도움 불가 건은 지사 별도 보상 전 GCX 확인 요청 필요

3. 타고객 유사 전례(Previous_tickets.csv): 폐기 사진 디지털 편집 감지 건 #1000147619(IN) → NRN 컨펌(양숙랑P), 동일 사진 재사용 건 #1000145956(UK) → 도움 불가 3차 + 관리대상. 단 두 건 모두 타 채널의 환불 약속이 없던 건으로, 본 건은 지사 약속 이행 여부가 변수

4. 충성 고객 아님 (총 주문 2개로 3개 미만, FBA 환불 1건으로 환불율 50%) — 주문 3개 미만이라 수치상 abuse 플래그는 미해당이나 사진 편집으로 관리대상","[TCK 예상 답변] 인도 지사에서 UPI 환불 완료 여부 확인 후 안내
[GCX AI 예상답변]",양숙랑 Grace 글로벌CX전략팀,폐기사진 요청으로 회신함. OPEN 완료
GCX Agent 글로벌CX전략팀,https://spigenhelp.zendesk.com/agent/tickets/1000161576,"링크: https://spigenhelp.zendesk.com/agent/tickets/1000161576
국가 / 제품: IN / Galaxy S26 Liquid Air MagFit
ASIN=B0FVBMZYJX / SKU=ACS11055INP
구매일자: 2026-08-25","1차: Galaxy S26용 Liquid Air MagFit 장착 상태에서 Qi2 충전기로 무선 충전 불가, 케이스 분리 시 정상 충전 → 타사 제품 호환 보장 불가 + Amazon 교환/환불 안내 (도움 불가 1차)

2차: Qi2/MagSafe는 업계 표준이고 상품 페이지에 MagSafe 지원 표기, Apple 정품 MagSafe 원형 충전기로 충전 안 됨, 구매 목적(무선 충전) 불충족이라 반품 희망 → 타사 호환 불가 2차 + 충전기별 사양 상이 + Amazon 교환/환불 안내 (도움 불가 2차)

3차: Amazon 반품 기간 종료로 반품 불가, 상품 페이지 표기 기능 미지원이므로 부당한 요구 아님, 상위 담당자 전달 요구 → 결함으로 보기 어려워 도움 불가 + 타사 호환 불가 3차 안내 (도움 불가 3차)

4차(현재): ""stupid"" 등 강한 표현으로 이슈 이해 부족을 질타, 제조 결함 주장하며 상위 부서 이관 또는 담당 부서 연락처 요구 → 예외적으로 장·탈착 충전 영상 요청 후 폐기사진 확인 → 환불 예정

상품 페이지 MagSafe 표기 + 케이스 탈착 시 정상 충전 + 정품 충전기 → 제품 기인 정황, 구매 20일 → 영상·폐기사진 조건부 1회 예외 환불로 종결. 미제출·미재현 시 도움 불가 4차 안내 (재인입 시 NRN) #Galaxy_S26 #LiquidAirMagFit #무선충전불가 #IN #강성 #영상요청 #폐기사진 #예외환불","+ 구매 20일 경과
+ (최근 2년) 총 주문 3개 / FBA 환불 1건 / 셀러 환불 0건 / 셀러 코드 발급 0건 / MCF 발송 0건

1. 케이스 장착 시 Qi2/MagSafe 무선 충전 불가(탈착 시 정상), 사진·영상 미제출. 상품 페이지의 MagSafe 호환 표기를 근거로 반복 요구, Amazon 반품 기간 종료. 도움 불가 3회 안내 완료 후 4차 재인입에서 모욕적 표현(""stupid"")과 상위 부서 이관 요구. IN 고객으로 블랙컨슈머 가능성 병존

2. 내부 기준(GCX_CS PROCEDURE) 검토: 타사 충전기 호환은 보장 대상이 아니나, 상품 페이지에 MagSafe 호환을 표기한 제품에서 정품 MagSafe 충전기로 케이스 착용 시에만 충전 불가라면 제품 기인 가능성을 배제하기 어려움 → 영상으로 장·탈착 비교 재현 확인 후 폐기사진 조건부 예외 환불이 분쟁 종결에 유리. 영상 미제출·미재현 시 도움 불가 유지

3. 타고객 유사 전례(Previous_tickets.csv 및 참고 티켓): Galaxy S24 Ultra UH OneTap Metal Ring MagFit 무선충전 불가 건 → 예외적으로 장·탈착 충전 영상 요청 후 폐기사진 확인 → 환불. Galaxy S24 FE TA 케이스 무선충전 끊김 건 → 타사 호환 불가 5차 안내 + 도움 불가 (재인입 시 NRN)

4. 충성 고객 O(경계): 총 주문 3개 ≥ 3, 환불 1건이 총 주문의 1/3(1건) 이하 — 단 환불율 33%로 추가 보상은 1회 한정","[TCK 예상 답변] 예외적으로 케이스 장/탈착 시 충전 이슈 확인 가능한 영상 요청 후, 폐기사진 요청 후 환불
[GCX AI 예상답변]",김지우 Kevin 글로벌CX전략팀 / 양숙랑 Grace 글로벌CX전략팀,"결함여부 확인 가능한 사진/영상이 없으므로, [TCK 예상 답변] 진행
NRN부탁 드립니다. 4차이상 핑퐁 및 모욕발언.
NRN으로 전달 완료"
GCX Agent 글로벌CX전략팀,https://spigenhelp.zendesk.com/agent/tickets/1000161019,"링크: https://spigenhelp.zendesk.com/agent/tickets/1000161019
국가 / 제품: DE / Spigen PE2401 여행용 어댑터 (Power Accessory)
ASIN=B0DW8M1B6G / SKU=ACH08941PAN
구매일자: 2026-03-16","1차(현재): PE2401 여행용 멀티 어댑터의 플러그가 뒤로 접히지 않고 다른 플러그 유형으로 전환도 불가능함, 제품 결함 주장 (영상 첨부) → 결함 여부 확인 후 환불 100% 또는 MCF 교품 안내 예정

영상으로 플러그 접힘·전환 기구 고착 확인, 구매 6개월 내 + 환불 이력 0 → MCF 교품(재고 11) 우선, 고객 희망 시 100% 환불 #PE2401 #여행용어댑터 #파손 #기구고착 #영상첨부 #MCF교품 #환불","+ 구매 6개월(182일) 경과
+ (최근 2년) 총 주문 1개 / FBA 환불 0건 / 셀러 환불 0건 / 셀러 코드 발급 0건 / MCF 발송 0건 (MCF 가용 재고 11개)

1. 여행용 어댑터의 플러그 접이·전환 기구가 작동하지 않음(고착). 영상(MOV) 첨부로 상태 확인 가능. Amazon.de FBA, ESC 사유: PowerAcc. 불량. 강한 불만 표현 없음

2. 내부 기준(GCX_CS PROCEDURE) 검토: 파워 액세서리 기구·기능 이상은 영상 재현 확인 시 제품 이슈로 환불/교품 대상. 낙하·충격 흔적이 영상에 없다면 제조상 결함 확인 불가하더라도 고객 불편 고려 교품(MCF)이 적정, 구매 6개월로 워런티 기간 내

3. 타고객 유사 전례(Previous_tickets.csv): 충전기·어댑터 기능 불가 건은 영상 확인 후 제품 단일 이슈로 판단해 환불 또는 MCF 처리 사례. 외부 충격 파손이 영상에서 확인되는 경우만 도움 불가

4. 충성 고객 아님 (총 주문 1개로 3개 미만) — 환불 이력 0건, abuse 신호 없음","[TCK 예상 답변] 결함 여부 확인 후, 환불 100% or MCF 발송 (재고: 11개)
[GCX AI 예상답변]",김지우 Kevin 글로벌CX전략팀,영상상 조작 중 다른 국가 접점핀으로 바꾸기 힘든 것 확인 완료. MCF 재고 11개로 소량이나 소진이 느린 파워 제품으로 MCF 진행
GCX Agent 글로벌CX전략팀,https://spigenhelp.zendesk.com/agent/tickets/1000162246,"링크: https://spigenhelp.zendesk.com/agent/tickets/1000162246
국가 / 제품: FR / Galaxy S25 Ultra Nano Pop MagFit 케이스
ASIN=B0DL85SV79 / SKU=ACS09058
구매일자: 2026-03-11","1차: Galaxy S25 Ultra용 Nano Pop MagFit 케이스의 MagSafe 자석이 변형되어 사용할 수 없게 됨 (사진 첨부, 자석 들뜸 확인됨) → 사용 중 발생한 결함으로 판단, 도움 불가 1차 안내 (환불 미제공)

2차(현재): 슈피겐의 품질 기준에 미치지 못해 아쉬우며, 엄밀히 제조 결함은 아님을 인정하지만 시간이 지나며 마그넷 링(철판)이 변형되어 사용 불가하게 된 것은 품질 이슈라고 주장

MagSafe 두께 설계상 특성으로 판단, 도움 불가 2차 안내 유지 + 높은 환불율(60%) 확인 #자석변형 #지속적환불요청 #높은환불율","+ 구매 6개월(190일) 경과
+ (최근 2년) 총 주문 10개 / FBA 환불 4건 / 셀러 환불 2건 / MCF 발송 0건

1. 고객 스스로 ""엄밀히 제조 결함은 아님""을 인정하면서도 마그넷 링 변형을 품질 이슈로 재차 주장 — ESC. 사유 자체가 지속적 환불 요청

2. 환불 비율 60%(6/10건)로 abuse 신호 — 최근 2년 환불 이력(FBA 4 + 셀러 2)이 총 주문 10건의 절반을 초과

3. 유사 전례: #1000134962, #1000156022 (둘 다 UH MagFit 케이스 황변 → 폐기 사진 확인 후 환불) — 다만 이번 건은 별개 제품(Nano Pop)·별개 증상(자석 변형)으로 직접 적용은 어려움

4. 충성 고객 아님 (환불 6건이 총 주문 10건의 1/3을 크게 초과)","[TCK 예상 답변] MagSafe 호환성을 위해 두께를 얇게 제작하여 해당 부위가 돌출되어 보일 수 있음 + 결함으로 보기 어려움 + 도움 불가 2차 안내
[GCX AI 예상답변] 동일 (고객 본인도 제조 결함이 아님을 인정한 점 + 얇은 두께 설계는 MagSafe 호환을 위한 의도된 사양이라는 합리적 설명 + 최근 2년 환불율 60%로 abuse 경계를 크게 초과해 예외적 환불을 검토할 근거가 없음 → 도움 불가 2차 안내 유지가 타당)",김지우 Kevin 글로벌CX전략팀 / 양숙랑 Grace 글로벌CX전략팀,"@ Ticket Reporter 1. 예상 답변 진행(공지된 안내 방안 'MagSafe 호환성을 위해 두께를 얇게 제작하여 해당 부위가 돌출되어 보일 수 있음'임 + 셀러환불 이력 + 사용 기간 고려 도움불가 2차 안내 타당)
@ Ticket Reporter (변경) 1. 예외적 MCF 제안(재고 50개 확인)
@ Ticket Reporter 재고 확인후 MCF 대응 바랍니다. (향후는 예외적인 대응 없음)
@ 양숙랑 Grace 글로벌CX전략팀 리더님, 저희 팀원들 전부 @Ticket Reporter  앱을 사용할 수 있게 권한 추가해놨습니다! 내일 원격으로 뵙겠습니다!
프로님. 내일 해도 되는데...넘 고생 많았습니다. 감사해요!"
GCX Agent 글로벌CX전략팀,https://spigenhelp.zendesk.com/agent/tickets/1000161411,"링크: https://spigenhelp.zendesk.com/agent/tickets/1000161411
국가 / 제품: UK / Spigen AirTag (SDA)
ASIN=B0D279W2NT / SKU=AHP07580UKO
구매일자: 2025-05-13","1차: Spigen AirTag가 배터리 방전 전까지는 정상 작동했으나 배터리 교체 후 작동 안 됨. 동일 배터리를 일반 Apple AirTag에 넣으면 문제없이 작동해 Spigen Tag 자체 결함이라 주장하며 환불 요청 → Order ID 재확인 요청

2차: 인보이스 첨부하여 재인입 → 동일 배터리로 Apple AirTag·Spigen AirTag 작동 비교 영상 + 배터리 모델명 요청

3차: 영상 촬영 전에 환불 가능 여부부터 문의 → 영상 검토 후 환불 가능 여부 안내 가능 + 구매 3개 중 1개 이상 이슈 시 제품별 영상 요청

4차: ""영상으로 결함이 확인되면 환불받을 수 있다""는 확답을 요구 (영상을 보내고도 나중에 거절당할까 우려) → 제품 이슈는 증빙자료 검토 후 다음 단계 진행되므로 현재 시점 확답 불가 안내

5차(현재): 상황 파악이 필요한 점은 이해하나, 영상 확인 후 결함이 인정될 경우 선택지에 환불도 포함되는지 재차 확답 요청. 환불 가능성이 없다면 영상을 보낼 이유가 없다는 입장

결함 여부 확인을 위한 비교 영상 재요청 + 환불 가능성 안내 필요 #배터리교체후미작동 #비교영상요청 #충성고객","+ 구매 1년 4개월(약 492일) 경과
+ (최근 2년) 총 주문 3개 / FBA 환불 0건 / 셀러 환불 0건 / MCF 발송 0건

1. 배터리 교체 후 미작동 + 동일 배터리로 정품 Apple AirTag는 정상 작동한다는 비교 실험 주장 — 아직 영상 자료 미제출 상태 (인보이스만 첨부)

2. GCX_CS PROCEDURE상 제품 결함 주장 건은 증빙 영상 확인 후 환불 등 다음 단계 진행이 표준 절차 — 3개 구매 중 1개 이상 이슈 시 제품별 영상 필요

3. 유사 전례: 파일 접근 제한으로 확인 불가

4. 충성 고객 (최근 2년 총 주문 3개, 환불 이력 0건, 동일 제품 3개 구매 — 해당 이슈 첫 문의)","[TCK 예상 답변] 원활한 도움 및 확인을 위해 영상 재요청드리는 점 양해 부탁
[GCX AI 예상답변] 동일 (충성 고객(3주문·환불0)으로 abuse 신호 없고, 배터리 교체 후 미작동 + 정품 대조 비교라는 구체적 재현 조건까지 제시한 만큼 결함 가능성이 낮지 않으나, 아직 영상 등 육안 증빙이 없어 표준 절차대로 비교 영상 확인 후 환불 등 다음 단계 진행이 타당 — 다만 고객이 ""확답이 없으면 영상을 보내지 않겠다""는 입장이므로, 결함이 영상으로 확인되면 환불이 실제 선택지 중 하나임을 회신에서 명확히 안내해 협조를 유도할 필요)",김지우 Kevin 글로벌CX전략팀,@ Ticket Reporter 1. 예상 답변 진행(증빙 없이 CS불가함) 2. 증빙(영상)없이 재인입시 NRN
GCX Agent 글로벌CX전략팀,https://spigenhelp.zendesk.com/agent/tickets/1000162108,"링크: https://spigenhelp.zendesk.com/agent/tickets/1000162108
국가 / 제품: SE / Galaxy Watch 8 Classic (46mm) Modern Fit Titanium Band
ASIN=B0FB2BCTDY / SKU=AMP10122PAN
구매일자: 2026-03-26","1차: Galaxy Watch 8 Classic 46mm용 Modern Fit Titanium 스트랩의 스프링바(시계 본체에 가장 가까운 쪽) 하나가 파손됨. 정확한 규격(치수) 문의, 저렴한 11mm/1.2mm 대체품을 구입해 장착해봤으나 약간 헐거움 → Order ID + 로고 사진 요청

2차(현재): Order ID + 로고 사진 첨부 완료, 필요 시 PDF 인보이스도 제공 가능하나 야간 근무로 약 24시간 소요 예상

스프링바 파손 + 규격 문의, 충성 고객 → 규격 확인 안내 + Refund 100% 도움 #스프링바파손 #충성고객 #환불100%","+ 구매 5개월(175일) 경과
+ (최근 2년) 총 주문 3개 / FBA 환불 0건 / 셀러 환불 0건 / MCF 발송 0건

1. 시계 밴드 스프링바(본체 연결부) 파손 + 정확한 규격 문의 — 저가 대체품 장착 시도했으나 헐거워 맞지 않음을 확인

2. 내부 노트에 이미 ""B0FB2BCTDY only / Refund 100%"" 사전 결정 기록 있음 — 스프링바는 본 제품 전용 규격 부품으로 개별 판매/정확한 치수 안내가 어려운 사안

3. 유사 전례: 파일 접근 제한으로 확인 불가

4. 충성 고객 (최근 2년 총 주문 3개, 환불 이력 0건)","[TCK 예상 답변] 문의주신 스프링바에 대한 규격은 본 제품 전용 규격으로 제작된 부품임 + 담당 부서와 정확한 규격(치수) 확인 후 안내 + Refund 100% 도움 (프로시져 해당)
[GCX AI 예상답변] 동일 (전용 스프링바는 개별 판매/범용 치수 안내가 어려운 부품이며, 내부 노트에도 이미 해당 ASIN에 대한 100% 환불 프로시져가 사전 기록되어 있음 + 총 주문 3건·환불 이력 0건의 충성 고객으로 abuse 신호 없어 규격 확인 안내와 함께 Refund 100% 진행이 타당)",나아름 Jane 글로벌CX전략팀,"처리 요청 사항: 제품 불편 사과 문의주신 스프링 부품의 정확한 개별 규격 안내가 어려운 점 양해 부탁 다만, 제품 불편 고려하여 환불 도움드리고 자 함 동의 시, 환불 진행 *제품 자체 사이즈에 대한 안내는 가능하나, 부품의 개별 규격 안내는 불가 *충성 고객 고려 + 구매일 기준 5개월 경과로 워런티 제공 대상으로 환불 제안 안내"
GCX Agent 글로벌CX전략팀,https://spigenhelp.zendesk.com/agent/tickets/1000161916,"링크: https://spigenhelp.zendesk.com/agent/tickets/1000161916
국가 / 제품: IT / Nintendo Switch 2 Dual Grip 케이스
ASIN=B0DQ67JGXW / SKU=ACS09310
구매일자: 2025-06-09","1차: Nintendo Switch 2용 Dual Grip 케이스가 파손됨. 책상 서랍에 넣어뒀는데 파손된 상태로 발견 (사진 첨부) → 사용 중 발생한 결함으로 판단, 도움 불가 1차 안내 (환불 미제공)

2차(현재): TCK의 도움불가 답변에 반발 — 저가 중국산 플라스틱 재질이 원인인데 20유로짜리 제품 하나 교환해주지 않으면서 외부요인 탓을 한다며 강하게 불만 표출, 이 사안에 대한 영상을 제작해 공개하겠다고 예고

도움 불가 결론 유지 + Negative Review(영상 공개 예고) 리스크 존재 #사용중파손 #외부요인 #NegativeReview리스크","+ 구매 15개월(약 466일) 경과
+ (최근 2년) 다른 구매 내역 확인 안됨 (이 주문 1건)

1. 파손 경위로 명확한 낙하·충격 언급은 없으나(서랍 보관 중 발견), 재질(저가 플라스틱) 결함을 주장하며 교환 요구. 거부 시 영상 제작·공개를 예고하며 Negative Review 리스크 표출

2. GCX_CS PROCEDURE상 명확한 외부충격 증거가 없어도 사용 중 파손은 통상 외부요인으로 판단 — 이미 TCK가 1차 도움 불가 안내를 완료한 사안으로, 이번 재인입도 동일 결론 유지 여부 확인 요청

3. 유사 전례: 파일 접근 제한으로 확인 불가

4. 충성 고객 아님 (최근 2년 내 이 주문 1건 외 확인된 구매 이력 없음)","[TCK 예상 답변] 고객 상황 유감 표현 + 고객 첨부 사진 확인하였음 + 제조상 결함으로 보여지지 않음 + 고객 사용중 외부 환경·요인 등에 의해 발생된 것으로 보여짐 + 도움 불가 2차 안내
[GCX AI 예상답변] 동일 (구매 후 15개월 경과로 워런티 기간 경과 소지가 크고, 사용 중 파손에 명확한 외부충격 증거는 없으나 재질 결함을 뒷받침할 객관적 근거도 없어 제조상 결함으로 확정하기 어려움 + 이미 1차 도움 불가 안내가 나간 사안으로 2차 안내가 논리적으로 일관됨. 다만 Negative Review(영상 공개 예고) 리스크가 있어 팀 차원의 사전 인지가 필요)",나아름 Jane 글로벌CX전략팀,"처리 요청 사항 고객 상황 유감표현 사진 확인 시, 외부 요인, 환경에 의해 파손된 것으로 보여짐 제조상 결함으로 보여지지 않으며, 고객 사용중 파손된 경우 워런티 제공 대상 아닌 점 양해 부탁 도움불가 2차 안내 *고객 사용기간: 1년 3개월 경과 / MCF 재고 없음"
GCX Agent 글로벌CX전략팀,https://spigenhelp.zendesk.com/agent/tickets/1000162185,"링크: https://spigenhelp.zendesk.com/agent/tickets/1000162185
국가 / 제품: PL / iPhone 17 Pro UH MagFit 케이스 (투명, 황변방지 광고 제품)
ASIN·SKU: 확인 불가 (Spigen.pl 자사몰 주문 — Amazon 연동 없음)
구매일자: 확인 불가 (고객 진술: 약 2개월 전 구매, 주문확인서 PDF 첨부 / spigen.pl 주문번호 328863)","1차(현재): Spigen.pl에서 구매한 iPhone 17 Pro용 UH MagFit 케이스(황변방지 광고)가 사용한 지 불과 2개월 만에 황변됨 (주문확인서 PDF + 사진 첨부)

황변 클레임, Spigen.pl 자사몰 구매건으로 담당 부서(자사몰팀) 이관 필요 #황변 #자사몰구매 #부서이관","+ Spigen.pl 주문번호: 328863
+ 구매 약 2개월 경과 (고객 진술, 정확한 일자는 미확인)

1. 광고상 ""황변방지"" 제품임에도 2개월 만에 황변 발생 주장 — 사진 첨부, 자사몰(spigen.pl) 구매건이라 Amazon 주문/환불 이력 조회 불가

2. 유사 전례: #1000133734 (Spigen.pl 구매건 문의 → 담당 부서로 전달 + 담당 부서에서 고객에게 연락 예정 안내) — 동일 유형

3. 이미 김지우 프로가 담당 부서(최윤서 프로님, 참조: 양숙랑·나아름·Cys)에 내부 전달(FWD) 완료한 상태 — 본 리포트는 참고용","[TCK 예상 답변] 담당 부서로 전달 + 담당 부서에 고객님의 문의 전달하여 연락 드릴 예정임 안내
[GCX AI 예상답변] 동일 (Spigen.pl 자사몰 구매건은 TCK/Amazon 채널 소관이 아니므로 담당 부서 이관이 타당 + 이미 담당 부서로 내부 전달 완료되어 추가 조치 불필요, 참고 전례 #1000133734와 동일 처리)",김지우 Kevin 글로벌CX전략팀,담당자(최윤서P) FWD후 Solved 완료
GCX Agent 글로벌CX전략팀,https://spigenhelp.zendesk.com/agent/tickets/1000161992,"링크: https://spigenhelp.zendesk.com/agent/tickets/1000161992
국가 / 제품: UK / Galaxy Z Fold 8 SA Pro MagFit 케이스
ASIN=B0GMT5Z1KX / SKU=ACS11558UKO
구매일자: 2026-08-05","1차: Galaxy Z Fold 8용 SA Pro MagFit 케이스 힌지 부분의 두 부위를 고정하는 작은 지지대 하나가 부러짐. 케이스 가격이 비싸 더 나은 품질을 기대했다며 교체 가능 여부 문의 (사진 첨부) → 더 선명한 사진 + 이슈 확인 사진 + 바코드 사진 요청

2차: 사진 재첨부하여 재인입, 패키지는 보유하고 있지 않음 → 사용 환경 및 파손 경위 문의

3차(현재): 휴대 시 주머니에 넣고 다녔고 사용한 지 4주 정도로 실제 사용량은 많지 않았음. 케이스 장착 상태로 이메일·인터넷 확인 시 폰을 여닫는 정도로만 사용했다고 설명

신제품 힌지 지지대 파손, 단기간(4주) 사용 + 유사 전례상 구조적 취약점 확인되어 예외적 MCF 제공 검토 #신제품 #힌지파손 #예외적MCF","+ 구매 1개월(43일) 경과
+ (최근 2년) 총 주문 2개 / FBA 환불 0건 / 셀러 환불 0건 / MCF 발송 0건

1. Galaxy Z Fold 8용 신제품(SA Pro MagFit) 케이스의 힌지 고정 지지대 파손 주장. 사용 4주 시점으로 낙하 등 특이 외부충격 언급 없이 통상 사용(주머니 휴대·개폐) 중 발생했다고 설명

2. GCX_CS PROCEDURE상 신제품 초기 구조적 결함 여지가 있는 경우 예외적 MCF/대체품 제공 검토 대상

3. 유사 전례: #1000161624 (Fold 8 Air Fit Pro MagFit, 사용 1개월 내 모서리 파손 → 프레임이 얇아 외부충격에 취약함을 인정, 예외적 대체품 발송), #1000161001 (Fold 8 Slim Armor Pro MagFit, 사용 1개월 내 힌지 불량+코팅 벗겨짐 → 충성고객·신제품 고려 예외적 환불) — 동일 신제품 라인의 힌지/구조 이슈 반복 확인","[TCK 예상 답변] 불편 고려하여 예외적 MCF 제공 + 고객 정보 회신 요청 (MCF)
[GCX AI 예상답변]",김지우 Kevin 글로벌CX전략팀,@ Ticket Reporter 1. 예상 답변 진행(MCF 재고 750 확인 + 고객 환불이력 없음 + 사용기간 짧은 = 예외적 MCF타당)
GCX Agent 글로벌CX전략팀,https://spigenhelp.zendesk.com/agent/tickets/1000160925,"링크: https://spigenhelp.zendesk.com/agent/tickets/1000160925
국가 / 제품: IN / Galaxy Watch Ultra 2 (47mm) DuraPro Flex 스트랩
ASIN=B0DD5BLXQF / SKU=AMP08773
구매일자: 2026-08-04","1차: Galaxy Watch Ultra 2 47mm용 DuraPro Flex 스트랩 가품을 배송받음. 카타르에서 수령해 반품기간이 만료되어 반품 불가. 5년간 슈피겐 제품을 사용해왔는데 속았다며 실망, 환불 요청 (사진 첨부) → 사진상 가품 여부 확인 어려움 + 이슈 확인되는 영상 + 바코드 사진 요청

2차: 영상은 이미 보냈으니 지체 말라며 바코드 사진만 첨부 (영상은 끝내 미첨부, 바코드/AMP08773에 LPN 확인됨) → 중고품 수령으로 판단, FBA CS 안내

3차: 답변이 원활하지 않고 처리가 지연됐다며 오늘 중 해결책 요구 → FBA CS 배송 이슈 2차 안내

4차(현재): 여러 번 연락했지만 해결되지 않았고 셀러가 발송한 제품이므로 도움을 요청, 해결책을 제시하지 않으면 슈피겐·셀러 양측을 상대로 소비자보호법(Consumer Protection Act)에 따른 조치(Legal Action 언급)를 취하겠다고 언급 (2199 INR 손실 주장)

FBA 소관 재안내 + 폐기 사진 확인 후 예외적 환불 검토 #가품중고품주장 #FBA소관 #LegalAction언급","+ 구매 1개월(44일) 경과
+ (최근 2년) 총 주문 1개 / FBA 환불 0건 / 셀러 환불 0건 / MCF 발송 0건

1. 고객은 정품이 아닌(가품/중고품) 제품을 수령했다고 주장하나, 첨부된 바코드 사진에서 LPN(AMP08773)은 정상 확인됨 — 요청한 이슈 확인 영상은 끝내 미첨부. Legal Action 언급 태그가 부여된 상태

2. GCX_CS PROCEDURE상 FBA 배송/포장 과정에서 발생한 중고품 오배송 이슈는 아마존 FBA 소관이며 슈피겐 제조상 결함이 아님. 다만 총 주문 1건 · 환불 이력 0건으로 abuse 신호는 없는 최초 케이스

3. 유사 전례: 파일 접근 제한으로 확인 불가","[TCK 예상 답변] 불편 유감 + 슈피겐 주관이 아닌 아마존 소관의 FBA에서 발생한 중고품 오배송 재안내 + FBA CS 교환/환불 안내 OR 예외적 도움을 위한 폐기 사진 확인 후 환불
[GCX AI 예상답변]",김지우 Kevin 글로벌CX전략팀,@ Ticket Reporter 1. 예상 답변 중 FBA CS 교환/환불 안내 (가품으로 오배송은 자사 책임 없음)
GCX Agent 글로벌CX전략팀,https://spigenhelp.zendesk.com/agent/tickets/1000161953,"링크: https://spigenhelp.zendesk.com/agent/tickets/1000161953
국가 / 제품: IN / iPhone 17 Pro Max Ultra Hybrid MagFit (Clear Orange)
ASIN=B0FSBQZXVX / SKU=ACS11107INP
구매일자: 2026-08-28","1차: iPhone 17 Pro Max용 UH MagFit 케이스가 구매 후 14일 만에 황변되었다며 워런티 교체 요청 (이메일 전달 건, 인보이스·문제 영상 첨부) → 폐기(사용불가 확인) 사진 요청

2차(현재): 폐기 사진 첨부(HEIC 3장) → 확인 결과 동일 고객의 별도 주문(#407-5960945-7415532, 티켓 #1000150520)에서 이미 환불에 사용된 폐기 사진과 동일한 것으로 확인됨

사진 재사용을 통한 중복 환불 시도로 워런티 도움 불가 + 관리 대상 지정 예정 #사진재사용 #관리대상지정 #abuse","+ 구매 19일 경과
+ (최근 2년) 총 주문 제품 6개 / FBA 환불 제품 3개 / 셀러 환불 1건 (환불율 약 66.7%) / 상이한 이메일 3개 사용 중

1. 이번 주문(#406-4453891-0637142)의 폐기 사진이 별도 주문(#407-5960945-7415532, 티켓 #1000150520)의 환불 처리에 이미 사용된 사진과 동일 → 사진 재사용을 통한 중복 환불 시도로 판단 (첨부 비교 스크린샷 별도 첨부)

2. (최근 2년) 환불율 66.7% + 상이한 이메일 3개 사용으로 abuse 기준 충족

3. 유사 전례: #1000150520 (동일 케이스 황변, 폐기사진 디지털 편집 감지 → 도움 불가 + 관리대상 지정 후 신규 폐기사진 확인 후 100% 환불), #1000150535 (동일 문의 재인입 → NRN 처리)

4. 충성 고객 아님 (최근 2년 환불 4건으로 총 주문 6건의 1/3=2건을 초과 + abuse 신호 동반)","[TCK 예상 답변] 첨부해주신 사진 확인 결과 이전 주문 환불 시 제출된 케이스 사진과 동일한 사진으로 확인되어 워런티 도움 불가하며, 재인입 시에도 도움 불가합니다. 해당 케이스는 관리대상으로 지정됩니다.
[GCX AI 예상답변]",김지우 Kevin 글로벌CX전략팀,"예상 답변 진행(사진 도용 리스트 추가 완료)
충성고객이 아닌 경우 [비고]에 별도 설명 필요 없는 것으로 학습화 완료"
GCX Agent 글로벌CX전략팀,https://spigenhelp.zendesk.com/agent/tickets/1000161765,"링크: https://spigenhelp.zendesk.com/agent/tickets/1000161765
국가 / 제품: DE / Google Pixel 11 Pro SP_Glas.tR EZ Fit Pro
ASIN=B0H1XYN7CM / SKU=AGL11480PAN
구매일자: 2026-09-12","1차: Google Pixel 11 Pro용 EZ Fit Pro 강화유리 부착 후 제품 설명과 달리 1~2시간 만에 화면에 지문이 가득 묻는다며 불편 제기 → 제품 상태 및 바코드 사진 요청

2차(현재): 제품 상태 사진 및 바코드 사진 첨부 완료

고객 불편을 고려하여 대체품 제공(MCF) 예정 #신제품초기불량 #대체품제공","+ 구매 4일 경과
+ (최근 2년) 총 주문 1개 / FBA 환불 0건 / 셀러 환불 0건 / MCF 발송 0건

1. 신제품(EZ Fit Pro 스크린 프로텍터) 부착 후 단시간 내 지문 잔여물이 눈에 띄게 남는다는 문의. 제품 상태 및 바코드 사진 첨부 완료

2. 코팅 특성상 개인별 지문 부착 정도 차이는 있을 수 있으나 제조상 결함 확인은 어려움 + ESC. 사유 ""신제품""으로 출시 초기 대응 필요

3. 유사 전례 없음

4. 충성 고객 아님 (최근 2년 총 주문 1건으로 판단 기준(3건 이상) 미충족)","[TCK 예상 답변] 고객 불편 유감 + 제조상 결함 확인 어려우나 불편을 고려하여 대체품 제공(MCF)
[GCX AI 예상답변]",김지우 Kevin 글로벌CX전략팀,티켓 내 '제조상 결함 확인은 어려움'은 강조할 부분이 아닌점 학습화 완료
GCX Agent 글로벌CX전략팀,https://spigenhelp.zendesk.com/agent/tickets/1000161929,"링크: https://spigenhelp.zendesk.com/agent/tickets/1000161929
국가 / 제품: TR / 슈피겐 전원 액세서리 어댑터(PAcc.)
ASIN=N/A / SKU=N/A (Hepsiburada 비Amazon 구매)
구매일자: 확인 필요 (사용 약 2년 1개월 경과 후 고장)","1차(현재): 터키 Hepsiburada에서 구매한 슈피겐 어댑터가 2년 1개월 사용 후 작동하지 않아 수리 문의. 브랜드 신뢰로 오늘 케이블·어댑터 새로 구매함. 수리 가능 여부 및 불가 시 재활용 처리 여부 문의. 인보이스 및 결함 제품·신규 구매 제품 사진 첨부.

터키 Hepsiburada 참고 티켓: #1000124531 (TR담당자 Side Conversation으로 FWD 진행됨), #1000127524 (터키 지역 담당자에게 전달) #PAcc #충전불량 #TR #Hepsiburada #유관부서이관","+ 사용 약 2년 1개월 경과 후 고장 발생 (통상 워런티 기간 1년 초과 가능성 높음)
+ 채널: Hepsiburada (Non-Amazon, 터키 로컬 마켓) — Amazon 주문 이력 통계 해당 없음(N/A)

1. 1차 Defect Reason: (PAcc.)_충전불량. ESC. 사유: 유관부서 이관 요청 — 터키 지역 담당자에게 이미 전달된 유사 참고 티켓(#1000124531, #1000127524) 존재

2. 구매 후 2년 1개월 경과된 제품의 고장으로 통상적인 워런티 기간(1년) 초과 가능성이 높으나, 정확한 구매일자 미기재로 확정 불가

3. 타고객 유사 전례: 동일 브랜드(PAcc. 어댑터) 장기 사용 후 충전불량 사례는 다수 확인되며, 대부분 워런티 기간 초과로 도움 불가 처리됨. 본 건도 구매일자 확인 후 동일 기준 적용 권장

4. 충성 고객 여부 판단 불가 (Hepsiburada 채널로 Amazon 주문 이력 집계 대상 아님, N/A) — abuse 신호 없음, 오늘 신규 제품(케이블+어댑터) 구매한 재구매 고객","[TCK 예상 답변] 고객 클레임은 담당 부서에 전달 완료 및 해당 부서에서 컨택 예정 안내
[GCX AI 예상답변]",김지우 Kevin 글로벌CX전략팀,TR리셀러 담당자 Side Conversation으로 전달 완료
GCX Agent 글로벌CX전략팀,https://spigenhelp.zendesk.com/agent/tickets/1000162789,"링크: https://spigenhelp.zendesk.com/agent/tickets/1000162789
국가 / 제품: IN / iPhone 15 Ultra Hybrid MagFit
ASIN=B0CB78GW7K / SKU=ACS07037INP
구매일자: 2026-07-04 (2개월(79일) 경과)","1차(현재): iPhone 15용 UH MagFit 케이스를 약 3개월간 사용 중 황변 시작(사진 3장 첨부), 환불 요청

황변 클레임, 동일고객 이전 관리대상 이력 있으나 이번 사진은 도용 흔적 미발견 → 표준 절차대로 폐기사진 요청 후 예외적 환불 검토 #황변 #관리대상이력 #폐기사진요청","+ 구매 2개월(79일) 경과
+ (최근 2년) 총 주문 5개 / FBA 환불 1건 / 셀러 환불 0건 / MCF 발송 0건

1. iPhone 15 UH MagFit 케이스가 사용 약 3개월 만에 황변되었다고 주장(사진 3장 첨부). ESC. 사유: 기타 사항

2. 동일고객 이전 티켓에서 타고객 리뷰 사진 도용으로 도움 불가 + 관리 대상 등록된 이력 있음. 단, 이번 티켓 첨부 사진은 도용 흔적 발견되지 않음

3. 동일고객 클레임 이력: #1000082874 (타고객 리뷰 사진 도용, 도움 불가 + 관리 대상 등록)

4. 충성 고객 (최근 2년 총 주문 5건 중 환불 1건 ≤ 1/3(1.67건))","[TCK 예상 답변] 폐기사진 1차 요청 (이후 환불) OR 도움 불가 안내
[GCX AI 예상답변] 1. 고객 상황에 대한 유감 표현드립니다.
2. 황변의 경우, 형광등, 자외선 노출, 충전기 발열, 화장품 등 다양한 유저의 사용환경 및 외부요인에 의해 발생될 수 있음
3. 폐기사진 1차 요청 후 제출 시 예외적 환불 도움드리는 것이 타당

근거: 이번 첨부 사진은 도용 흔적이 확인되지 않았고 충성고객(주문 5건/환불 1건)인 점을 고려하면 표준 황변 절차를 적용하는 것이 합리적임. 단, 동일고객의 이전 관리 대상 이력(#1000082874)이 있으므로 폐기사진 제출 시 추가 확인이 필요함",김지우 Kevin 글로벌CX전략팀,@ Ticket Reporter 1. 예상 답변 진행(도용 이력이 있으나 이번 클레임에 첨부된 사진은 실제 제품 + 충성고객 + 구매 경과 기간 짧음 = 폐기 확인 후 환불 타당)
GCX Agent 글로벌CX전략팀,https://spigenhelp.zendesk.com/agent/tickets/1000162150,"링크: https://spigenhelp.zendesk.com/agent/tickets/1000162150
국가 / 제품: IT / iPhone 18 Pro Max Steinheil EZ Fit Pro (2매입)
ASIN=B0FCFG5PN6 / SKU=AGL09995PAN
구매일자: 2026-09-12","1차: EZ Fit Pro 2매입 중 첫 번째 장은 접힘 현상으로 화면 밀착 불가, 두 번째 장은 제거 불가한 버블 다수 발생. 설치 안내 영상을 참고했음에도 명백한 제조 결함으로 보인다며 전액 환불 요청(사진 첨부) → TCK가 제품 상태·바코드 사진 요청

2차: 사진 제출 → TCK 1차 예상 답변은 ""제조상 결함 아니지만 예외적 환불 도움""이었으나, 내부적으로 나아름(오늘 9:15am)이 ""신제품 및 충성고객 고려"" 명목으로 환불 대신 워런티 미적용 대체품(MCF) 일회성 제공으로 결정 변경 → TCK가 해당 내용으로 안내 메일 발송

3차(현재): 고객이 강하게 반발 — 구매 며칠 밖에 안 된 명백한 결함 제품이라 환불 받을 자격이 있는데 워런티도 없는 대체품을 제안한 것은 부당하며, 대체품도 결함일 경우 비용 낭비라고 지적. Amazon 고객센터에 직접 연락해 신고하겠다고 경고

워런티 없는 대체품 제안에 강한 반발 + Amazon 신고 예고, TCK도 최신 노트에서 환불로 재전환 권고 #대체품거부 #환불재요청 #Amazon신고예고","+ 구매 0개월(6일) 경과
+ (최근 2년) 총 주문 5개 / FBA 환불 0건 / 셀러 환불 1건 / MCF 발송 0건

1. EZ Fit Pro 2매입 모두 결함 주장(접힘/버블), 안내 영상대로 정상 설치했다고 소명(사진 첨부). ESC. 사유: 신제품 (Issue)

2. 내부적으로 나아름이 환불 대신 워런티 미적용 대체품으로 결정 변경했으나, 고객이 최근 구매·명백한 결함·워런티 없는 대체품이 부당하다며 강하게 반발, Amazon 신고까지 예고. 이후 TCK도 최신 노트에서 환불로 재전환할 것을 권고함

3. 유사 전례: #1000090018 — iPhone 16 Pro Max EZ Fit 표면 스크래치 건, 100% 환불로 처리됨

4. 충성 고객 (최근 2년 총 주문 5건 중 환불 1건 ≤ 1/3(1.67건))","[TCK 예상 답변] 제품을 한 번 더 시도해 보시길 바라는 마음으로 고객 편의를 고려하여 대체품 제안 드렸음 + 환불 및 안내
[GCX AI 예상답변] 동일 (구매 6일 이내 신품 결함이 명확하고 고객이 처음부터 환불을 요청했던 건으로, 워런티 미적용 대체품 제안에 대한 고객의 반발이 합리적이며 Amazon 신고까지 예고된 상황 + 유사 전례 #1000090018도 환불로 처리됨 + 충성고객(주문 5건/환불 1건) 고려 시 애초 TCK 제안대로 100% 환불로 전환하는 것이 타당. 오늘 오전 내부 결정(나아름: 대체품 제공)이 고객 반발을 초래했으므로 팀 재확인 필요)",나아름 Jane 글로벌CX전략팀,"대체품 제안하였으나, 고객 반발하여 환불 대응으로 전달 완료"
GCX Agent 글로벌CX전략팀,https://spigenhelp.zendesk.com/agent/tickets/1000162253,"링크: https://spigenhelp.zendesk.com/agent/tickets/1000162253
국가 / 제품: ES / iPhone 17 Pro Nano Pop MagFit
ASIN=B0FD21NLNL / SKU=ACS09968
구매일자: 2026-09-11","1차: Nano Pop MagFit 케이스 안쪽 MagSafe 부위에 돌출/변형 발견, 제조 과정 중 이물질이 끼인 것으로 보이며 핏·기능에 영향, 워런티 교체 요청(사진 첨부) → TCK가 인보이스/주문내역 + 포장 바코드 사진 요청

2차: 요청 자료 제출(주문 스크린샷 + 바코드 사진) → TCK가 17자리 Order ID 재확인 요청(스크린샷에 미표시)

3차: Order ID(402-6353578-3849903) 및 스크린샷 재제출 → TCK가 사용 환경·경위 문의

4차(현재): 정상 개봉 시부터 존재한 결함이며 낙하·변형·손상 없었다고 소명. 함께 구매한 화면보호필름(EZ FIT)의 기포 이슈는 본인이 직접(약 3회 시도, 세척) 해결했다고 정정 — 사진 제공 불가

MagSafe 부위 돌출/변형 확인, 유사 전례 다수 확인되어 100% 환불 권고 #MagSafe돌출 #자석단차의심 #100퍼센트환불","+ 구매 0개월(7일) 경과
+ (최근 2년) 총 주문 3개 / FBA 환불 0건 / 셀러 환불 0건 / MCF 발송 0건

1. 케이스 내부 MagSafe 부위에 돌출/변형 발생(사진 4장 첨부), 낙하 등 외부충격 주장 없이 개봉 시부터 존재한 결함이라고 소명. ESC. 사유: 기타 사항

2. 내부 기준(GCX_CS PROCEDURE) 검토: Nano Pop MagFit은 얇은 두께 설계 특성상 MagSafe 자석 단차가 빛의 각도에 따라 돌출되어 보일 수 있음 → 환불 대응 원칙

3. 유사 전례: #1000028814(100% 환불), #1000101943(예외적 환불), #1000079573(단차 설명 후 환불), #1000150545(MCF 발송) — 동일 유형 자석 돌출 이슈 다수 확인, 대부분 환불로 처리됨

4. 충성 고객 (최근 2년 총 주문 3건 중 환불 0건 ≤ 1/3(1건))","[TCK 예상 답변] 1. Nano Pop MagFit의 경우, 제품의 두께를 최대한 얇게 만들고 MagSafe와 호환이 가능하게끔 제작하다 보니, 단차로 인한 자석이 빛의 각도에 따라 보일 수도 있음 + 환불 100%
2. EZ FIT의 경우, 사진 없이 도움 불가한 점 양해 부탁
[GCX AI 예상답변] 동일 (동일 유형 MagSafe 자석 단차/돌출 이슈가 여러 유사 전례(#1000028814, #1000101943, #1000079573, #1000150545)에서 이미 환불 또는 MCF로 처리된 전례가 확인되고, 사진상 개봉 시부터 존재한 결함으로 확인되며 충성고객(주문 3건/환불 0건)인 점을 고려 시 케이스는 100% 환불이 타당. 화면보호필름(EZ FIT)은 고객이 이미 자체 해결했고 사진 제공이 불가하다고 밝혔으므로 추가 대응 없이 도움 불가 안내가 타당)",양숙랑 Grace 글로벌CX전략팀 / 김지우 Kevin 글로벌CX전략팀,"@ 김지우 Kevin 글로벌CX전략팀 프로님 제가 답변할께요.
넵 리더님, 냅두겠습니다!
케이스는 환불 해 드리고 글라스는 개인의 설치 방법 및 환경에 따라 부착 영향을 받을수 있으므로 도움 불가로 하겠습니다."
GCX Agent 글로벌CX전략팀,https://spigenhelp.zendesk.com/agent/tickets/1000162009,"링크: https://spigenhelp.zendesk.com/agent/tickets/1000162009
국가 / 제품: IN / iPhone 17 Thin Fit MagFit
ASIN=B0FD21NNG7 / SKU=ACS09971INP
구매일자: 2025-10-20","1차(이전 티켓 #1000151678): iPhone 17용 Thin Fit MagFit 케이스가 사용 6개월 만에 분리되고 접착제가 배어 나옴(사진 첨부) → TCK가 영상·파손 경위 요청

2차: 링크로 영상 재인입, 학생으로 일반 사용환경만 주장, 이전 iPhone 15에도 동일 케이스로 1년 반 사용 후 유사 문제 발생했다고 주장 → TCK가 링크가 아닌 첨부파일 요청

3차: 영상 첨부 시도 실패(드라이브 링크 문제), 추가 사진만 전달 → TCK가 폐기사진 1차 요청(이후 환불 예정)

4차: 환불 대신 새 케이스로 교환 요청으로 요구 변경

5차(현재, 후속 티켓): 해외여행 복귀 후 폐기 사진 첨부 → TCK가 스피겐 로고 포함 폐기 영상 추가 요청 → 고객은 이미 폐기해 케이스가 없다며 영상 제공을 거부하고 이전 사진과 동일 제품이니 비교하라고만 회신

폐기 사진 디지털 편집 감지 의심 + 영상 제출 거부로 도움 불가 및 관리대상 지정 권고 #사진도용편집의심 #영상제출거부 #관리대상지정","+ 구매 11개월(약 334일) 경과
+ (최근 2년) 총 주문 5개 / FBA 환불 2건 / 셀러 환불 0건 / MCF 발송 0건

1. 폐기 사진 제출 후 TCK가 로고 포함 폐기 영상을 추가 요청했으나, 고객은 이미 폐기했다며 영상 제공을 거부하고 이전 사진과의 동일성만 주장(사진 첨부). ESC. 사유: 사진 도용/편집. IN 고객 특성상 블랙컨슈머 가능성도 배제 불가

2. 내부 기준(GCX_CS PROCEDURE) 검토: 폐기 확인 절차(사진→영상 추가요청)에 협조하지 않고 회피하는 경우 도움 불가 + 관리대상 지정 원칙

3. 동일고객 클레임 이력: 본인이 제기한 이전 티켓 #1000151678 — 동일 제품 분리/이탈 클레임으로 환불 절차(폐기사진→환불) 진행 중이었으나 4차에서 환불 대신 교환으로 요구 변경, 이후 폐기 확인 단계에서 영상 제출을 거부함","[TCK 예상 답변] 첨부한 사진에서 디지털 편집이 감지되어 도움 불가 + 관리 대상 지정
[GCX AI 예상답변] 동일 (폐기 확인 절차에서 사진만 제출하고 로고 포함 영상은 이미 폐기했다는 이유로 거부, 여러 차례에 걸쳐 환불→교환으로 요구를 바꾼 이력 + 사진 도용/편집 태그 + IN 고객 특성상 abuse 가능성을 고려 시 도움 불가 + 관리대상 지정이 타당)",나아름 Jane 글로벌CX전략팀,처리 요청 사항 첨부해주신 사진 확인 시 디지털 편집으로 감지되어 도움 불가 편집된 사진으로 도움드릴 수 없는 점 안내 *Abusing 고객 관리 리스트 추가 완료
GCX Agent 글로벌CX전략팀,https://spigenhelp.zendesk.com/agent/tickets/1000162450,"링크: https://spigenhelp.zendesk.com/agent/tickets/1000162450
국가 / 제품: UK / Spigen Starlink Mini Mount (STL100)
ASIN=B0FDPCYLS4 / SKU=ACP09333
구매일자: 2026-02-26","1차(이전 티켓 #1000160868): STL100 젤 흡착판이 녹아 더 이상 채광창에 붙지 않음, 교체용 흡착판 요청 → TCK가 구성품 별도 배송 불가 안내 + 제품 사진·파손 경위 요청

2차(현재, 후속 티켓): 모터홈 채광창에 부착해 4월부터 사용해왔으며 상시 에어컨 가동으로 고온 노출은 없었다고 주장, 흡착판 변색·용해 사진 6장 첨부

젤 흡착판 변색·용해로 부착력 상실 확인, 재고 확보돼 있어 MCF 발송 예정 #공지된이슈 #흡착판변색 #MCF발송","+ 구매 6개월(약 204일) 경과
+ (최근 2년) 총 주문 3개 / FBA 환불 0건 / 셀러 환불 0건 / MCF 발송 0건

1. 젤 흡착판이 변색·용해되어 부착력을 상실(사진 6장 첨부). 상시 에어컨 차량에서 사용해 고온 노출은 없었다고 주장. ESC. 사유: 공지된 이슈 — 동일 모델(STL100)의 알려진 흡착판 열화 이슈로 확인됨

2. 내부 기준(GCX_CS PROCEDURE) 검토: 공지된 이슈로 확인되고 재고 확보된 경우 MCF 발송 원칙

3. 동일고객 클레임 이력: 본인이 제기한 이전 티켓 #1000160868 — 동일 제품·동일 결함(흡착판 용해)으로 교체용 흡착판을 요청했으나, 개별 부품 배송이 불가해 사진·경위 확인 요청 후 본 건으로 후속 접수됨

4. 충성 고객 (최근 2년 총 주문 3건 중 환불 0건 ≤ 1/3(1건))","[TCK 예상 답변] 1. 제품 사용 중 불편을 겪으신 점 유감
2. 제조상 결함은 확인할 수 없었으나, 고객님의 불편을 고려하여 MCF 발송 예정
3. 동의 시, 개인정보 회신 부탁
[GCX AI 예상답변] 동일 (동일 고객의 이전 티켓 #1000160868에서 이미 동일 결함(흡착판 용해)으로 문의했고 TCK가 사진·경위 확인을 요청했던 건으로, 이번에 사진 첨부 및 정상 사용환경(상시 에어컨, 고온 노출 없음) 소명이 확인됨 + '공지된 이슈'로 태깅된 알려진 흡착판 열화 사례 + MCF 재고 78개 확보 + 충성고객(주문 3건/환불 0건) 고려 시 MCF 발송이 타당)",김지우 Kevin 글로벌CX전략팀,@ Ticket Reporter 1. 예상 답변 진행(공지된 이슈 + 충성고객 + 정상환경 사용 주장으로 MCF타당)
GCX Agent 글로벌CX전략팀,https://spigenhelp.zendesk.com/agent/tickets/1000160862,"링크: https://spigenhelp.zendesk.com/agent/tickets/1000160862
국가 / 제품: ES / Galaxy Tab S9 (2023) Tough Armor Pro
ASIN=B0C4G5SCV8 / SKU=amzn.gr.ACS06837PAN-pcSf8waU5Ve4_7Z9b-LN
구매일자: 2025-08-05","1차: Galaxy Tab S9용 Tough Armor Pro 케이스 킥스탠드 메커니즘이 몇 주에 걸쳐 파손되다 완전히 분리되어 거치 불가, 나머지 부분은 정상(사진 첨부) → 사용 중 생긴 결함 1차 안내 (환불 X)

2차: 구매 1년 경과 시점 정상 사용 중 마모 발생은 최소 3년 워런티 요건 미충족이며 제조 결함 가능성 제기, 2026년 7월 시행 EU 'Right to Repair' 법 근거로 대체부품 제공 요구 → 사용 중 생긴 결함 2차 안내 (환불 X)

3차: 유럽소비자센터 자료 인용(2년 이내 하자는 초기 결함 추정), 최대 10년 수리부품 제공 권리 주장, 환불·교환이 아닌 수리 부품만 요청, 스페인 소비자원 신고 예고하며 거절 사유 서면 요청 → 사용 중 생긴 결함 3차 안내 (환불 X)

4차(현재): 새로운 정보·사진 없이 답변을 재촉하는 메시지만 재인입

Legal Action 언급 강성고객, 이미 3차 안내 완료 후 4차 재인입으로 NRN 처리 권고 #LegalAction강성고객 #3차안내완료 #NRN","+ 구매 1년 1개월(약 409일) 경과
+ (최근 2년) 총 주문 4개 / FBA 환불 2건 / 셀러 환불 0건 / MCF 발송 0건 (FBA Grade & Resell 주문건, 현재 MCF 재고 0개)

1. 킥스탠드 메커니즘 파손(사진 첨부), 낙하 등 특정 외부충격 주장 없이 정상 사용 중 마모라고 주장. ESC. 사유: Legal Action 언급

2. EU 소비자법(2년 하자 추정), Right to Repair(10년 수리부품 제공 권리), 스페인 소비자원 신고 예고 등 법령을 다수 인용 — 강성고객으로 분류하며 실제 법적 리스크로는 판단하지 않음

3. 동일고객 클레임 이력: 본 티켓 내에서 1차~3차 안내가 이미 완료됨(사용 중 생긴 결함, 환불 없음). 오늘 오전 내부적으로 김지우(9:15am, 추가 사진 요청 후 환불 검토 제안)와 양숙랑(9:35am, 3차 안내 유지 지시) 간 상반된 지시가 있었으나, 이후 TCK가 4차 요약에서 최종적으로 NRN 처리를 제시함. FBA 환불 2/4=50% 비율로 abuse 경계 구간도 확인됨","[TCK 예상 답변] NRN 처리
[GCX AI 예상답변] 동일 (사용 중 생긴 결함 안내가 이미 3차까지 완료되었고 4차 재인입은 새로운 정보·사진 없이 동일 주장 반복 + Legal Action 언급은 강성고객 신호일 뿐 실제 법적 리스크 아님 + 구매 1년 이상 경과 및 FBA 환불율 50%로 abuse 경계 구간인 점을 고려 시 추가 대응 없이 NRN 처리가 타당. 단, 오늘 오전 내부 지시가 상반되었던 건이므로(김지우: 추가사진 후 환불 / 양숙랑: 3차안내 유지) 최종 확정 전 팀 컨펌 필요)",나아름 Jane 글로벌CX전략팀,"처리 요청 사항 동일 안내드리는 점 양해 부탁 고객 구매한 제품 FBA Grade & Resell으로 확인하였으며, 사진 확인 시 사용기간동안 발생된 일반적인 마모,파손으로 보여짐 제품 특성상 별도의 외부 충격이나 사용 과정 없이 보관만 하는 상태에서 자연스럽게 파손이나 마모가 발생하기는 어려움 제조상 결함이 아니므로 워런티 제공 대상 아님 재안내 + 도움불가 4차 안내 *스페인 소비자원 신고 언급 / 일반 마모'로 판단한 구체적 근거를 서면 요청 *재인입 시, NRN 고려 (사용기간 1년 경과 확인)"
GCX Agent 글로벌CX전략팀,https://spigenhelp.zendesk.com/agent/tickets/1000162236,"링크: https://spigenhelp.zendesk.com/agent/tickets/1000162236
국가 / 제품: UK / Galaxy Z Fold 8 Air Fit Pro MagFit Case
ASIN=B0GMTH1HRZ / SKU=ACS11559UKO
구매일자: 2026-08-22","1차: Galaxy Z Fold 8용 Air Fit Pro MagFit 케이스가 일상 사용 2주 만에 균열 발생, 품질 불만 제기 → TCK가 사진(또는 영상)·파손 경위 요청

2차(현재): 정상적인 일상 사용 중 케이스 모서리 부분 균열 발생, 사진 4장 첨부 — 특정 외부충격 언급 없음

Galaxy Z Fold 8 케이스 프레임 얇음으로 외부충격에 취약한 신제품 이슈로 확인, 예외적 MCF 대체품 발송 예정 #신제품이슈 #프레임파손 #예외적MCF발송","+ 구매 0개월(27일) 경과
+ (최근 2년) 총 주문 1개 / FBA 환불 0건 / 셀러 환불 0건 / MCF 발송 0건

1. 정상 사용 중 케이스 모서리 균열 발생(사진 첨부로 확인), 낙하 등 특정 외부충격 주장은 없음. ESC. 사유: 신제품(Issue)

2. 내부 기준(GCX_CS PROCEDURE) 검토: Galaxy Z Fold 8 케이스는 프레임이 얇아 외부충격에 취약한 것으로 이미 확인된 신제품 초기 이슈 — 예외적 대체품(MCF) 발송 원칙

3. 동일고객 클레임 이력 없음. 유사 전례: 동일 제품(Galaxy Z Fold 8 Air Fit Pro MagFit) #1000161624 — 1개월 이내 모서리 파손, 특별한 외부충격 없음 주장 → 프레임 얇음에 의한 취약성으로 판단해 예외적으로 대체품(MCF) 발송 처리","[TCK 예상 답변] Galaxy Z Fold 8의 케이스는 프레임이 얇아 외부 충격에 의해 파손이 될 가능성이 있음
예외적으로 대체품 발송 위한 고객 정보 회신 요청 (MCF)
앞으로도 슈피겐 제품 많은 이용 바람
[GCX AI 예상답변] 동일 (동일 제품·동일 유형 참고 티켓 #1000161624에서 이미 프레임 얇음으로 인한 외부충격 취약성으로 판단해 예외적 MCF 발송 전례 확립 + MCF 재고 336개 확보 + 신제품 초기 이슈 성격 고려 시 동일하게 예외적 MCF 발송이 타당)",김지우 Kevin 글로벌CX전략팀,@ Ticket Reporter 1. 예상답변 진행 (최초 클레임 고객인점 + 외부충격이 없다고 주장한점 + 사진상 외부 충격으로 사료되는 스크레치 없이 프레임만 파손된 점 확인가능한점 고려 MCF타당)
GCX Agent 글로벌CX전략팀,https://spigenhelp.zendesk.com/agent/tickets/1000162203,"링크: https://spigenhelp.zendesk.com/agent/tickets/1000162203
국가 / 제품: DE / Google Pixel 11 Tough Armor(AI) MagFit
ASIN=B0GJ7RLQ1Z / SKU=ACS11443PAN
구매일자: 2026-08-18","1차: Pixel 11용 Tough Armor(AI) MagFit 케이스 착용 중 측면 부품 일부가 파손·이탈되어 커버가 들뜨는 현상 발생, 교환 문의 → TCK가 사진(또는 영상)·사용 환경/파손 경위 요청

2차(현재): 사진 3장 첨부(영상은 용량 문제로 미첨부), 통화하려 주머니에서 꺼냈을 때 발견했다고 답변 — 특정 외부 충격 언급 없음

케이스 측면 부품 파손·이탈 확인, 재고 확보되어 MCF 발송 진행 예정 #신제품이슈 #외관파손 #MCF발송","+ 구매 1개월(31일) 경과
+ (최근 2년) 총 주문 3개 / FBA 환불 0건 / 셀러 환불 0건 / MCF 발송 0건

1. 케이스 측면 부품이 파손·이탈되어 커버가 들뜨는 현상(사진 첨부로 확인). 낙하 등 특정 외부충격 주장은 없음. ESC. 사유: 신제품(Issue)

2. 내부 기준(GCX_CS PROCEDURE) 검토: 신제품 초기 이슈로 확인되고 재고 확보된 경우 MCF 발송 우선 원칙

3. 유사 전례 없음 (신제품 초기 물량 이슈로 확인된 사례 미확인)

4. 충성 고객 (최근 2년 총 주문 3건 중 환불 0건 ≤ 1/3(1건))","[TCK 예상 답변] 불편을 고려하여 MCF 발송
[GCX AI 예상답변] 동일 (사진상 케이스 측면 파손·이탈 확인되며 특정 외부충격 주장 없어 제조상 결함 확인 불가하나 신제품 초기 이슈 가능성 + 재고 330개 확보 + 충성고객(주문 3건/환불 0건) 고려 시 MCF 발송이 타당)",김지우 Kevin 글로벌CX전략팀,"@ Ticket Reporter 1. 예상 답변 진행(해당 케이스 분리되는 케이스가 맞으나, 사진상 케이스 측면이 파손·이탈됨 확인  + MCF 재고 330개 + 충성고객(주문 3건/환불 0건) 고려 시 MCF 발송이 타당)
@ 박기세 사업지원실 실장님, 한 행에 3개씩 썸네일로 보여지게 설정했으며 최대 갯수는 따로 설정하지 않았습니다. 아래 링크들 클릭시 원본으로 볼 수 있게 설정했습니다!"
GCX Agent 글로벌CX전략팀,https://spigenhelp.zendesk.com/agent/tickets/1000162341,"링크: https://spigenhelp.zendesk.com/agent/tickets/1000162341
국가 / 제품: IN / Galaxy S24 Ultra Hybrid OneTap Metal Ring MagFit
ASIN=확인 불가 / SKU=확인 불가
구매일자: 확인 불가 (인보이스상 2026-05-30 주장 — 편집 의심으로 신뢰 불가)","1차(현재): UH OneTap Metal Ring MagFit 케이스 안쪽 황변 발생 + 무선 충전 시 휴대폰 발열로 충전 중단 주장(사진·인보이스 첨부) → 확인 결과 주장 Order ID(408-9003937-3269939) 아마존 시스템 조회 불가 + 인보이스 문서 속성상 생성일자가 2024-05-30으로 확인되어 디지털 편집 의심

인보이스 조작 의심 + 주문 확인 불가로 도움 불가 및 관리대상 지정 예정 #인보이스조작의심 #주문확인불가 #관리대상지정","+ 구매일자 확인 불가 (인보이스 조작 의심)
+ (최근 2년) 주문 이력 확인 불가 (Order ID 아마존 조회 불가)

1. 황변·발열 주장(사진 첨부)이나, 제출된 인보이스는 문서 속성상 생성일자 2024-05-30로 확인되어 디지털 편집 정황 명확. IN 고객 특성상 블랙컨슈머 가능성도 배제 불가

2. 내부 기준(GCX_CS PROCEDURE): 주문 확인 불가·인보이스 조작 의심 건은 도움 불가 + 관리대상 지정 원칙

3. 유사 전례: 동일 유형(황변+발열 주장, Order ID 미확인) #1000132364(2025-12-27 인입) — Order ID 요청했으나 미회신으로 Closed. 인보이스 조작 패턴 참고 티켓: #1000110488, #1000049946, #1000079934, #1000083041, #1000110810","[TCK 예상 답변] 해당 Order ID 조회 불가 + 아마존 시스템에서 확인 가능한 제품에 대해서만 도움 가능함 + 아마존으로 연락 요청 + 관리대상 지정
[GCX AI 예상답변] 동일 (인보이스 문서 속성상 생성일자가 2024-05-30로 확인되어 편집 정황 명확 + 주장 Order ID 아마존 시스템 조회 불가 + 동일 유형 이전 티켓 #1000132364도 Order ID 미확인으로 Closed된 전례 → 검증 불가 건은 도움 불가 + 관리대상 지정이 타당)",김지우 Kevin 글로벌CX전략팀,"@ Ticket Reporter 1. 예상 답변 진행(pdf편집 정황 확인 + 도용리스트 추가 완료)
@ 박기세 사업지원실 네 실장님, 티켓 내 이미지나 영상, pdf등을 AGENT가 리포트와 함께 올리도록 했습니다!
@ 박기세 사업지원실 알겠습니다 실장님, 친절하게 잘 단련시키겠습니다!"
GCX Agent 글로벌CX전략팀,https://spigenhelp.zendesk.com/agent/tickets/1000162196,"링크: https://spigenhelp.zendesk.com/agent/tickets/1000162196
국가 / 제품: BE / Apple Watch Series 11 (46mm)용 WBS2 Bracelet
ASIN=B0FM28CKS2 / SKU=AMP10508PAN
구매일자: 2026-09-15","1차: WBS2 스트랩 장착 시 버클 연결 부위가 워치 본체에 제대로 슬라이드되지 않고, 고정 부위에 정체불명의 추가 레이어가 덧대어져 있었음. 몇 차례 시도 후 그 레이어가 떨어져 나가며 스트랩은 장착되었으나 고정되지 않고 쉽게 빠짐(사진·영상 첨부) → TCK가 포장 뒷면 바코드 사진 요청

2차(현재): 포장 바코드 사진(LOT#) 첨부 완료

버클 고정 불량으로 스트랩 이탈 우려 확인, 100% 환불 진행 예정 #버클고정불량 #ODM불량 #환불100%","+ 구매 0개월(3일) 경과
+ (최근 2년) 총 주문 5개 / FBA 환불 1건 / 셀러 환불 0건 / MCF 발송 0건

1. 버클 연결부가 워치 본체에 정상 슬라이드되지 않고, 고정 부위 추가 레이어 이탈로 스트랩이 고정되지 않고 쉽게 빠짐(사진·영상 첨부로 확인). ESC. 사유: ODM 불량

2. BE(벨기에) 구매건으로 MCF 발송 불가 지역 — 대안은 환불뿐

3. 타고객 유사 전례 없음 (동일 유형 버클 조립 불량 사례 미확인)

4. 충성 고객 (최근 2년 총 주문 5건 중 환불 1건 ≤ 1/3(1.67건))","[TCK 예상 답변] 환불 100%
[GCX AI 예상답변] 동일 (사진·영상으로 버클 고정 불량 확인되나 제조상 결함 여부는 확정 불가 + 구매 3일 이내 최근 건으로 CS 대응 기간 내 + BE 구매건은 MCF 발송 불가 지역 + 충성고객(주문 5건/환불 1건) 고려 시 100% 환불이 타당)",김지우 Kevin 글로벌CX전략팀,@ Ticket Reporter 1. 예상 답변 진행(제조상 결함은 발견하지 못했으나 예외적 환불 진행인점 명시)(영상상 버클 고정 안되는점 확인 완료)
GCX Agent 글로벌CX전략팀,https://spigenhelp.zendesk.com/agent/tickets/1000162145,"링크: https://spigenhelp.zendesk.com/agent/tickets/1000162145
국가 / 제품: IN / iPhone 16 Pro UH T MagFit 케이스
ASIN=B0D7B4BYTY / SKU=ACS08512
구매일자: 2025-06-12","1차: 2025년 6월 구매 케이스가 황변되어 보증 문의 → Order ID 요청

2차: 인보이스 첨부 재인입 — 확인 결과 이전 티켓에서 관리 대상 고객으로 등록된 Order ID와 동일함 → 황변 1년 경과(도움 불가) + 이전 문의에서 디지털 편집으로 도움 불가 안내된 이력 확인됨

3차: 케이스 폐기 후 폐기 사진을 보내겠다며 해결책 요청 → 사용 중 생긴 결함 2차 안내 (환불 X)

4차: 사진을 폐기할 수 있고 실제 증거를 제출할 수 있다며 재요청 → 사용 중 생긴 결함 3차 안내 (환불 X)

5차(현재): ""지난번에는 왜 환불해줬는데 지금은 안 해주냐""며 반박

동일 고객·동일 모델 디지털 편집 사진 조작 이력 + 관리 대상 고객 재등장 → 도움 불가 4차 안내 (재인입 시 NRN) #관리대상고객 #디지털편집 #황변","+ 구매 1년 3개월(약 463일) 경과
+ (최근 2년) 총 주문 3개 / FBA 환불 0건 / 셀러 환불 0건 / MCF 발송 0건

1. 동일 Order ID로 이전 티켓에서 이미 관리 대상 고객으로 등록됨 — 폐기 사진 AI 의심되어 폐기 동영상을 3차까지 요청했으나 미제공, 기존 폐기 사진에서 디지털 편집 감지되어 도움 불가 처리된 이력

2. GCX_사진 도용 및 편집 Abusing 고객 관리 리스트상 이미 등재된 관리 대상 건으로, ESC. 사유 ""사진 도용/편집"" 태그와 일치

3. 동일고객 클레임 이력: #1000141457, #1000143085 (동일 iPhone 16 Pro UH T MagFit 케이스 황변 건, 디지털 편집 감지로 도움 불가 + 관리 대상 등록)

4. 충성 고객 아님 (관리 대상으로 등록된 abuse 이력 있는 고객 — 총 주문 수만으로 판단할 사안 아님)","[TCK 예상 답변] NRN 처리
[GCX AI 예상답변] 동일 (동일 Order ID·동일 제품으로 이미 디지털 편집 사진 조작이 확인되어 관리 대상 등록된 이력이 있고, 이번 재인입에서도 새로운 증빙 없이 과거 처리에 대한 불만만 제기하고 있어 추가 대응의 실익이 없음 — 도움 불가 4차 안내로 마무리하고 내부적으로 NRN 처리함이 타당)",김지우 Kevin 글로벌CX전략팀,@ Ticket Reporter 1. NRN(AI 편집 의심 이력 + 사용 기간 감안 NRN타당)
GCX Agent 글로벌CX전략팀,https://spigenhelp.zendesk.com/agent/tickets/1000160354,"링크: https://spigenhelp.zendesk.com/agent/tickets/1000160354
국가 / 제품: UK / Google Pixel 11 Pro EZ Fit Pro (Steinheil) 강화유리
ASIN=B0H1XYN7CM / SKU=AGL11480
구매일자: 2026-09-01","1차: 강화유리 부착 자체는 잘 됐으나(QR코드 안내 따라 부착), 45분간 시도해도 엄지손가락 지문 하나만 겨우 등록됨. 잠금해제는 가능하나 첫 시도 인식된 적 없음. 지문인식 이슈로 필름과 호환 안되는 것 같다며 문의 → 기존 지문 삭제 후 재등록 권장 + Screen protector mode 설정 안내 + 문제 지속 시 영상 요청

2차(현재, 3개 메시지): (1) 안내 방법 재확인 요청, 'Screen protector mode' 안내가 구버전 Android용이라며 최신 안내 요청 (2) 직접 해결법을 찾음 — 필름 제거 후 지문 등록(5분 소요) → 필름 재부착 → 현재 첫 시도 90% 인식, 두 번째 시도는 항상 성공. 필름이 너무 두꺼운 것 같다고 추측, 제품은 마음에 들지만 향후 재구매는 주저될 것 같다며 센서 자체 결함 가능성 문의 (3) Google 지원팀 문의 전에 회신을 기다리겠다며, Spigen 이름이 Google UI에 노출되므로 Google 측도 이슈를 인지하는 것이 중요하다고 언급

지문인식 호환성 이슈, 2주 이상 대기 + Google 에스컬레이션 예고 → 사진 확인 후 50% 환불 안내 검토 #지문인식 #호환성이슈 #Google에스컬레이션예고","+ 구매 17일 경과
+ (최근 2년) 총 주문 1개 / FBA 환불 0건 / 셀러 환불 0건 / MCF 발송 0건

1. 필름 부착 상태에서 지문 등록이 사실상 불가능했으나, 필름을 뗀 상태로 지문을 등록한 뒤 재부착하는 방식으로 고객이 스스로 우회 방법을 찾아 현재는 사용 가능한 상태 (다만 인식률 저하 지속)

2. 2026-09-04 김지우 프로가 제품담당자에게 이미 내부 이관 완료 — 제품페이지 내 구버전 Android 기준 'Screen protector mode' 안내 업데이트 요청 + 센서 자체 이슈 가능성 문의. 본 리포트는 고객 대면 CS 회신용이며 제품팀 회신과는 별개로 진행

3. 유사 전례: 파일 접근 제한으로 확인 불가

4. 충성 고객 아님 (최근 2년 이 주문 1건 외 확인된 구매 이력 없음)","[TCK 예상 답변] 사진 및 바코드 요청 후 50% 환불 안내 + 센서 자체 문제 가능성 문의에는 다양한 이유로 지문인식 이슈가 발생할 수 있고 제공된 정보만으로는 원인 파악이 어려운 점 양해 요청
[GCX AI 예상답변] 동일 (제품팀 확인 회신이 아직 없는 상태에서 고객이 2주 이상 대기 중이며 Google 에스컬레이션까지 예고한 만큼, 사진·바코드 확인 후 50% 환불로 신속 종결하고 센서 이슈는 원인 특정이 어렵다는 점을 정중히 안내하는 것이 타당 — 총 주문 1건으로 abuse 신호 없음)
, 4 replies, Last Reply: Sep 18, 9:22 AM
1
Add reaction
,
Sep 18, 9:16 AM
,
4 replies
, Last Reply
Sep 18, 9:22 AM",김지우 Kevin 글로벌CX전략팀,"@ Ticket Reporter 1. 피드백에 대한 감사 인사 + 관련 부서 전달 및 향후 안내 개선을 위한 검토 예정임을 안내(이미 영업팀 및 PM팀에 해당 사항 공유됐으며, 결함 없는 것으로 판정)"
GCX Agent 글로벌CX전략팀,https://spigenhelp.zendesk.com/agent/tickets/1000160862,"링크: https://spigenhelp.zendesk.com/agent/tickets/1000160862
국가 / 제품: ES / Galaxy Tab S9 TA Pro 케이스
ASIN=B0C4G5SCV8 / SKU=ACS06837
구매일자: 2025-08-05","1차: 킥스탠드이슈 — 케이스 킥스탠드가 파손·분리되어 더 이상 거치 불가. 다른 부분은 정상 (사진 첨부) → 사용 중 발생한 결함으로 판단, 도움 불가 1차 안내 (환불 미제공)

2차: 구매 1년 시점에 정상 사용 중 마모로 파손됐다면 최소 3년 워런티 요건 미충족이며 제조 결함 가능성이 있다고 주장. EU 'Right to Repair' 법(2026년 7월 시행)에 따라 대체 부품 또는 대체품 제공 의무가 있다고 주장 → 도움 불가 2차 안내

3차(현재): 스페인 소비자법상 배송 후 2년 이내 하자는 처음부터 결함이 있었던 것으로 간주되며, 구매자는 최대 10년간 수리 부품을 제공받을 권리가 있다고 주장. 환불·교환이 아닌 수리용 부품(킥스탠드 자재)만 요청. 3년 보증 제품이 1년 만에 거절된 근거를 서면으로 요구하며, 거절 시 스페인 소비자원에 '하자 불일치'로 신고하겠다고 예고

Legal Action 언급(EU Right to Repair·스페인 소비자보호법 인용) + 재고 없어 부품 제공 불가 → 예외적 환불 검토 #킥스탠드파손 #LegalAction언급 #재고없음","+ 구매 1년 1개월(약 409일) 경과
+ (최근 2년) 총 주문 4개 / FBA 환불 2건(환불율 50%) / 셀러 환불 0건 / MCF 발송 0건
+ 본 주문은 FBA Grade & Resell(리퍼브/등급판매) 건이며 현재 MCF 재고 0개

1. 킥스탠드 파손 주장 + EU Right to Repair 법령·스페인 소비자법을 근거로 수리 부품 제공을 요구, 거절 시 소비자원 신고를 예고하는 등 법적 대응 리스크가 실질적으로 존재

2. 환불이 아닌 부품(자재) 제공만 요청하는 비교적 합리적인 요구이나, 현재 해당 부품/MCF 재고가 0개로 물리적으로 제공이 불가능한 상태

3. 유사 전례: 파일 접근 제한으로 확인 불가

4. 충성 고객 아님 (최근 2년 환불율 50%로 abuse 경계 수준, 다만 이번 요청 자체는 환불이 아닌 부품 요청)","[TCK 예상 답변] 사용 중 생긴 결함 3차 안내(환불 미제공) 또는 로고 포함 전체 모습 추가 사진 요청 후 → 제조상 결함 아니나 고객 불편 고려하여 예외적 환불 도움
[GCX AI 예상답변] 동일 (요청한 수리 부품 자체가 재고 0개로 제공 불가능한 상황에서 3차 도움 불가만 반복하면 EU Right to Repair·스페인 소비자법을 근거로 한 정식 신고로 이어질 실질적 리스크가 있음 + 환불율 50%로 abuse 경계 수준이나 이번 요청은 환불이 아닌 부품 요청이었다는 점에서 비교적 합리적 → 전체 모습·로고 사진 추가 확인 후 예외적 환불로 신속 종결하는 것이 법적 리스크 관리 측면에서 타당)",김지우 Kevin 글로벌CX전략팀 / 양숙랑 Grace 글로벌CX전략팀,"@ Ticket Reporter 1. 예상 답변 진행(외부 충격 혹은 사용 환경에 인한 것으로 확인되나, 강성고객으로 추가 제품 이미지 요청 후 환불처리 타당)
@ Ticket Reporter 사용중 생긴 결함 3차 안내(환불x) 로 안내 부탁 드립니다."
GCX Agent 글로벌CX전략팀,https://spigenhelp.zendesk.com/agent/tickets/1000162071,"링크: https://spigenhelp.zendesk.com/agent/tickets/1000162071
국가 / 제품: UK / Galaxy Z Fold 8 Ultra Air Skin MagFit 케이스
ASIN=B0GKQW2JML / SKU=ACS11494UKO
구매일자: 2026-08-07","1차: 구매한 지 얼마 되지 않아 케이스 모서리 부분이 파손됨. 제품 회수 후 교환품 제공 가능 여부 문의 (사진 첨부) → 제품 상태 및 바코드 사진 요청

2차: 사진 첨부하여 재인입, 패키지는 보유하고 있지 않음. 케이스 뒷부분은 상태가 괜찮아 앞부분만 교체 가능한지 문의 → 사용 환경 및 파손 경위 문의

3차(현재): 휴대폰을 떨어뜨린 적 없고 저녁에는 주로 태블릿 모드로 사용. 정확한 파손 원인은 모르겠으나 태블릿 모드로 펼칠 때 모서리의 취약한 부분이 견디지 못하고 깨진 것 같다고 추측. 접힘 반대쪽 얇은 스트립 부분도 헐거워지고 있었다며 파손에 영향을 줬을 가능성도 언급

모서리 파손, 명확한 외부충격 없음 → 예외적 MCF 제공 검토 #모서리파손 #외부충격불명확 #예외적MCF","+ 구매 1개월(42일) 경과
+ (최근 2년) 총 주문 1개 / FBA 환불 0건 / 셀러 환불 0건 / MCF 발송 0건

1. 낙하 등 명확한 외부충격은 없다고 진술하며, 태블릿 모드 전개 시 모서리 취약부에서 파손이 발생한 것으로 추정 — 접힘 반대쪽 스트립부 헐거움도 원인 가능성으로 언급

2. GCX_CS PROCEDURE상 폴더블 케이스의 힌지·모서리 취약부 파손은 명확한 외부충격 증거가 없는 경우 예외적 MCF/대체품 제공을 검토하는 사안

3. 유사 전례: 파일 접근 제한으로 확인 불가

4. 충성 고객 아님 (최근 2년 이 주문 1건 외 확인된 구매 이력 없음)","[TCK 예상 답변] 예외적 MCF 제공 + 고객 정보 회신 요청 (MCF)
[GCX AI 예상답변] 동일 (총 주문 1건·환불 이력 없어 abuse 신호 없음 + 고객 스스로 낙하 등 명확한 외부충격을 부인하고 폴더블 특유의 힌지·모서리 취약부에서 발생한 것으로 보이는 정황이 있어, 예외적 MCF 제공으로 신속 종결이 타당)",나아름 Jane 글로벌CX전략팀,"처리 요청 사항 고객 상황 유감 표현 사진 확인 시, 외부요인, 환경에 의해 파손된 것으로 보여지며, 이는 워런티 제공 대상 아님 단, 이번에만 고객 불편 고려하여 예외적 도움드리는 점 참고 대체품 제공 동의 시, 개인정보 회신 바람 + MCF 처리 *재고: 254개"
GCX Agent 글로벌CX전략팀,https://spigenhelp.zendesk.com/agent/tickets/1000162150,"링크: https://spigenhelp.zendesk.com/agent/tickets/1000162150
국가 / 제품: IT / iPhone 18 Pro Max·17 Pro Max EZ Fit Pro 강화유리 (2매입)
ASIN=B0FCFG5PN6 / SKU=AGL09995
구매일자: 2026-09-12","1차: 강화유리 2매 중 첫 번째 장은 접힘 현상으로 화면에 밀착되지 않았고, 두 번째 장은 제거되지 않는 버블이 다량 발생. 안내 영상을 보고 설치했음에도 명백한 제조상 하자로 보인다며 환불 요청 → 제품 상태 및 바코드 사진 요청

2차(현재): 제품 상태 및 바코드 사진 첨부하여 재인입

버블/접힘 이슈 + 충성 고객 + 동일 고객 예외 환불 이력 → 예외적 환불 도움 검토 #버블 #접힘 #충성고객","+ 구매 6일 경과
+ (최근 2년) 총 주문 5개 / FBA 환불 0건 / 셀러 환불 1건 / MCF 발송 0건

1. 강화유리 2매 중 1매는 접힘으로 밀착 불량, 1매는 버블 다량 발생 주장 — 안내 영상 시청 후 설치했다고 함, 제품 상태·바코드 사진 제출 완료

2. GCX_CS PROCEDURE상 스크린 프로텍터 접힘·버블은 설치 편차로도 발생 가능해 제조 결함으로 즉시 확정하기는 어려움

3. 동일고객 클레임 이력: #1000090018 (iPhone 16 Pro Max EZ Fit 표면스크래치 → 100% 환불) — 이전에도 예외적 환불로 종결된 이력 있음

4. 충성 고객 (최근 2년 총 주문 5개, 환불 1건)","[TCK 예상 답변] 제조상 결함 아니지만 예외적 환불 도움
[GCX AI 예상답변] 동일 (충성 고객이며 동일 고객의 과거 클레임 #1000090018에서도 예외적 환불로 종결한 전례가 있고, 접힘·버블은 설치 편차 가능성이 있어 결함으로 확정하기는 어려우나 고객 불편을 고려하면 예외적 환불이 타당)",나아름 Jane 글로벌CX전략팀,"처리 요청 사항 고객 사진 확인하였음 제조상 결함 여부 확인되지 않으나 고객 불편 고려하여 예외적 도움드리고 자 함 (고객 환불 언급하긴 하였으나) 대체품 제공 제안 + 동의 시, MCF 처리 대체품 제공에 동의 하신다면 개인정보 회신 바람 *신제품 및 충성고객 고려하여 예외적 도움 판단"
GCX Agent 글로벌CX전략팀,https://spigenhelp.zendesk.com/agent/tickets/1000162836,"링크: https://spigenhelp.zendesk.com/agent/tickets/1000162836
국가 / 제품: ES / iPhone 18 Pro SP_Glas.tR EZ Fit Slim
ASIN=B0D84YX465 / SKU=AGL07928EUPB
구매일자: 2026-09-11 (10일 경과)","1차: iPhone 18 Pro용 EZ Fit 글라스 부착 후 가장자리에서 눈에 띄는 초록색·마젠타색 반사(레인보우 현상)가 발생해 매우 거슬린다고 소명(동영상 첨부), 타 리뷰에서 측면 들뜸 사례가 많아 자신의 제품 치수가 잘못됐을 수 있다고 의심 → 제품 상태 및 바코드 사진 요청

2차(현재): 바코드 사진 첨부하여 재인입

신제품(iPhone 18 Pro) EZ Fit 글라스 레인보우 현상 소명, 제조 결함 아니나 재고 있어 예외적 MCF 발송 권고 #레인보우현상 #신제품이슈 #예외적MCF","+ 구매 10일 경과
+ (최근 2년) 총 주문 3개 / FBA 환불 0건 / 셀러 환불 0건 / MCF 발송 0건

1. iPhone 18 Pro용 EZ Fit 글라스 부착 후 가장자리 레인보우 현상(초록/마젠타 반사) 발생 소명, 동영상 및 바코드 사진 첨부. ESC. 사유: 신제품 (Issue)

2. 유관부서 확인 결과 제조상 결함으로 확정되지는 않으나 신제품 초기 이슈 가능성 고려, 재고 확보되어 있어 예외적 MCF 발송 검토 필요

3. 유사 전례 없음

4. 충성 고객 (최근 2년 총 주문 3개 중 환불 0건)","[TCK 예상 답변] 제조상 결함 아니지만 예외적 MCF 발송
[GCX AI 예상답변] 동일 (신제품 초기 레인보우 현상 이슈로 제조 결함 확정은 어려우나 동영상 증빙이 확인되고 충성 고객이며 재고가 확보된 상태이므로 예외적 MCF 발송이 타당)",김지우 Kevin 글로벌CX전략팀,"@ Ticket Reporter 1. 예상 답변 진행(충성고객 + 레인보우현상 영상상명확 + 신제품 초기불량 가능성(공정상 컷팅 불량으로 인한 레인보우) 고려 MCF타당) 비고: MCF재고 56,000+"
GCX Agent 글로벌CX전략팀,https://spigenhelp.zendesk.com/agent/tickets/1000162859,"링크: https://spigenhelp.zendesk.com/agent/tickets/1000162859
국가 / 제품: IT / iPhone 18 Pro Ultra Hybrid MagFit
ASIN=B0FD1RNHHL / SKU=ACS10069PAN
구매일자: 2026-09-12 (9일 경과)","1차: iPhone 18 Pro용 Ultra Hybrid MagFit 케이스 패키지 개봉 직후부터 강한 화학약품 냄새, 며칠간 환기 및 여러 차례 세척해도 냄새가 빠지지 않고 손과 휴대폰에도 냄새가 배어 사용 중단. 이전에도 AirPods Max용 케이스에서 동일 문제 경험했다고 소명, 냄새 제거 방법 문의 → 제품 상태 및 바코드 사진 요청

2차(현재): 사진 3장 첨부(패키지는 이미 폐기하여 바코드 제공 불가)

FBA Grade and Resell 구매건, 냄새 소명에 유관부서 확인 결과 초기 공정성 냄새로 결함 아님 확인, 지속 시 FBA CS 교환/환불 안내 필요 #냄새 #FBA구매건 #FBACS안내","+ 구매 9일 경과
+ (최근 2년) 총 주문 6개 / FBA 환불 0건 / 셀러 환불 0건 / MCF 발송 1건

1. iPhone 18 Pro용 Ultra Hybrid MagFit 케이스 개봉 직후 강한 화학약품 냄새 소명, 여러 차례 세척·환기에도 냄새 지속 및 손/기기에 냄새 전이 주장(사진 첨부, 패키지 폐기로 바코드 미제공). FBA Grade and Resell 구매 건. ESC. 사유: 신제품 (Issue)

2. 유사 냄새 클레임 전례에서 유관부서 확인 결과 초기 플라스틱·색상코팅·패키징 공정으로 인한 일시적 냄새로 확인되었으며 제조 결함 아님, 개봉 후 시간 경과 시 소실되는 것으로 판단됨. 동일 고객이 이전에도 AirPods Max 케이스에서 동일 문제 경험(#1000121646, 100% 환불 처리)

3. 유사 전례: #149360, #1000005450, #1000026713 (냄새 관련 참고 티켓 — 공정성 냄새로 결함 아님 확인, 지속 시 예외적 환불/교환)

4. 충성 고객 (최근 2년 총 주문 6개 중 환불 0건)","[TCK 예상 답변] 불편 사과 + 케이스는 TPU와 PC로 제작된 제품 + 유관부서 확인 결과, 초기에 플라스틱과 색상 코팅하는 공정 및 패키징 공정으로 인해 냄새가 남아있을 수 있음 + 패키지 개봉 후 금방 사라지는 것으로 확인 되었음 + 냄새 지속 시, FBA CS 교환/환불 안내
[GCX AI 예상답변] 동일 (유사 냄새 클레임 전례상 초기 공정성 냄새로 제조 결함이 아님이 확인되었고, 본 건은 FBA Grade and Resell 구매 건이므로 냄새 지속 시 FBA CS를 통한 교환/환불 안내가 타당 — 충성 고객이나 표준 FBA 절차 안내이므로 예외 조치 별도 고려 불요)",나아름 Jane 글로벌CX전략팀,"처리 요청 사항 (예상 답변 진행) 제품 불편 사과 케이스는 TPU와 PC로 제작된 제품 + 유관부서 확인 결과, 초기에 플라스틱과 색상 코팅하는 공정 및 패키징 공정으로 인해 냄새가 남아있을 수 있음 패키지 개봉 후 금방 사라지는 것으로 확인 되었음 + 단, 고객 언급한대로 여러번 세척을 진행하였음에도 해결되지 않는 점 등 불편 상황 모두 고려하여 폐기사진 확인 후, 환불 도움드리고 자 함 폐기사진 받는 목적 설명 (불편 제품 재사용 방지) + 폐기사진 확인 후, 100% 환불 진행 *화학약품 냄새 제거 방법을 문의하였으나 별도의 제거 방법은 없는 것으로 사료되며, FBA CS 기준 교환/환불 안내 대상이나, 충성 고객인 점을 고려하여 폐기 사진 확인 후 환불로 대응 판단"
GCX Agent 글로벌CX전략팀,https://spigenhelp.zendesk.com/agent/tickets/1000162927,"링크: https://spigenhelp.zendesk.com/agent/tickets/1000162927
국가 / 제품: DE / Galaxy S26 Ultra Hybrid MagFit (Zero One Edition)
ASIN=B0FVB2D675 / SKU=ACS10971PAN
구매일자: 2026-07-23 (1개월/59일 경과)","1차(현재): Galaxy S26용 Ultra Hybrid MagFit 케이스가 구매한 지 얼마 되지 않아 황변되었다며 새 제품 교환/환불 요청(사진 미첨부)

이전에도 동일 사유(황변)로 예외적 도움 제공 이력 있는 고객의 재차 요청, 높은 FBA 환불율 고려 도움 불가 권고 #황변 #지속적환불요청 #높은환불율","+ 구매 1개월(59일) 경과
+ (최근 2년) 총 주문 5개 / FBA 환불 3건 / 셀러 환불 1건 / MCF 발송 0건

1. Galaxy S26용 Ultra Hybrid MagFit 케이스가 구매 2개월 이내 황변됐다고 소명(사진 미첨부). ESC. 사유: 지속적 환불 요청

2. (최근 2년) FBA+셀러 환불 4건/총 주문 5건 ≈ 80%로 높은 환불율(abuse 신호). 이전 티켓들에서 동일 사유(황변)로 이미 예외적 도움 제공된 이력 확인

3. 동일고객 클레임 이력: #1000092701, #1000110292 (동일 황변 사유로 예외적 도움 제공 이력)

4. 충성 고객 아님 (환불 4건 > 총 주문 5건의 1/3≈1.67건)","[TCK 예상 답변] 이전에도 동일 사유로 예외적 도움드린 것으로 확인됨 + 지속적인 예외 워런티 제공은 불가한 점 양해 부탁 + 황변의 경우 유저의 사용기간동안 외부요인, 환경 등에 의해 발생되는 것으로 제조상 결함과 무관함 + 도움불가 1차 안내
[GCX AI 예상답변] 동일 (동일 사유로 이미 예외적 도움을 제공받은 이력이 있고 FBA 환불율이 약 80%로 매우 높아 abuse 경계에 해당하므로, 추가 예외 없이 도움 불가 1차 안내가 타당)
, 4 replies, Last Reply: Sep 21, 3:37 PM
1
Add reaction
,
Sep 21, 3:32 PM
,
4 replies
, Last Reply
Sep 21, 3:37 PM",나아름 Jane 글로벌CX전략팀,"처리 요청 사항 (예상 답변 진행) 이전에도 동일 사유로 예외적 도움드린 것으로 확인됨 지속적인 예외 워런티 제공은 불가한 점 양해 부탁 황변의 경우 유저의 사용기간동안 외부요인, 환경 등에 의해 발생되는 것으로 제조상 결함과 무관함 도움불가 1차 안내 *동일사유로 예외적 셀러환불 도움드린 이력 확인"
GCX Agent 글로벌CX전략팀,https://spigenhelp.zendesk.com/agent/tickets/1000162822,"링크: https://spigenhelp.zendesk.com/agent/tickets/1000162822
국가 / 제품: IN / Apple Watch Series 11 (46mm) Thin Fit
ASIN=B0DCCJN38Q / SKU=ACS08601INP
구매일자: 2025-09-23 (12개월/363일 경과)","1차(이전 티켓 #1000158792): Apple Watch Series 11 46mm용 Thin Fit 케이스 측면(버튼·가장자리)의 색상/마감 변색·벗겨짐 소명 → 로고 사진 요청 → 재인입 → 예외적 도움 위해 폐기사진 요청(이후 환불) → 폐기사진 제출 전 환불액·신규 케이스 보증범위 문의 → 아마존상 전액 환불 예정 + Limited Lifetime Warranty 안내 + 폐기사진 재요청 → 폐기사진 첨부 재인입 → 100% 환불 안내(폐기사진 확인 후) → 환불 완료 감사하나 아마존 주문내역에서 환불 미확인, 환불참조/거래ID 요청 → Refund 완료 재안내(환불 관련 상세 문의는 아마존 통해 요청)

2차(현재): 지침대로 케이스를 절단·파손하여 폐기 사진 제출 후 이메일로 전액 환불 확약까지 받았으나, 아마존 문의 결과 실물 반품이 있어야 환불이 진행된다는 안내를 받아 난감한 상황. 폐기 후 조각 하나 분실, 나머지는 보관 중이나 원상태 반품 불가. 슈피겐 지침대로 폐기했으니 반품 없이 처리되도록 아마존과 확인 및 환불 참조/Transaction ID 제공 요청

슈피겐 지침에 따라 폐기 완료 후 이메일 환불 확약까지 받았으나 아마존 실물 반품 요건과 상충, 아마존 Return 등록 절차 안내 필요 #환불확약이후반품요구 #아마존정산이슈 #LimitedLifetimeWarranty","+ (최근 2년) 총 주문 3개 / FBA 환불 0건 / 셀러 환불 0건 / MCF 발송 0건

1. 이전 티켓 #1000158792에서 Thin Fit 케이스 마감 변색/벗겨짐 소명, 폐기사진 확인 후 100% 환불 승인(이메일 확약)까지 완료. ESC. 사유: 기타 사항

2. 이후 고객이 슈피겐 지침대로 케이스를 절단·폐기했으나 아마존이 실물 반품 없이는 환불이 진행되지 않는다고 안내하며 정산 지연 — 사내 공지(2026-09-11)상 Seller Central 환불 처리 후 아마존 결제 대시보드 미반영 사례와 동일 유형으로, 아마존 Return 등록·최종승인이 필요한 것으로 파악됨

3. 유사 전례: #1000159922 (동일 유형의 환불 미반영 이슈)

4. 충성 고객 (최근 2년 총 주문 3개 중 환불 0건)","[TCK 예상 답변] 고객 불편 유감 + 유관부서 확인된 내용 공유드림
아마존을 통한 리턴 권장:
아마존 내부 결제 대시보드 미반영으로 문제가 장기화되고 있는 것으로 추정됨
고객 편의를 위해 리턴 없이 정산을 진행하였으나, 아마존 플랫폼 특성 상 최종 결제 취소 및 계좌로의 실지급은 아마존 내부 전산망을 통해 이루어짐
아마존 시스템 오류로 인해 불편을 겪게 해드려 죄송하지만, 가장 빠른 환불금 수령을 위해서는 아마존 내부 시스템 내 Return 회수품으로 등록되어 최종 승인을 받는 방법이라고 판단됨
향후 환불 확정에 어려움이 있거나 셀러 측의 제조 결함 증빙이 필요할 경우, 적극적 지원 약속
[GCX AI 예상답변] 동일 (이미 이메일로 전액 환불 확정 통보가 이루어졌고, 원인이 사내에서도 확인된 아마존 결제 대시보드 미반영이라는 시스템적 이슈이므로 고객 귀책이 아님을 인지시키되, 실제 환불금 수령을 위해서는 아마존 Return 등록 절차가 불가피함을 안내하고 추가 증빙 필요 시 적극 지원하는 것이 타당)
, 1 reply, Last Reply: Sep 21, 2:10 PM
1
Add reaction
,
Sep 21, 12:56 PM
,
1 reply
, Last Reply
Sep 21, 2:10 PM",양숙랑 Grace 글로벌CX전략팀,인도 영업팀에 MCF 여부 확인중 _On hold
GCX Agent 글로벌CX전략팀,https://spigenhelp.zendesk.com/agent/tickets/1000162858,"링크: https://spigenhelp.zendesk.com/agent/tickets/1000162858
국가 / 제품: IN / Galaxy S26 Ultra Ultra Hybrid MagFit
ASIN=B0FVBMVTRH / SKU=ACS10958INP
구매일자: 2026-06-08 (3개월/105일 경과)","1차(이전 티켓 #1000149218): Galaxy S26 Ultra용 UH MagFit 케이스가 구매 2개월 만에 황변됐다고 소명(사진 첨부), 새 제품 발송 시 기존 제품 폐기하겠다며 환불 전까지 재주문 안 하겠다고 압박 → 예외적으로 폐기 확인 전 환불 먼저 진행(재구매 후 폐기사진 요청, 미제공 시 어뷰징 고객 등록 조건부 안내) → 폐기사진 5차 요청에도 비협조로 환불 먼저 진행, 이후 2차례 추가 요청에도 끝내 미제공으로 티켓 종료

2차(현재): 동일 고객이 신규 주문(#171-3205499-6317109, 2026-06-08 구매)의 동일 제품에서도 같은 황변 이슈를 재차 주장(사진 첨부) → CS가 인보이스/스크린샷 및 스피겐 로고 사진 요청, 고객은 이전 대화만 포워딩하여 회신

이전 건 폐기사진 미제공 이력 있는 동일 고객의 신규 케이스 황변 재클레임으로 도움 불가 + 어뷰징 고객 등록 권고 #황변 #폐기사진미제공 #어뷰징의심","+ (최근 2년) 총 주문 6개 / FBA 환불 1건 / 셀러 환불 1건 / MCF 발송 확인 불가

1. 이전 티켓 #1000149218에서 동일 제품이 구매 2개월 만에 황변, 폐기사진 5차 요청에도 비협조하여 예외적으로 폐기 확인 전 환불 먼저 진행했으나 이후 2차례 추가 요청에도 폐기사진 끝내 미제공. ESC. 사유: 기타 사항

2. 동일 고객이 신규 주문의 동일 제품에서도 같은 황변 이슈를 재차 주장. 이전 건 폐기사진 미제공 이력으로 TCK 내부적으로 어뷰징 고객 등록이 이미 권고된 상태

3. 동일고객 클레임 이력: #1000149218 (동일 제품·동일 황변 이슈, 폐기사진 미제공으로 종료)","[TCK 예상 답변] 이전 주문 건(# 171-4104461-8177963)에 대한 폐기 사진 미제공으로 추가 도움 불가 안내 + 어뷰징 고객 등록
[GCX AI 예상답변] 동일 (이전 건 폐기사진 요청에 총 7회(5차+2차) 비협조하여 폐기 확인 없이 예외적 환불까지 이미 진행되었음에도 동일 이슈가 신규 주문에서 재발했다고 주장하는 점에서 신뢰성이 낮고, 반복적 예외 처리 요구 패턴이 확인되어 추가 도움 불가 + 어뷰징 고객 등록이 타당)",김지우 Kevin 글로벌CX전략팀,@ Ticket Reporter 1. 예상 답변 진행(폐기 제공에 비협조적 고객(7회)으로 도움불가 최종안내 + 어뷰저 등록 타당) 2. 재인입시 NRN
GCX Agent 글로벌CX전략팀,https://spigenhelp.zendesk.com/agent/tickets/1000162894,"링크: https://spigenhelp.zendesk.com/agent/tickets/1000162894
국가 / 제품: JP / Google Pixel Watch 4 (45mm) Liquid Air
ASIN=B0FWT7X9Q9 / SKU=확인 불가
구매일자: 2025-11-06 (10개월/319일 경과)","1차(현재): Google Store에서 구매한 Google Pixel Watch 4용 Liquid Air 케이스에 동봉된 충전 어댑터의 핀 접촉 불량으로 정상 충전이 되지 않는다고 소명(케이스 제거 후 직접 충전 시엔 정상 작동). Google 고객지원 안내로 제조사에 직접 문의, 개선된 대체품 교환 요청. 사진/영상 미첨부(구매 영수증 PDF만 첨부)

충전 어댑터 접촉 불량 소명, Lifetime Warranty 정책상 영상 확인 후 MCF 교환 검토 필요 #충전호환불가 #평생보증 #영상요청","+ (최근 2년) 총 주문/FBA 환불/셀러 환불 이력 확인 불가 (Google Store 비Amazon 채널) / MCF 발송 0건

1. Google Pixel Watch 4용 Liquid Air 동봉 충전 어댑터의 핀 접촉 불량으로 충전 불가 소명, 케이스 제거 시 정상 충전됨을 근거로 어댑터 결함 주장. 사진/영상 첨부 없음(영수증 PDF만). ESC. 사유: 기타 사항

2. ""Google Store(GStore) 고객 문의 대응 운영안"" 기준: 구매 15일 이내는 구글스토어 환불, 15일 이후는 Lifetime Warranty에 따른 MCF 교환 제공 — 단 사진/영상 확인 후 교환 가능 여부 판단 절차 필요

3. 유사 전례 없음","[TCK 예상 답변] 동영상 요청
[GCX AI 예상답변] 동일 (Lifetime Warranty 정책상 영상 확인 후 교환 가능 여부를 판단해야 하며, 현재 어댑터 결함을 확인할 사진/영상이 첨부되지 않아 동영상 요청이 타당)
, 1 reply, Last Reply: Sep 21, 1:59 PM
1
Add reaction
,
Sep 21, 12:15 PM
,
양숙랑 Grace 글로벌CX전략팀 replied
1 unread
1 reply
, Last Reply
Sep 21, 1:59 PM",양숙랑 Grace 글로벌CX전략팀,사진 또는 영상 요청 하면서 MCF 처리로 답변 하였습니다.
GCX Agent 글로벌CX전략팀,https://spigenhelp.zendesk.com/agent/tickets/1000162065,"링크: https://spigenhelp.zendesk.com/agent/tickets/1000162065
국가 / 제품: FR / Google Pixel 10 Pro Ultra Hybrid MagFit
ASIN=확인 불가 / SKU=확인 불가
구매일자: 확인 불가","1차(이전 티켓 #1000155388): UH MagFit 케이스를 3회 이하 사용했는데 코팅이 벗겨졌다고 소명, 무선충전기 충전 외 특별한 사용 없었으며 방수제 미사용 → 고객 정보 회신 요청(MCF)

2차: 곧 기기 변경 예정이라 케이스 교환 불필요, 환불 등 다른 방법 문의 → 폐기사진 1차 요청(이후 환불)

3차: 폐기사진 첨부 재인입, 제품을 직접 파손해야 하는 정책에 대해 신뢰성·환경적 측면에서 불만 제기 → 100% 환불 안내(폐기사진 확인 후)

4차(현재): 제품 폐기 관련 제기한 불편에 대해 아무 답변이 없다며 불쾌감 표하고 커뮤니티에 알리겠다고 함

코팅 벗겨짐 건은 이미 100% 환불 완료, 폐기사진 정책에 대한 불편 피드백에는 사과 및 유관부서 전달 안내 권고 #코팅벗겨짐 #환불완료 #정책피드백","+ (최근 2년) 총 주문 2개 / FBA 환불 1건 / 셀러 환불 1건 / MCF 발송 0건 (본 건 환불 완료 포함)

1. UH MagFit 케이스 코팅이 소수 사용 만에 벗겨졌다고 소명, 폐기사진 확인 후 이미 100% 환불 처리됨. ESC. 사유: Negative Review

2. 고객의 남은 불만은 제품 보상이 아니라 폐기사진 요구 정책 자체(신뢰성·환경 문제)에 대한 것으로, 추가 금전적 보상 사안이 아님

3. 유사 전례 없음","[TCK 예상 답변] 폐기 안내 재확인 + 고객님의 피드백을 관련 부서로 전달했음을 안내 + 폐기 사진 요청 목적(문제 제품의 재사용 방지 및 판정 없이 환불 지원)을 설명하며, 이 과정에서 불편을 드린 점 사과
[GCX AI 예상답변] 동일 (제품 자체는 이미 100% 환불로 조치 완료되었고, 남은 불만은 폐기사진 정책에 대한 일반 피드백이므로 추가 보상 없이 정중한 사과와 피드백 전달 안내로 마무리하는 것이 타당)
, 4 replies, Last Reply: Sep 21, 12:04 PM
1
Add reaction
,
Sep 21, 11:00 AM
,
4 replies
, Last Reply
Sep 21, 12:04 PM",김지우 Kevin 글로벌CX전략팀,@ Ticket Reporter 1. 예상 답변 진행(폐기 확인은 규정이며 부정리뷰 위협으로 해당 절차를 생략할 수 없으므로 정중히 폐기 요청 원인 재안내 타당)
GCX Agent 글로벌CX전략팀,https://spigenhelp.zendesk.com/agent/tickets/1000162353,"링크: https://spigenhelp.zendesk.com/agent/tickets/1000162353
국가 / 제품: JP / Google Pixel Watch 5(45mm) Lite Fit X
ASIN=B0GH3ZWD3Y / SKU=확인 불가
구매일자: 확인 불가","1차: 밴드 어태치먼트가 다소 커서 본체 연결부에 맞지 않고, 분리 버튼이 눌린 상태로 고정되어 밴드가 헐거워진다고 소명(사진, 바코드 첨부). 다른 밴드는 정상 장착됨 → 제품 사이즈 결함 의심, ODM 불량으로 ESC 진행 중 지연 안내에도 불만 지속되어 100% 환불 처리

2차: 환불로 문제가 해결되지 않는다며 정상 작동 제품으로 교환 요청 → 환불이 최선 조치임을 재안내

3차: 정상 장착 가능한 제품 수령 방법 문의하며 제품/LOT 번호 재제공, 답변 촉구 메시지 반복 발송. 대응 대기 중임에도 아마존 및 관계당국에 신고하겠다고 예고, 슈피겐 대응이 불성실하다고 주장

4차(현재): 이번 환불이 아마존 메시지에 대한 반응이 아니라 판매자가 임의로 처리한 것이라는 주장 추가, 동일 사안에 대한 불만 메시지 장기간 반복 발송

이미 100% 환불 완료된 사안에 대한 지속적 재인입, 안내 이후 NRN 처리 권고 #밴드사이즈결함 #환불완료후재인입 #NRN처리","+ (최근 2년) 총 주문 19개 / FBA 환불 0건 / 셀러 환불 0건 / MCF 발송 0건 (단, 본 건은 이미 100% 환불 처리됨 — 태그 100refunded)

1. Lite Fit X 밴드 어태치먼트 크기 불량으로 시계 본체에 정상 장착되지 않는다고 소명. 이미 결함으로 판단되어 100% 환불 완료됨. ESC. 사유: ODM 불량

2. 동일 유형 이슈가 Amazon 공개 리뷰에서도 확인됨: (리뷰1) 밴드 쪽 연결 부품이 커서 본체 연결부에 걸리지 않음, (리뷰2) 잠금장치 고정 부품이 시계 본체에 맞지 않아 진동 시 소음 발생 — 제품 설계/사이즈 결함 가능성을 뒷받침

3. 유사 전례 없음 (동일고객 반복 재인입 이력만 존재)

4. 충성 고객 (최근 2년 총 주문 19건 중 환불 0건 — 본 건 환불은 카운트 반영 전으로 추정)","[TCK 예상 답변] 결함 여부 확인 후 안내 + 안내 이후 NRN 처리
[GCX AI 예상답변] 동일 (제품 사이즈 결함은 이미 100% 환불로 조치 완료되었고 동일 유형 이슈가 타 리뷰에서도 확인되어 결함 자체는 인정되나, 이미 완결된 조치에 대해 교환을 요구하며 신고 예고까지 하는 장기 반복 재인입이므로 결함 여부 재확인 안내 후 NRN 처리가 타당)
, 1 reply, Last Reply: Sep 21, 12:12 PM
1
Add reaction
,
Sep 21, 10:56 AM
,
1 reply
, Last Reply
Sep 21, 12:12 PM",김지우 Kevin 글로벌CX전략팀,T3 ESC
GCX Agent 글로벌CX전략팀,https://spigenhelp.zendesk.com/agent/tickets/1000162752,"링크: https://spigenhelp.zendesk.com/agent/tickets/1000162752
국가 / 제품: IN / iPhone 17 Pro Ultra Hybrid T MagFit
ASIN=B0FD22XT6Q / SKU=ACS10078INP
구매일자: 2026-02-20 (7개월 경과)","1차(현재, Spigen India CrBiz 경유 접수): 황변 방지 제품임에도 몇 달 만에 색이 변했다며 보증의 의미를 반문, 제품 회수 및 환불 요청. 이번 문의를 마지막으로 소셜미디어에 게시하겠다고 예고

동일고객 황변 재발, 이전 건에서 이미 예외적 6개월 보증 적용받은 이력 있어 도움 불가 2차 안내 권고 #황변재발 #강성고객 #도움불가2차","+ 구매 7개월(213일) 경과
+ (최근 2년) 총 주문 3개 / FBA 환불 1건 / 셀러 환불 1건 / MCF 발송 0건

1. iPhone 17 Pro용 UH T MagFit 케이스가 몇 달 만에 황변되었다고 주장, 폐기 후 환불 요청. ESC. 사유: Negative Review

2. 동일고객이 이전 티켓 #1000138033에서 동일 유형 황변으로 예외적 100% 환불(6개월 보증 적용)을 이미 받은 이력 있음. 소셜미디어 게시 예고는 강성고객 분류 근거일 뿐 실제 리스크로 반영하지 않음

3. 동일고객 클레임 이력: #1000138033 (동일 황변 사유, 예외적 100% 환불 처리)

4. 충성 고객 (최근 2년 총 주문 3건 중 환불 1건 ≤ 1/3(1건))","[TCK 예상 답변] 황변의 경우, 형광등 등 자외선 노출, 충전 중 발열, 사용습관 등 다양한 요소로 인해 발생되며 제조상 결함에 해당되지 않음 + 도움 불가 2차
[GCX AI 예상답변] 동일 (황변은 자외선·발열·사용습관 등 외부요인에 의해 발생 가능하며 제조상 결함으로 보기 어려움. 동일고객이 이전 건에서 이미 예외적 6개월 보증 혜택을 받은 바 있어 재발에 대해서는 원칙대로 도움 불가 2차 안내가 타당)",나아름 Jane 글로벌CX전략팀,"처리 요청 사항 (예상 답변 진행) 고객 상황 유감표현 황변의 경우, 형광등 등 자외선 노출, 충전중 발열, 사용습관 등 다양한 요소로 인해 발생되며 제조상 결함에 해당되지 않음 도움불가 2차 *이전 셀러환불 이력: iPhone 17 Pro용 UH 황변 -> 폐기 후 환불 100% 확인"
GCX Agent 글로벌CX전략팀,https://spigenhelp.zendesk.com/agent/tickets/1000162766,"링크: https://spigenhelp.zendesk.com/agent/tickets/1000162766
국가 / 제품: IN / Galaxy Z Fold 8 Ultra Tough Armor Pro MagFit(Black)
ASIN=B0GKQQWZ67 / SKU=ACS11499INP
구매일자: 2026-09-14","1차(현재): 정상 사용 중 힌지 보호 플랩이 분리되고 힌지 고정핀이 부러졌다며 보증 교체 요청(사진, 인보이스 첨부)

힌지 고정핀 파손 확인, 신제품 구매 1주일 이내이며 예외적 환불 권고 #힌지파손 #신제품결함의심 #예외적환불","+ 구매 7일 경과
+ (최근 2년) 총 주문 4개 / FBA 환불 0건 / 셀러 환불 0건 / MCF 발송 0건

1. Tough Armor Pro MagFit 케이스 힌지 보호 플랩이 정상 사용 중 분리되고 고정핀이 부러졌다고 소명(분리된 힌지 부품 및 부러진 핀 클로즈업 사진, 인보이스 첨부). ESC. 사유: 신제품 (Issue)

2. 제조상 결함 여부는 확인할 수 없으나 구매 1주일 이내 신제품에서 힌지 핀 파손이 발생한 점 고려 필요

3. 유사 전례 없음

4. 충성 고객 (최근 2년 총 주문 4건 중 환불 0건)","[TCK 예상 답변] 1. 제품 사용 중 불편을 겪으신 점 유감
2. 제조상 결함은 확인할 수 없었으나, 고객님의 불편을 고려하여 환불로 도움드릴 예정
[GCX AI 예상답변] 동일 (구매 7일 이내 신제품에서 힌지 고정핀이 파손된 사진이 확인되고 충성고객(주문 4건/환불 0건)인 점을 고려하면 예외적 환불이 타당)",나아름 Jane 글로벌CX전략팀,"처리 요청 사항 고객 상황 유감표현 사진 확인 시, 제조상 결함 여부 확인되지 않으나 불편 고려하여 예외적 도움드리겠음 100% 환불 진행 *신제품 및 충성 고객 고려 (IN 국가 MCF 불가) *사진상 외부 요인에 의한 파손으로 보이나, 구매일이 9/14로 확인되어 사용기간이 짧은 점을 고려해 예외적 환불로 판단"
GCX Agent 글로벌CX전략팀,https://spigenhelp.zendesk.com/agent/tickets/1000162680,"링크: https://spigenhelp.zendesk.com/agent/tickets/1000162680
국가 / 제품: IN / Galaxy Z Fold 8 Air Skin Aramid MagFit(Black)
ASIN=B0GMSKSKX8 / SKU=ACS11561INP
구매일자: 2026-08-04","1차: Galaxy Z Fold 8용 AirSkin Aramid MagFit 케이스 오른쪽 상단(기기 여닫는 힌지 부위)에 미세한 균열 발생. 낙하·충돌 없었고 최초 장착 후 분리한 적도 없다고 소명(사진, 인보이스 첨부) → 로고 사진 + 바코드 요청

2차(현재): 로고 사진 첨부, 패키지는 이미 폐기하여 바코드 제공 불가

힌지 부위 미세 균열 확인, 사용 1개월 이내 신제품 결함 소명 + 충성고객 고려 예외적 대체품(MCF) 제공 권고 #힌지균열 #신제품결함 #예외적MCF","+ 구매 1개월(48일) 경과
+ (최근 2년) 총 주문 3개 / FBA 환불 0건 / 셀러 환불 0건 / MCF 발송 0건

1. 케이스 오른쪽 상단 힌지 여닫는 부위에 미세 균열이 발생했으며 낙하·외력 없이 최초 장착 이후 분리한 적이 없다고 소명(사진 다수, 인보이스 첨부). ESC. 사유: 신제품 (Issue)

2. 바코드는 패키지 폐기로 제공 불가하나 로고 사진은 확인됨. 사진상 균열 위치가 힌지부에 집중되어 있어 정품 특성상 반복 개폐에 따른 부위별 취약성 가능성 있음

3. 유사 전례: #1000161257(짧은 기간 사용 후 모서리 분리), #1000160486, #1000160594 (동일 제품 프레임 흠집/헐거움) — 동일 제품군 반복 이슈 확인

4. 충성 고객 (최근 2년 총 주문 3건 중 환불 0건)","[TCK 예상 답변] 확인 후 안내 (충성고객 고려하여 대체품 안내 + 동의 시 개인정보 회신 요청)
[GCX AI 예상답변] 동일 (힌지 개폐 부위 미세 균열이 사진상 명확히 확인되고 사용 1개월 이내 신제품이며, 동일 제품군 유사 전례가 다수 확인되고 충성고객(주문 3건/환불 0건)인 점을 고려하면 예외적 대체품(MCF) 제공이 타당)",나아름 Jane 글로벌CX전략팀,"처리 요청 사항 제품 불편 사과 + 제품 피드백은 유관부서 공유하겠음 제조상 결합여부 확인되지 않으나 고객 불편 고려하여 예외적 도움드리고 자 함 100% 환불 진행 *신제품 및 충성 고객 고려 *국가 IN로 확인되어 대체품 제공 불가 > 환불로 판단 ※9/17 SIREN 등록: 제품 모서리 균열과는 다소 다른 유형의 이슈이나, Galaxy Z Fold 8 Ultra용 Air Skin Aramid MagFit의 코팅/표면층 박리 이슈로 SIREN에 등록하였으며, 현재 품질팀 피드백을 대기 중임."
GCX Agent 글로벌CX전략팀,https://spigenhelp.zendesk.com/agent/tickets/1000160589,"링크: https://spigenhelp.zendesk.com/agent/tickets/1000160589
국가 / 제품: DE / AirPods Pro 3 (Shopify EU, 제품명 확인 불가)
ASIN=확인 불가 / SKU=확인 불가
구매일자: 확인 불가 (선물 수령, Order ID 없음)","1차: AirPods Pro 3 케이스 카라비너 고리가 제대로 닫히지 않는다며 도움 요청(사진 첨부) → Order ID 요청

2차: 선물로 받아 구매자 정보 접근 불가, Order ID 없이 확인 가능한 대체 방법 문의 → Order ID 없이 도움 불가 안내

3차: Order ID가 절대적 필수 조건이라면 근거 약관 제시 요청 → 도움 어려움 재안내(2차)

4차: 선물 수령 사실만으로 보증기간 벗어난 것 아니라며 상급 부서 개별 검토 요청, 약관 조항 제시 요구 → 아마존 EU가 공식 셀러이며 타 셀러 구매분은 책임 범위 아님, 도움 불가 3차 안내(이후 NRN)

5차(현재): 일주일 무응답에 항의하며 동일 요청(약관 조항 제시, 대체 검증 수단 인정, 상급 부서 이관) 반복

Order ID 미제공으로 검증 불가, 이미 도움 불가 3차 안내 완료된 재인입 건이므로 NRN 유지 #강성컴플레인 #OrderID미제공 #NRN유지","+ 구매일자 확인 불가 (선물 수령)
+ (최근 2년) 주문 통계 확인 불가 (Amazon 주문번호 없음)

1. 케이스 카라비너 고리 결함을 주장하나 선물로 받아 Order ID를 제공할 수 없다고 소명. 사진은 제출했으나 구매처·구매일 확인 수단이 없음. ESC. 사유: 강성 컴플레인

2. 팀 컨펌(양숙랑 팀장, 임영신 전달) 완료 사항: 당사 공식 셀러는 Amazon EU이며, 타 셀러 경유 구매분은 당사 책임 범위 밖. Order ID는 정품·구매시점 확인을 위한 필수 절차

3. 동일고객 이력: #1000159176 — 동일 카라비너 결함 문의, Order ID 요청 단계에서 진행 없이 종료

4. 충성 고객 여부 판단 불가 (Amazon 주문 이력 확인 불가)","[TCK 예상 답변] NRN 유지
[GCX AI 예상답변] 동일 (팀 컨펌으로 이미 도움 불가 3차 안내가 완료되었고 Order ID 없이는 정품·구매시점 검증이 불가하다는 원칙에 변화가 없으므로, 이후 동일 사유 재인입은 고객 대면 추가 안내 없이 NRN 유지가 타당)
, 1 reply, Last Reply: Sep 21, 9:20 AM
1
Add reaction
,
Sep 21, 9:17 AM
,
나아름 Jane 글로벌CX전략팀 replied
1 unread
1 reply
, Last Reply
Sep 21, 9:20 AM",나아름 Jane 글로벌CX전략팀,처리 요청 사항 동일한 안내 드리는 점 양해 부탁 Order ID 없이 도움 드리기 어려운 점 양해부탁 당사의 경우 워런티 제공을 도움드리기 위해 최소한의 정보 Order ID를 필요로 하고 있음 도움불가 4차 안내 *NRN 하려했으나 타 채널을 통해 인입될 가능성 고려하여 도움불가 4차 안내 진행하였음 *이후 재인입 시 NRN 처리 예정
GCX Agent 글로벌CX전략팀,https://spigenhelp.zendesk.com/agent/tickets/1000162554,"링크: https://spigenhelp.zendesk.com/agent/tickets/1000162554
국가 / 제품: DE / iPhone 18 Pro Max Ultra Hybrid (Crystal Clear)
ASIN=B0FD25XK76 / SKU=ACS10033PAN
구매일자: 2026-09-11","1차: 투명 UH 케이스의 카메라 컷아웃 정렬이 맞지 않는다고 소명 → 이슈 사진 + 바코드 사진 요청

2차(현재): 사진 제출 — 오른쪽 카메라 홀이 나머지 두 개보다 눈에 띄게 커서 정렬이 맞지 않음을 확인

신제품 컷아웃 정렬 불량 확인, 예외적 MCF 발송/환불 권고 #컷아웃정렬불량 #신제품결함 #예외적MCF","+ 구매 10일 경과
+ (최근 2년) 총 주문 1개 / FBA 환불 0건 / 셀러 환불 0건 / MCF 발송 0건

1. iPhone 18 Pro Max용 UH 케이스 카메라 컷아웃 3개 중 오른쪽 1개가 나머지보다 훨씬 커서 정렬이 맞지 않는다고 소명(사진 첨부). ESC. 사유: 신제품 (Issue)

2. 사진상 카메라 컷아웃 크기·정렬 불일치가 육안으로 명확히 확인되어 제조 단계 정렬 불량 가능성이 높음

3. 유사 전례 없음

4. 충성 고객 아님 — 첫 주문 (최근 2년 총 주문 1건, 환불 이력 없음)","[TCK 예상 답변] 결함 여부 확인 후 안내
[GCX AI 예상답변] 1. 고객 상황에 대한 유감 표현드립니다.
2. 사진상 카메라 컷아웃 정렬 불량이 명확히 확인되며 이는 제조 단계에서 발생한 것으로 판단됨
3. 예외적 MCF 발송 또는 환불로 도움드리는 것이 타당

근거: 첨부 사진에서 카메라 홀 크기 차이가 육안으로 명확히 구분되어 컷아웃 정렬 불량이 실재하는 것으로 판단되며, 신제품 구매 10일 이내 첫 주문 고객이므로 정밀 검토 없이도 예외적 MCF/환불 처리가 합리적",김지우 Kevin 글로벌CX전략팀,T3 Esc
GCX Agent 글로벌CX전략팀,https://spigenhelp.zendesk.com/agent/tickets/1000162558,"링크: https://spigenhelp.zendesk.com/agent/tickets/1000162558
국가 / 제품: UK / iPhone 18 Pro Ultra Hybrid Optik S MagFit
ASIN=B0H2BQXP7L / SKU=ACS11922UKO
구매일자: 2026-09-17","1차: 제품 페이지 설명에 카메라부가 보호된다고 되어 있으나 실제로는 카메라 부위에 큰 컷아웃이 있어 보호되지 않는다고 항의(사진 첨부)

2차(현재, 내부 정정): 최초 확인 시 제품 페이지 본문에는 풀커버 언급이 없었으나, 하단 Q&A 섹션에 풀커버로 오인될 수 있는 언급이 실제로 확인됨(첨부 스크린샷/영상)

Amazon 페이지 리스팅 오류(Q&A 오기재) 확인, 100% 환불 + 리스팅 수정 필요 #리스팅오류 #Q&A오기재 #100퍼센트환불","+ 구매 4일 경과
+ (최근 2년) 총 주문 6개 / FBA 환불 0건 / 셀러 환불 0건 / MCF 발송 0건

1. UH Optik S MagFit 케이스가 카메라 완전 보호를 약속한 것으로 오인할 수 있는 리스팅 정보(Q&A)와 실제 제품(카메라부 컷아웃 있음) 간 불일치 확인. ESC. 사유: 리스팅 오류

2. 제품 본문 설명은 ""돌출형 디자인 + 다양한 시야각 지원(Stand & Protect)""이며 풀커버를 명시하지 않으나, Q&A 섹션의 오기재가 확인되어 리스팅 수정 필요

3. 유사 전례 없음

4. 충성 고객 (최근 2년 총 주문 6건 중 환불 0건)","[TCK 예상 답변] 1. 리스팅 오류 수정 및 100% 환불 안내
2. 해당 케이스는 카메라 보호를 위해 돌출형 디자인과 다양한 시야각을 지원함
3. 풀커버 케이스를 원하실 경우 UH MagFit 또는 UH T MagFit 추천드림
[GCX AI 예상답변] 동일 (Q&A 섹션의 오기재로 고객이 풀커버 제품으로 오인 구매한 것이 확인되어 리스팅 정보 정정이 필요하며, 충성고객(주문 6건/환불 0건)인 점을 고려해 100% 환불과 함께 풀커버 대안 제품 안내가 타당)",김지우 Kevin 글로벌CX전략팀,@ Ticket Reporter 1. 예상 답변 진행 (담당자 확인 후 필요시 리스팅 내 Q&A파트 수정 예정)
GCX Agent 글로벌CX전략팀,https://spigenhelp.zendesk.com/agent/tickets/1000162569,"링크: https://spigenhelp.zendesk.com/agent/tickets/1000162569
국가 / 제품: NL / iPhone 18 Pro EZ Fit Screenprotector[2매입]
ASIN=B0D84YX465 / SKU=AGL07928EUPB
구매일자: 2026-09-17","1차: iPhone 18 Pro용 EZ Fit 글라스 한쪽 모서리에 접착제 결함 또는 미세한 균열로 보이는 것이 있다며 교체 또는 환불 요청(사진 첨부) → 바코드 사진 요청

2차(현재): 바코드 사진 첨부하여 재인입

신제품 모서리 접착제 결함/균열 의심, 신제품 라인 고려 예외적 100% 환불 권고 #신제품결함의심 #예외적100퍼센트환불 #지속적환불요청이력","+ 구매 4일 경과
+ (최근 2년) 총 주문 26개 / FBA 환불 1건 / 셀러 환불 1건 / MCF 발송 0건

1. iPhone 18 Pro용 EZ Fit 글라스 한쪽 모서리에 접착제 결함이나 미세한 균열로 보이는 것이 확인된다고 소명(사진, 바코드 첨부). ESC. 사유: 지속적 환불 요청

2. 동일고객 클레임 이력이 다수 확인됨(2년 경과 4건, 2년 이내 3건) — 다만 최근 2년 환불 건수는 2건으로 26건 주문 대비 비율은 낮음

3. 동일고객 클레임 이력: #1000079664, #1000081569, #1000147262 (2년 이내 환불 처리) 및 #112419 등 2년 경과 환불 이력 다수

4. 충성 고객 (최근 2년 총 주문 26건 중 환불 2건 ≤ 1/3(8.67건)) — 단, 반복적 클레임 패턴은 참고 필요","[TCK 예상 답변] (신제품 고려하여) 예외적 100% 환불
[GCX AI 예상답변] 동일 (구매 4일 이내 신제품이며 사진상 모서리 결함/균열 소명이 확인되고, 최근 2년 환불 비율(2/26)로는 충성고객 기준을 충족하므로 예외적 100% 환불이 타당. 다만 2년 경과분까지 포함하면 반복 클레임 이력이 다수이므로 팀 참고용으로 기록)",김지우 Kevin 글로벌CX전략팀,@ Ticket Reporter 1. 예상 답변 진행(자사 제품 26개 구매 충성고객 + 사진상 모서리에 균열 명확 + NL고객으로 MCF불가 = 환불 타당)
GCX Agent 글로벌CX전략팀,https://spigenhelp.zendesk.com/agent/tickets/1000162585,"링크: https://spigenhelp.zendesk.com/agent/tickets/1000162585
국가 / 제품: UK / iPhone 18 Pro Max Ultra Hybrid T MagFit
ASIN=B0FD16MTLJ / SKU=ACS10047UKO
구매일자: 2026-09-12","1차: 신품 UH T MagFit 케이스 후면에 작은 스크래치가 있는 채로 배송됨. 포장은 양호했다고 소명(사진 첨부) → 전체 상태 사진 + 바코드 사진 요청

2차(현재): 사진 추가 제출 — 흠집이 보호 필름 안쪽에 있었고 보호 필름 자체는 손상 없이 온전한 상태였다고 소명(LPN 미확인)

신제품 스크래치 확인, 고객 불편 고려 예외적 MCF 발송 권고 #신제품스크래치 #예외적MCF","+ 구매 9일 경과
+ (최근 2년) 총 주문 9개 / FBA 환불 0건 / 셀러 환불 0건 / MCF 발송 0건

1. iPhone 18 Pro Max용 UH T MagFit 케이스 후면에 작은 스크래치가 있는 채로 배송되었다고 소명(사진 및 바코드 첨부, LPN 미확인). ESC. 사유: 신제품 (Issue)

2. 흠집이 보호 필름 안쪽에 위치해 있었고 보호 필름 자체는 손상 없이 온전했다는 점에서 배송 중 손상이 아닌 생산/포장 단계 흠집 가능성이 있음

3. 유사 전례 없음

4. 충성 고객 (최근 2년 총 주문 9건 중 환불 0건)","[TCK 예상 답변] 스크래치 확인되나(경미), 고객님의 불편을 고려하여 MCF 발송 예정, 동의 시 개인정보 회신 부탁
[GCX AI 예상답변] 동일 (신제품 구매 9일 이내이며, 흠집이 보호 필름 안쪽에 있었다는 소명상 포장 단계 흠집 가능성이 있고 충성고객(주문 9건/환불 0건)인 점을 고려하면 예외적 MCF 발송이 타당)",김지우 Kevin 글로벌CX전략팀,@ Ticket Reporter 1. 예상 답변 진행(스크래치 명확 + 충성고객 = MCF타당) 비고: MCF재고 490+
GCX Agent 글로벌CX전략팀,https://spigenhelp.zendesk.com/agent/tickets/1000162590,"링크: https://spigenhelp.zendesk.com/agent/tickets/1000162590
국가 / 제품: UK / iPhone 17 Pro Max SP_Glas.tR EZ Fit Privacy
ASIN=B0D84JFDCS / SKU=AGL07908UKOD
구매일자: 2025-09-27 (11개월 경과)","1차: EZ Fit Privacy 2매입 화면보호필름 양쪽 모두 버블 발생 → 이슈 사진 + 바코드 사진 요청

2차: 사진 제출(가장자리 및 우측 상단 버블 확인) → 사용 중 생긴 결함 1차 안내(환불 X)

3차: 재차 항의(2개 모두 자사 케이스와 함께 부착 시 발생, 두 번째 발생이라 소명) → 예외적 50% 환불 제안

4차(현재): 가능하다면 새 제품 교환(MCF)을 원한다고 요청

자사 케이스 간섭으로 인한 버블 발생 확인, 충성고객 고려 예외적 MCF 제공 권고 #자사케이스간섭 #버블발생 #예외적MCF","+ 구매 11개월 경과
+ (최근 2년) 총 주문 2개 / FBA 환불 0건 / 셀러 환불 0건 / MCF 발송 0건

1. iPhone 17 Pro Max용 EZ Fit Privacy 글라스 2장 모두 슈피겐 케이스와 함께 부착 시 버블이 발생한다고 소명(사진 첨부), 두 번째 발생이라고 주장. ESC. 사유: 기타 사항

2. 자사 케이스와 화면보호필름 간 간섭으로 버블이 발생한 것으로 판단되며 제조상 결함은 아님. 고객은 환불보다 정상 작동 제품 교환을 원함

3. 유사 전례 없음

4. 충성 고객 (최근 2년 총 주문 2건 중 환불 0건)","[TCK 예상 답변] 제조상 결함 아니지만 예외적 MCF 제공 + 고객 정보 회신 요청(MCF) OR 거부 시, 예외적 50% 환불 2차 제안
[GCX AI 예상답변] 동일 (구매 11개월 경과했으나 충성고객(주문 2건/환불 0건)이며, 자사 케이스 간섭으로 인한 버블 발생이 사진상 확인되고 고객이 환불보다 교환을 원하므로 예외적 MCF 제공이 타당, 고객이 거부 시 예외적 50% 환불 대안 제시)
, 6 replies, Last Reply: Sep 21, 9:19 AM
1
Add reaction
,
Sep 21, 9:06 AM
,
6 replies
, Last Reply
Sep 21, 9:19 AM",김지우 Kevin 글로벌CX전략팀,@ Ticket Reporter 1. 예상 답변 진행(도움 불가 후 제안된 50%환불을 강하게 거부 +자사 케이스 간섭이 확인되는 측면 들뜸 명확 = 예외적 MCF타당)
GCX Agent 글로벌CX전략팀,https://spigenhelp.zendesk.com/agent/tickets/1000162628,"링크: https://spigenhelp.zendesk.com/agent/tickets/1000162628
국가 / 제품: DE / Tesla Model 3 Highland Cryo Dach Sonnenschutz(2매)
ASIN=B0DJRS2ZC2 / SKU=ACP08897PAN
구매일자: 2026-07-12 (2개월(71일) 경과)","1차: Tesla Model 3용 루프 선셰이드 매트 가운데 부분이 약 10cm 처짐(사진 2장 첨부) → 구매내역/영상/포장 바코드 사진 요청

2차(현재): 구매내역 스크린샷 및 매트 제거 후 촬영한 영상 제출(포장은 이미 폐기됨)

가운데 부분 처짐/들뜸 확인, 구조적 한계로 판단되나 예외적 MCF 재발송/환불 권고 #루프매트처짐 #구조적한계 #예외적MCF","+ 구매 2개월(71일) 경과
+ (최근 2년) 총 주문 1개 / FBA 환불 0건 / 셀러 환불 0건 / MCF 발송 0건

1. Tesla Model 3용 루프 선셰이드 매트 가운데 부분이 약 10cm 처진다고 소명, 클립 없이 재부착 후 촬영한 영상 및 사진 첨부. ESC. 사유: 기타 사항

2. 내부 확인 결과 제조상 결함은 아니며, 제품 구조적 한계로 일부 공간에 미세한 들뜸이 발생할 수 있는 것으로 판단됨

3. 유사 전례: #1000153221 (동일 유형 처짐 이슈)

4. 충성 고객 아님 — 첫 주문 (최근 2년 총 주문 1건, 환불 이력 없음)","[TCK 예상 답변] 1. 고객 불편 공감
2. 확인 결과 제조상 결함을 확인할 수 없었으며 구조적 한계로 일부 공간에 미세한 들뜸이 발생할 수 있음
3. 불편을 고려하여 예외적 MCF 발송 환불 도움
[GCX AI 예상답변] 동일 (사진 및 영상상 처짐이 명확히 확인되고 제조상 결함은 아니나 구조적 한계에 해당하며, 유사 전례 #1000153221도 동일하게 처리된 바 있어 고객 불편을 고려한 예외적 MCF 재발송/환불이 타당)",김지우 Kevin 글로벌CX전략팀,@ Ticket Reporter 1. 예상 답변 진행(뉴비즈 대비 짧은 구매 경과일 + 영상상 내려앉음 명확 + 이전처리이력 = MCF타당) 참고: 204개 MCF재고 확인 / TO261H Cryoshade Roof Sunshade 장력 부족 이슈 SIREN 검토_글로벌CX전략팀_26.07.23 사이렌 검토 결과 이상 없음 판정) TO261H Cryoshade Roof Sunshade 장력 부족 이슈 SIREN 검토_글로벌CX전략팀_26.07.23 Copy link 나아름 Jane 글로벌CX전략팀 is the owner No changes since last viewed by you Summarize this file
GCX Agent 글로벌CX전략팀,https://spigenhelp.zendesk.com/agent/tickets/1000162684,"링크: https://spigenhelp.zendesk.com/agent/tickets/1000162684
국가 / 제품: UK / Galaxy S24 Ultra Thin Fit
ASIN=B0CM54Y54H / SKU=ACS07281UKO
구매일자: 2025-06-13 (1년 3개월 경과)","1차: Galaxy S24 Ultra용 Thin Fit 케이스 측면이 늘어나 휴대폰이 노출된다며 제조 결함으로 워런티 교환/환불 요청 → 사용 중 생긴 결함 1차 안내(환불 X)

2차: 재차 항의 → 사용 중 생긴 결함 2차 안내(환불 X)

3차(현재): 강하게 반발 — 명백한 제조 결함이며 아직 2년 보증기간 내인데 구매일을 근거로 회피한다고 주장, 관리자 상위 이관 및 공식 컴플레인·Amazon 신고·소셜미디어 공개 예고, 케이스 참조번호 요구

강성 컴플레인 + 높은 환불율로 도움 불가 3차 안내 권고 #강성컴플레인 #TPU늘어남 #높은환불율 #도움불가3차","+ 구매 1년 3개월(약 465일) 경과
+ (최근 2년) 총 주문 5개 / FBA 환불 3건 / 셀러 환불 0건 / MCF 발송 0건

1. Thin Fit 케이스 측면이 늘어나 휴대폰이 노출된다고 주장하며 제조 결함이라 소명. 사진/영상 미제출. ESC. 사유: 워런티 기간 불만

2. TPU 재질 늘어남은 장기간 사용·열/압력 등 외부요인에 의한 자연 마모로 판단되며, 이미 1·2차 도움 불가 안내함. 높은 환불율(3/5≈60%, 주문≥3) 확인되어 abuse 경계 신호 있음. 관리자 이관·Amazon 신고·소셜미디어 공개 예고는 강성고객 분류 근거일 뿐 실제 법적/제재 리스크로 반영하지 않음

3. 동일고객 클레임 이력: #1000162489 (Galaxy S24 Ultra UH MagFit 케이스 측면 관련 이전 문의)

4. 충성 고객 아님 (환불 3건 > 총 주문 5건의 1/3≈1.67건)","[TCK 예상 답변] 동영상 요청 후 이슈 확인될 경우 예외적 환불 제공 OR 도움 불가 3차 안내
[GCX AI 예상답변] 1. 고객 상황에 대한 유감 표현드립니다.
2. TPU 소재 특성상 장기간(1년 3개월) 사용에 따른 늘어남은 외부요인에 의한 자연 마모이며 제조상 결함은 확인되지 않음
3. 워런티 도움 불가 — 도움 불가 3차 안내

근거: 이미 동일 사유로 1·2차 도움 불가 안내가 완료되었고, 높은 환불율(60%, abuse 경계)과 사진/영상 미제출 상태에서 관리자 이관·외부 신고 예고는 강성고객 분류일 뿐 반영 사유가 될 수 없어 원칙대로 3차 도움 불가 안내가 타당함",김지우 Kevin 글로벌CX전략팀,@ Ticket Reporter 1. 예상 답변 진행(SNS협박 + 장기사용 + 고환불이력 = 도움불가 최종안내 타당) 2. 재인입시 NRN
GCX Agent 글로벌CX전략팀,https://spigenhelp.zendesk.com/agent/tickets/1000162771,"링크: https://spigenhelp.zendesk.com/agent/tickets/1000162771
국가 / 제품: JP / Galaxy Z Fold 8 Air Skin Aramid MagFit(Black)
ASIN=B0GMSKSKX8 / SKU=ACS11561F
구매일자: 2026-08-05","1차(현재): Galaxy Z Fold 8용 Air Skin Aramid MagFit 카메라 주변에 접착제 같은 물질이 묻어 있으며, 닦아도 제거되지 않거나 제거 후에도 자국이 남음. 개봉 초기에는 상태가 더 심했다고 소명(사진, 바코드 첨부)

카메라 부위 접착제 잔여물/자국 확인, TCK도 100% 환불 권고 #접착제잔여물 #신제품결함 #100퍼센트환불","+ 구매 1개월(47일) 경과
+ (최근 2년) 총 주문 6개 / FBA 환불 1건 / 셀러 환불 0건 / MCF 발송 0건

1. 케이스 카메라 주변에 접착제로 보이는 물질이 부착되어 있으며 제거되지 않거나 자국이 남음. 사진 다수 및 바코드 첨부. ESC. 사유: 신제품 (Issue)

2. 개봉 초기부터 존재한 이물질/잔여물로 소명되며, 사진상 부착 흔적이 명확히 확인됨

3. 유사 전례 없음

4. 충성 고객 (최근 2년 총 주문 6건 중 환불 1건 ≤ 1/3(2건))","[TCK 예상 답변] 제조상 결함 아니나 환불 100%
[GCX AI 예상답변] 동일 (개봉 초기부터 카메라 부위에 접착제 잔여물이 존재했다는 소명 및 첨부 사진상 이물질/자국이 명확히 확인되고, 충성고객(주문 6건/환불 1건)인 점을 고려하면 100% 환불이 타당)",김지우 Kevin 글로벌CX전략팀,"@ Ticket Reporter 1. 예상 답변 진행(충성고객 + 아라미드 박리 + Galaxy Z Fold 8 Ultra용 Air Skin Aramid Magfit 코팅,표면 박리 이슈 SIREN 검토_글로벌CX전략팀_26.09.17 사이렌 등록 제품 = 100% 환불 타당) Galaxy Z Fold 8 Ultra용 Air Skin Aramid Magfit 코팅,표면 박리 이슈 SIREN 검토_글로벌CX전략팀_26.09.17 Copy link 나아름 Jane 글로벌CX전략팀 is the owner Edited on Sep 28, 2026 by 나아름 Jane 글로벌CX전략팀 Summarize this file"
GCX Agent 글로벌CX전략팀,https://spigenhelp.zendesk.com/agent/tickets/1000163145,"링크: https://spigenhelp.zendesk.com/agent/tickets/1000163145
국가 / 제품: India / iPhone 17/18 Pro Max Ultra Hybrid MagFit Case (Clear White)
ASIN=B0FD1TT96X / SKU=ACS10035INPB
구매일자: 2026-09-13","1차: iPhone 17 Pro용 UH 케이스가 구매 1주일도 안 돼 황변됐다며 환불 요청(사진 첨부) → TCK가 슈피겐 로고가 보이는 사진 재요청

2차(현재): 슈피겐 로고 사진 첨부하여 재인입

관리 대상 고객이 다른 이메일로 재인입한 정황 — 도움 불가 1차 안내 #황변 #관리대상재인입 #이메일변경의심","+ 구매 0개월(9일) 경과
+ (최근 2년) 총 주문 6개 / FBA 환불 2건 / 셀러 환불 1건 (합계 환불율 50%)

1. 클리어 케이스 황변 주장(구매 1주일 이내). 본 건 접수 이메일(itssubhan.saifi@gmail.com)이 기존 이력의 이메일(subhansaifi14113@gmail.com)과 다름 — 동일 고객(Subhan Saifi)이 이메일을 바꿔 재인입한 정황

2. GCX_CS PROCEDURE 상 황변은 사용 기간 중 외부 요인·환경에 의해 발생하는 것으로 제조상 결함과 무관하다고 판단. 특히 과거 티켓에서 타 고객 사진을 편집·도용하여 제출한 이력이 적발되어 이미 관리 대상으로 지정된 고객이므로 이번 클레임도 신뢰도가 낮음

3. 동일고객 클레임 이력(다른 이메일 포함): #1000105147(UH T MagFit 느슨함·황변 → 100% 환불) / #1000121872·#1000122286(UH T MagFit 카메라부 정렬불량 → 타 고객 사진 편집·도용 감지, 도움 불가 + 관리 대상 지정) / #1000130756(UH MagFit 카메라 커버 딸깍거림 → FBA CS 3차 안내 후 NRN)

4. 충성 고객 아님 — 환불율 50%(abuse 기준 충족) + 관리 대상 이력 + 이메일 변경 재인입 정황","[TCK 예상 답변] 황변의 경우 유저의 사용 기간 동안 외부 요인, 환경 등에 의해 발생되는 것으로 제조상 결함과 무관함 — 도움 불가 1차 안내
[GCX AI 예상답변] 동일 (환불율 50%로 abuse 기준 충족 + 이전 티켓에서 타 고객 사진 도용이 이미 적발되어 관리 대상으로 지정된 고객이 다른 이메일로 재인입한 정황 → 신뢰도 매우 낮음. 접수 이메일 변경 자체를 관리대상 회피 시도로 보고 팀장님 별도 확인 권장하며, 클레임 내용과 무관하게 도움 불가 유지가 타당)",김지우 Kevin 글로벌CX전략팀,@ Ticket Reporter 1. 예상 답변 진행(황색 수간 위에서 투명 케이스를 인증하여 황변 연출 가능성 높음 + 이전 사진도용 어뷰징 이력 확인으로 도움불가 타당)
GCX Agent 글로벌CX전략팀,https://spigenhelp.zendesk.com/agent/tickets/1000162869,"링크: https://spigenhelp.zendesk.com/agent/tickets/1000162869
국가 / 제품: ES / Google Pixel 10/10 Pro Tough Armor(AI) MagFit Case (Black)
ASIN=B0F49G6MNX / SKU=ACS09705PAN
구매일자: 2026-01-04","1차: Tough Armor MagFit 케이스 후면 패널 무광 코팅이 벗겨지기 시작해 점점 악화, 넓은 부위에서 유광 검정 플라스틱이 드러남. 벗겨진 코팅 조각이 손에 묻기도 함. 다른 TA 케이스에서도 동일 코팅 벗겨짐 경험했다며 품질팀 전달 요청, 교환 요청(사진 첨부) → 사용 중 생긴 결함으로 판단, 도움 불가 1차 안내(환불 없음)

2차: 단순 흠집·변색이 아닌 코팅 자체가 벗겨져 떨어지는 현상이며 접착력/내구성 문제로 보인다고 재차 주장, 사진 재확인 및 워런티 재검토 요청 → 예외적 50% 환불 제안

3차: 구매 후 약 8개월밖에 안 됐는데 이 정도로 넓게 벗겨지는 것은 일반 마모가 아니라며 50% 환불 거부, 교환 또는 전액 환불 요구 → 거부 시 예외적 50% 환불 2차 제안

4차(현재): 50% 환불 재차 거부. 짧은 사용 기간에 심각한 결함이 발생했는데 절반 가격을 지불하는 것은 부당하다고 주장

동일 결함 유형 기존 100% 환불 전례 있는 건, 재고 충분하여 예외적 MCF 발송 검토 #코팅벗겨짐 #TA케이스결함이력 #충성고객","+ 구매 8개월(261일) 경과
+ (최근 2년) 총 주문 3개 / FBA 환불 0건 / 셀러 환불 1건 / MCF 발송 0건

1. 무광 코팅이 넓은 부위에서 박리되어 하부 유광 플라스틱 노출, 조각 탈락 현상까지 발생(사진 3장 첨부). 50% 환불 2회 제안 모두 거부, 교환 또는 전액 환불 강력 요구

2. GCX_CS PROCEDURE 상 코팅 박리는 통상 사용 마모로 판단하나, 8개월 내 광범위 박리+조각 탈락은 일반 마모 범위를 벗어난 것으로 볼 여지 있음. 현재 MCF 재고 428개로 충분

3. 동일고객 클레임 이력 없음. 단, 동일 결함 유형(TA 케이스 코팅 벗겨짐) 유사 전례 확인: #1000116016(Pixel 9 Pro XL TA 케이스 코팅 벗겨짐 → 100% 환불)

4. 충성 고객 (총 주문 3건 중 환불 1건 = 33.3%, 기준 1/3 이하로 경계선이나 충족)","[TCK 예상 답변] 제조상 결함 아니지만 예외적 MCF 발송
[GCX AI 예상답변] 동일 (동일 결함 유형(TA 케이스 코팅 벗겨짐)이 #1000116016에서 100% 환불로 처리된 전례가 있고, 본 건도 50% 환불을 두 차례 거부하며 강하게 이의 제기 중 → 재고가 충분(428개)한 MCF 발송으로 전환하면 현금 지출 없이 고객이 요구한 '교환'을 충족시켜 갈등 조기 종결 가능. 충성 고객(환불율 33.3%로 경계선)이라는 점도 예외 처리에 부합)",양숙랑 Grace 글로벌CX전략팀 / 김지우 Kevin 글로벌CX전략팀,"@ 김지우 Kevin 글로벌CX전략팀 프로님 해당건 mcf 처리로 내부 메모 남길께요.
@ 양숙랑 Grace 글로벌CX전략팀 알겠습니다 리더님!"
GCX Agent 글로벌CX전략팀,https://spigenhelp.zendesk.com/agent/tickets/1000163106,"링크: https://spigenhelp.zendesk.com/agent/tickets/1000163106
국가 / 제품: India / iPhone 17 Pro Max Silicone Fit MagFit Case (Cosmic Orange)
ASIN=B0G6826W8B / SKU=ACS11378INP
구매일자: 2026-05-04","1차: 약 3~4개월 전 구매한 Silicone Fit MagFit 케이스가 변색됐다며 환불 요청, 사진 첨부 → TCK가 사진으로 이슈 확인 불가하여 다른 각도 사진 재요청

2차(현재): 다른 각도 사진 재첨부(재인입)했으나 여전히 변색 이슈 확인 불가

동일 유형(변색) 반복 환불 요청 이력 있는 환불율 50% 건, 이번에도 이슈 확인 불가로 도움 불가 #이염변색 #지속적환불요청 #환불율경고","+ 구매 4개월(141일) 경과
+ (최근 2년) 총 주문 4개 / FBA 환불 0건 / 셀러 환불 2건 / MCF 발송 0건

1. 변색(이염) 주장, 사진 재요청에도 이슈가 육안으로 확인되지 않음. 동일 고객 변색 관련 셀러 환불 2건 기존 이력(총 주문 4건 중 2건, 환불율 50% — abuse 기준 충족)

2. GCX_CS PROCEDURE 상 황변/이염 클레임은 사진으로 명확히 확인되어야 처리하며, 확인 불가 시 도움 불가가 원칙. 반복적인 동일 유형 클레임은 abuse 경계로 판단

3. 동일고객 클레임 이력: #1000140591(UH MagFit 케이스 황변 → 100% 환불, 폐기사진 확인 후) / #1000146231(UH T MagFit 케이스 황변 → 100% 환불, 폐기사진 확인 후) — 본 건이 세 번째 변색 클레임

4. 충성 고객 아님 (환불율 50%로 abuse 경계, 3건째 동일 유형 클레임)","[TCK 예상 답변] 언급하신 변색 이슈 확인되지 않아 도움 불가
[GCX AI 예상답변] 동일 (동일 유형(변색) 클레임이 이번이 세 번째이며 이미 2건은 폐기사진 확인 후 100% 환불 완료됨 + 총 주문 4건 중 환불 2건으로 환불율 50%(abuse 기준 충족) + 이번엔 재요청한 다른 각도 사진에서도 변색이 확인되지 않아 증빙 자체가 불충분 → 도움 불가가 타당)",김지우 Kevin 글로벌CX전략팀,@ Ticket Reporter 1. 예상 답변 진행(첨부 사진상 변색 확인 불가 +동일 사유로 CS 받기 위한 어뷰저 의심)
GCX Agent 글로벌CX전략팀,https://spigenhelp.zendesk.com/agent/tickets/1000163053,"링크: https://spigenhelp.zendesk.com/agent/tickets/1000163053
국가 / 제품: UK / iPhone 18 Pro Max EZ Fit Pro [2P] Screen Protector
ASIN=B0FCFG5PN6 / SKU=AGL09995UKO
구매일자: 2026-09-18","1차: EZ Fit Pro 글라스가 화면에 제대로 맞지 않는지 가장자리에 레인보우 현상(무지개빛 얼룩) 발생(사진 첨부) → TCK가 바코드 포함 포장 뒷면 사진 요청

2차(현재): Apple Store에서 부착 서비스를 받았는데 직원이 포장재를 바로 버려 바코드 제공 불가. 2매 세트 중 첫 번째 글라스에서 문제 발생 시 단순 불량으로 생각했으나, 두 번째 글라스도 동일하게 레인보우 현상 발생

2매 모두 동일 현상 발생한 충성 고객 건 → 환불 100% 또는 MCF 발송 검토 #레인보우현상 #양쪽모두불량 #충성고객","+ 구매 0개월(4일) 경과
+ (최근 2년) 총 주문 3개 / FBA 환불 0건 / 셀러 환불 0건 / MCF 발송 0건

1. 2매 세트 모두 동일하게 가장자리 레인보우 현상 발생(사진 5장 첨부) — 단일 불량이 아닌 세트 전체 재현성 있는 현상. 바코드는 Apple Store 직원이 포장 폐기하여 제공 불가(고객 과실 아님)

2. GCX_CS PROCEDURE 상 스크린 프로텍터 정렬 불량(레인보우 현상)은 통상 바코드 확인 후 처리하나, 2매 모두 동일 재현되고 고객 과실 없이 바코드 분실 시 예외 처리 가능. 현재 MCF 재고 2,066개로 충분

3. Previous_tickets.csv 대조 결과 동일 유형(EZ Fit Pro 레인보우 현상) 유사 전례 확인되지 않음

4. 충성 고객 (최근 2년 총 주문 3건, 환불 0건)","[TCK 예상 답변] 환불 100% 또는 MCF 발송
[GCX AI 예상답변] 동일 (충성 고객 + 2매 세트 모두 동일 결함 재현으로 단순 부착 미숙보다 정렬/재단 불량 가능성이 높음 + 바코드 분실은 Apple Store 직원 과실로 고객 책임 아님 + MCF 재고 충분하여 MCF 발송을 우선 제안하되 고객이 환불을 원할 경우 100% 환불도 무방)",김지우 Kevin 글로벌CX전략팀,@ Ticket Reporter 1. 예상 답변 중 MCF제안으로 진행(바코드 분실했으나 order ID 확인 가능 + 레인보우 현상 명확 + 충성고객 고래 MCF 타당)
GCX Agent 글로벌CX전략팀,https://spigenhelp.zendesk.com/agent/tickets/1000163109,"링크: https://spigenhelp.zendesk.com/agent/tickets/1000163109
국가 / 제품: India / iPhone 17 Pro Max Classic LS MagFit Case (TPU+PC, Stone)
ASIN=B0FH5S3JMK / SKU=ACS10478INP
구매일자: 2026-05-08","1차: Classic LS MagFit 케이스 왼쪽에 휴대폰과 케이스 사이 눈에 띄는 틈이 있어 좌우 균형이 맞지 않고, 안쪽으로 누르면 움직임이 느껴짐(반대쪽은 틈 없음). 케이스 측면 접합부(이음새)도 견고하지 않음. 사진·영상·인보이스 첨부하여 워런티 교환 평가 요청 → TCK가 최초 공유된 영상 링크 접근 불가로 첨부파일 재요청

2차(현재): 영상을 첨부파일로 재전송, 사진 다수 재확인 — 케이스 왼쪽 움직임이 영상에서 확인됨

충성 고객 고려한 예외적 환불 100% 검토(폐기사진 요청 후) #TPU늘어남 #측면접합불량 #충성고객","+ 구매 4개월(137일) 경과
+ (최근 2년) 총 주문 17개 / FBA 환불 1건 / 셀러 환불 0건 / MCF 발송 0건

1. 케이스 왼쪽 틈·유격 및 측면 접합부 불량 주장, 사진 다수 + 영상(케이스 왼쪽 움직임 확인 가능) 첨부

2. GCX_CS PROCEDURE 상 케이스 좌우 비대칭 결합/접합 불량은 통상 폐기사진 확인 후 예외적 환불 처리 가능한 유형

3. Previous_tickets.csv 대조 결과 동일 유형(Classic LS MagFit 측면 접합 불량) 유사 전례 확인되지 않음

4. 충성 고객 (총 주문 17건 중 환불 1건 ≈ 5.9%, 기준 1/3 이하)","[TCK 예상 답변] 제조상의 결함 아니지만 예외적 폐기사진 요청 후 환불 100%
[GCX AI 예상답변] 동일 (충성 고객(총 주문 17건/환불 1건) + 영상에서 케이스 좌측 유격이 명확히 확인되어 초기 접합 불량 가능성 높음 → 폐기사진 1차 요청 후 예외적 환불 100%가 타당)",김지우 Kevin 글로벌CX전략팀,@ Ticket Reporter 1. 예상 답변 진행(17개 구매 충성고객 + 셀러환불 이력 없는점 + 사진상 TPU늘어남 확인 불가하나 고객 신뢰 예외적 환불 타당)
GCX Agent 글로벌CX전략팀,https://spigenhelp.zendesk.com/agent/tickets/1000162951,"링크: https://spigenhelp.zendesk.com/agent/tickets/1000162951
국가 / 제품: India / iPhone 16 Pro Max Essential Sand Blast Case (TPU, Matte Black)
ASIN=B0DDTC3W3X / SKU=ACS08021INP
구매일자: 2025-12-21","1차: iPhone 16 Pro Max용 Sand Blast TPU 케이스가 느슨해져서 휴대폰에 헐렁하게 맞음(사진·영상 첨부) → 사용 중 발생한 현상으로 판단, 도움 불가 1차 안내(환불 없음)

2차: 구매 1년도 안 됐는데 실망스럽다며 보증기간 및 근거를 문의, 명확한 해결책 요구, 거부 시 서면 통보 요청 → 불편 고려하여 예외적 도움을 위해 폐기사진 1차 요청(이후 환불 안내)

3차: 인도 팀을 CC하여 재인입, 상위 담당자 검토 요청. 전액 환불 제안은 감사하나 제조상 결함으로 보지 않은 판단 근거·적용 보증 조항·보증 기간·예상 내구연한을 명확히 요구, 환불을 위해 제품을 훼손하라는 안내에도 우려 표명 → 환경·사용 패턴에 따른 현상이며 제조상 결함 미확인이라고 재안내 + 폐기사진 2차 요청(목적 설명 포함)

4차(현재): 인도 팀을 재차 CC하여 재인입, 환불 자체가 목적이 아니라 제품 품질·보증 판단 근거·CS 대응 방식에 대한 불만이라며 Spigen 상위/글로벌 고객서비스 또는 경영진 공식 에스컬레이션 요청, 필요 시 사과 요구

4차 재인입까지 이어진 강성고객 건, 폐기 요구에 반발 지속 → 신속 종결 위해 폐기사진 없이 예외적 환불 100% 검토 #TPU늘어남 #강성컴플레인 #상위에스컬레이션요청","+ 구매 9개월(275일) 경과
+ (최근 2년) 총 주문 2개 / FBA 환불 0건 / 셀러 환불 0건 / MCF 발송 0건

1. TPU 케이스 늘어남으로 인한 밀착 불량 주장, 사진·영상 다수 첨부(맞물림 상태 확인 가능). 폐기사진 2회 요청에도 제품 훼손 요구 자체에 반발하며 미제출. 강성고객 — 보증 조항·판단 근거·경영진 사과를 문서로 요구하며 4차까지 재인입

2. GCX_CS PROCEDURE 상 TPU 재질 변형·늘어남은 통상 사용 기간·환경 요인에 따른 현상으로 판단하나, 반복 재인입 및 상위 에스컬레이션 요청 시 신속 종결을 위한 예외적 환불 검토 가능

3. Previous_tickets.csv 대조 결과 동일 유형(Sand Blast TPU 늘어남) 유사 전례 확인되지 않음

4. 충성 고객 아님 (최근 2년 총 주문 2건으로 최소 기준 3건 미달, 단 환불 이력은 없음)","[TCK 예상 답변] 예외적 환불 도움을 위한 폐기사진 3차 요청 or 폐기 사진 없이 불편을 고려하여 예외적 환불 100%
[GCX AI 예상답변] 동일 (TCK가 제시한 두 옵션 중 폐기사진 없이 예외적 환불 100% 채택 권장 — 이미 4차까지 재인입되며 폐기 요구 자체에 강하게 반발한 강성고객으로, 3차 폐기사진 재요청은 추가 마찰만 유발할 가능성이 높음. 총 주문 2건으로 충성고객 기준은 미달이나 환불 이력 없어 abuse 정황 없음 + 소액(₹592) + 이미 인도 팀까지 에스컬레이션된 강성 컴플레인 건으로 신속 종결이 리스크 관리에 유리)",김지우 Kevin 글로벌CX전략팀 / 양숙랑 Grace 글로벌CX전략팀,"@ 양숙랑 Grace 글로벌CX전략팀 리더님, 본 티켓, 폐기지속거부하는 인도고객인데 INQ를 계속 클레임에 CC해서, '폐기 없이 도움불가 최종안내'해도 되는지 컨펌 부탁드립니다!
@ 김지우 Kevin 글로벌CX전략팀 폐기없이는 도움불가로 안내 바랍니다.
@ 양숙랑 Grace 글로벌CX전략팀 확인 감사합니다 리더님. 해당 고객 도움불가 최종안내 후 NRN하는걸로 전달하겠습니다!
@ Ticket Reporter 1. 도움불가 최종안내(폐기 요청 X) 2. 재인입시 NRN [GCX L 컨펌]"
GCX Agent 글로벌CX전략팀,https://spigenhelp.zendesk.com/agent/tickets/1000162998,"링크: https://spigenhelp.zendesk.com/agent/tickets/1000162998
국가 / 제품: DE / iPhone 18 Pro EZ Fit Schutzfolie [2 Stück]
ASIN=B0D84YX465 / SKU=AGL07928EUPB
구매일자: 2026-09-17","1차: EZ Fit 글라스 2장 모두 우측 상단 테두리(베젤)가 좌측보다 눈에 띄게 넓다고 주장, 이미 동일 제품 재구매 완료로 교환은 불필요, 환불 희망 → TCK가 탈착 후 전체 사진 + 포장 바코드 사진 요청

2차(현재): 사진 촬영 후 이미 글라스를 탈착·폐기했고 포장 박스도 이미 버려 추가 증빙 제공 불가

증빙 사진 확보 불가하나 충성 고객 고려한 예외적 100% 환불 검토 #제조편차의심 #증빙사진폐기 #충성고객","+ 구매 0개월(5일) 경과
+ (최근 2년) 총 주문 12개 / FBA 환불 3건 / 셀러 환불 0건 / MCF 발송 0건

1. 우측 상단 베젤 폭 불균일 주장, 최초 사진(IMG_0888) 1장 첨부. 이후 요청한 탈착 후 사진·바코드 사진은 이미 폐기되어 제공 불가. 동일 건이 ABM #1000163080으로도 동시 접수됨 — 중복 환불 방지를 위해 처리 시 유의 필요

2. GCX_CS PROCEDURE 상 제조 편차·외관 불량 클레임은 통상 탈착 후 사진 및 바코드 확인 후 처리하나, 증빙 폐기 시에는 충성 고객 예외 처리 가능

3. Previous_tickets.csv 대조 결과 동일 유형(EZ Fit 베젤 편차) 유사 전례 확인되지 않음

4. 충성 고객 (총 주문 12건 중 환불 3건 ≈ 25%, 기준 1/3 이하) — 문제 발생 1일 전 동일 상품을 재구매(주문 028-1396421-1902744)할 만큼 브랜드 신뢰 유지 중","[TCK 예상 답변] 제조 결함 확인되지 않지만 불편 고려하여 예외적 100% 환불 안내
[GCX AI 예상답변] 동일 (충성 고객 + 소액(16.01유로) + 사고 발생 1일 전 재구매 완료로 브랜드 이탈 리스크 낮음 + 증빙 사진은 폐기되었으나 최초 첨부 사진에서 베젤 편차가 육안으로 확인되므로 예외적 100% 환불이 타당. 단, 동일 건이 ABM #1000163080으로도 접수되어 있어 처리 전 중복 환불 여부 크로스체크 필요)",양숙랑 Grace 글로벌CX전략팀 / 김지우 Kevin 글로벌CX전략팀,"@ 김지우 Kevin 글로벌CX전략팀 프로님. 해당건 예외적으로 환불 대응 안내 부탁 드립니다. 9건 구매하신 충성고객인점 확인 하였습니다.
@ 양숙랑 Grace 글로벌CX전략팀 알겠습니다 리더님, 해당 고객 충성고객으로 예외적 환불 조치하겠습니다. 확인 감사합니다!
@ Ticket Reporter 1. 예외적 환불(9건 구매 충성고객인점 감안 환불 타당)"
GCX Agent 글로벌CX전략팀,https://spigenhelp.zendesk.com/agent/tickets/1000163038,"링크: https://spigenhelp.zendesk.com/agent/tickets/1000163038
국가 / 제품: Asia Pacific(Google Store) / Google Pixel Watch 4&5 Rugged Armor Pro (충전 스탠드)
GS Order=GS.2566-0897-6349 (ASIN/SKU 해당없음 — Google Store 채널)
구매일자: 확인 불가 (Google Store 채널, 구매일자 필드 미기재 — 제품 제조 배치는 08/2025)","1차(현재): Google Store에서 구매한 Pixel Watch 4&5용 Rugged Armor Pro 스탠드가 시계와 제대로 밀착되지 않아 충전 문제 지속 → 알려진 구버전(짧은 로고 핀) 배치 결함으로, 이후 긴 로고 핀 개선판으로 교체된 사례로 확인됨 → Google 측에 문의했으나 개선판 교환은 받지 못함 → Spigen 측에 개선판 재고 확인 및 교환(MCF) 가능 여부 문의 (사진 4장 첨부)

알려진 구버전 배치 기지 결함(개선판 존재)으로 MCF 발송 검토 필요 #GoogleStore #평생보증 #개선판교체","+ (최근 2년) 총 주문/환불 통계 확인 불가 (Google Store 채널 — Amazon 주문 조회 시스템 미적용)

1. 스탠드-시계 밀착 불량으로 인한 충전 문제, 알려진 구버전 배치 결함(개선판 존재), 마이크로 초점 사진 4장으로 핀 상태 확인 가능

2. 내부 <Google Store(GStore) 고객 문의 대응 운영안> 정책상 구매 후 15일 이내는 구글스토어 자체 환불, 15일 이후는 평생 보증(Lifetime Warranty)에 따라 교환(HQ GCX) 제공 — 사진/영상 확인 후 교환 가능 여부 판단, 개인정보 요청 후 MCF 처리, 누적 교환 횟수 제한 없음

3. Previous_tickets.csv 대조 결과 Rugged Armor Pro(Pixel Watch) 유사 전례 확인되지 않음

4. 충성 고객 여부 확인 불가 (Google Store 채널 — 주문/환불 이력 조회 불가)","[TCK 예상 답변] 주문 내역, 주문 국가, 개선품으로 MCF 발송 가능 여부 확인 후 MCF 발송을 위한 개인 정보 요청
[GCX AI 예상답변] 동일 (Google Store 평생보증 정책상 구매 15일 경과 후 클레임은 교환 대상이며, 사진상 밀착 불량이 확인되고 알려진 구버전 배치 결함(개선판 존재)이므로 개선판 재고 확인 후 MCF 발송을 위한 배송 정보 요청이 타당)",김지우 Kevin 글로벌CX전략팀,구매 국가 확인을 위한 인보이스 요청 중
GCX Agent 글로벌CX전략팀,https://spigenhelp.zendesk.com/agent/tickets/1000162793,"링크: https://spigenhelp.zendesk.com/agent/tickets/1000162793
국가 / 제품: UK / iPhone 18 Pro Max EZ Fit [2 Pack] Screen Protector (Slim)
ASIN=B0D84R9HYW / SKU=AGL07907UKOE
구매일자: 2026-09-19","1차: EZ Fit [2 Pack] 글라스 중 1장이 화면에 전혀 맞지 않고 다른 1장은 정상 부착됨 → 교체 가능 여부 문의 → TCK가 제품 상태·바코드 사진 및 기기 모델명 확인 스크린샷 요청

2차(현재): 기기 모델명 스크린샷은 첨부했으나 바코드·제품 상태 사진은 미제출, ""요청한 자료를 전부 갖고 있지 않다""며 강한 불만 표출(귀사는 결국 돈이 전부라는 취지)

충성 고객 고려한 예외적 MCF 제공 검토 필요 #디바이스미스매치 #증빙사진일부미제출 #충성고객","+ 구매 0개월(3일) 경과
+ (최근 2년) 총 주문 12개 / FBA 환불 2건 / 셀러 환불 0건 / MCF 발송 0건

1. 글라스 1장 정렬 불량 주장. 기기 모델명 스크린샷(IMG_5396, IMG_5397)은 제공됐으나 요청한 바코드·제품 상태 사진은 미제출. 재요청에 강한 불만 표출

2. GCX_CS PROCEDURE 상 디바이스 정렬 불량형 클레임은 통상 바코드+제품 상태 사진 확인 후 처리가 원칙이나, 사진 재요청이 반복될 경우 충성 고객 예외 처리 가능

3. Previous_tickets.csv 대조 결과 동일 유형(EZ Fit 정렬 불량) 유사 전례 확인되지 않음

4. 충성 고객 (총 주문 12건 중 환불 2건 ≈ 16.7%, 기준 1/3 이하)","[TCK 예상 답변] 충성 고객 및 고객 불편 고려하여 예외적 MCF 제공 + 고객 정보 회신 요청 (MCF) OR 사진 없이 도움 불가
[GCX AI 예상답변] 동일 (TCK가 제시한 두 옵션 중 예외적 MCF 제공 채택 권장 — 충성 고객(총 주문 12건/환불 2건=16.7%, abuse 기준 미달)이며 기기 모델명 스크린샷으로 iPhone 18 Pro Max 대상임은 확인됨. 다만 바코드·제품 상태 사진은 미제출 상태이므로, MCF 발송 시 배송지 정보 회신을 조건으로 안내하는 것이 타당)",김지우 Kevin 글로벌CX전략팀,@ Ticket Reporter 1. 예상 답변 중 MCF로 진행(사진첨부가 불가하다고 주장하는점 + 충성고객 고려 예외적 조치인점 명시 후 MFC타당)
GCX Agent 글로벌CX전략팀,https://spigenhelp.zendesk.com/agent/tickets/1000163126,"링크: https://spigenhelp.zendesk.com/agent/tickets/1000163126
국가 / 제품: JP / Galaxy S26 Ultra Slim Armor CS
ASIN=B0FXCK8P3P / SKU=ACS11225
구매일자: 해당없음 (구매 전 문의)","1차(현재): Galaxy S26 Ultra용 Slim Armor CS Light Blue 색상 구매를 고려 중이나, 상품 제목·사진은 Light Blue인데 색상 선택·상세 정보는 Abyss Green으로 표시되어 실제 배송 색상 문의. 구매 희망 색상은 Light Blue (스크린샷 2장 첨부)

상품 상세페이지 색상명 오기재로 확인되며, 실제 배송은 제목/사진과 동일한 Light Blue임을 안내 및 페이지 수정 예정 #리스팅오류 #색상표기오류","1. 상품 상세페이지의 색상 옵션명이 ""Abyss Green""으로 잘못 표기되어 있으나, 제목·대표 이미지는 Light Blue로 일치 — 리스팅 상 표기 오류로 판단됨

2. 타고객 유사 전례 없음","[TCK 예상 답변] 구매하시면 Light Blue 색상으로 배송됨 + 상품 페이지의 색상명은 수정하겠음 + 제품 페이지 혼동에 대한 사과
[GCX AI 예상답변] 동일 (제목·대표 이미지가 Light Blue로 일관되고 색상 옵션명만 오기재된 것으로 확인되어, 실제 배송 색상 안내 + 페이지 수정 조치가 타당)",김지우 Kevin 글로벌CX전략팀,@ Ticket Reporter 1. 예상 답변 진행 (담당자 리스팅 수정 예정)
GCX Agent 글로벌CX전략팀,https://spigenhelp.zendesk.com/agent/tickets/1000162353,,,,"[TCK 예상 답변] 
[GCX AI 예상답변]",양숙랑 Grace 글로벌CX전략팀 / 나아름 Jane 글로벌CX전략팀,"네, 프로님. 이건 제가 진행 할께요. 감사합니다! 1
네 리더님, 감사합니다!"
GCX Agent 글로벌CX전략팀,https://spigenhelp.zendesk.com/agent/tickets/1000162942,"링크: https://spigenhelp.zendesk.com/agent/tickets/1000162942
국가 / 제품: JP(라쿠텐) / iPhone Duo EZ Fit Pro Privacy 필름 (2P)
SKU=AGL12009
구매일자: 2026-09-14","1차: iPhone Duo용 EZ Fit Pro Privacy 보호필름(2P) 부착 1주일도 안 되어, 한 번도 낙하시킨 적 없는데 필름이 깨짐 발생. 품질 문제인지 문의 (사진 첨부) → 라쿠텐 CS가 교환 처리 여부 확인 요청, Spigen이 교환 승인 완료

2차(현재): 라쿠텐 CS가 고객의 후속 질문 전달 — (1) 2개입 제품 중 미사용 나머지 1개만 반품하면 되는지, (2) 교환품 도착 전까지 현재 붙어있는(깨진) 필름을 계속 사용해도 되는지 확인 요청

이미 사용한 1개는 제외하고 미사용 1개만 반품받아도 무방하며, 깨진 필름은 파편 위험이 없다면 교체 전까지 계속 사용 가능하다고 안내 권장 #글라스깨짐 #교환승인완료","+ 구매 8일 경과
1. 부착 후 1주일 내 낙하 없이 필름 파손 주장, 사진 첨부(IMG_0068)

2. 교환 자체는 이미 Spigen이 승인 완료한 상태이며, 이번 문의는 반품 수량 및 파손 필름 계속 사용 가능 여부에 대한 절차 확인임

3. 타고객 유사 전례 없음","[TCK 예상 답변] 확인 불가 (라쿠텐 CS가 반품 수량 및 파손품 계속 사용 가능 여부에 대해 Spigen 측 확인을 요청하는 구조)
[GCX AI 예상답변] 1. 이미 사용한 1개는 반품 대상에서 제외하고, 미사용 1개만 반품받는 것으로 진행해도 무방함
2. 파손된 필름에 날카로운 파편이나 들뜸으로 인한 상해 위험이 없다면 교환품 도착 전까지 계속 사용해도 무방하다고 안내",김지우 Kevin 글로벌CX전략팀,@ Ticket Reporter 1. 예상 답변 진행(2P 제품으로 한 장만 교환 불가 + 사용개월 수 짧음 = 예외적 교품 제공 타당)
GCX Agent 글로벌CX전략팀,https://spigenhelp.zendesk.com/agent/tickets/1000162079,"링크: https://spigenhelp.zendesk.com/agent/tickets/1000162079
국가 / 제품: IT / iPhone 17 EZ Fit Vetro Temperato (SP_Glas.tR EZ Fit Slim 계열)
ASIN=B0D84YX465 / SKU=AGL07928
구매일자: 2026-09-11","1차: iPhone 17(standard)용 EZ Fit 강화유리 부착 후 접착/편광층 제조 결함으로 텍스트 주변에 마젠타색 헤일로 및 사진·영상 색상 왜곡이 발생한다고 주장. 디지털 스크린샷으로 확인 시 휴대폰 디스플레이 자체는 정상이며, 빛이 유리를 통과할 때만 색수차가 발생한다고 주장 (사진 3장 + 패키지 뒷면 사진 첨부)

2차(현재): TCK가 제공된 사진으로는 마젠타 헤일로/색상 변화를 검증할 수 없다고 판단, 워런티 정책상 결함이 검증 가능해야 한다며 Amazon 고객센터를 통한 교환/환불 안내로 종결

사진 증빙 불충분으로 자사 워런티 대응 대신 Amazon CS 안내로 종결 #기타사항 #증빙불충분","+ 구매 11일 경과
+ (최근 2년) 총 주문 2개 / 환불 0건

1. 색수차/헤일로 현상 주장이나 제공된 사진만으로는 육안 검증이 어려움. 영상은 이미 보호필름을 제거해 촬영 불가하다고 밝힘

2. TCK가 워런티 정책상 검증 가능한 결함 문서화가 필요하다고 판단하여 Amazon CS 경유 교환/환불로 안내

3. 타고객 유사 전례 없음

4. 충성 고객 아님 (총 주문 2개 < 3, 판정 기준 미충족)","[TCK 예상 답변] 
[GCX AI 예상답변]",김지우 Kevin 글로벌CX전략팀,@ Ticket Reporter 1. 고객 불편 공감 2. 제조상 결함을 확인할 수 있는 사진/영상이 제출되지 않아 도움 불가한점 양해 바람(도움 불가 1차 안내)
GCX Agent 글로벌CX전략팀,https://spigenhelp.zendesk.com/agent/tickets/1000163010,"링크: https://spigenhelp.zendesk.com/agent/tickets/1000163010 (원 티켓 #1000153035의 후속)
국가 / 제품: DE(고객 폴란드 거주 추정) / iPhone 17 Pro Ultra Hybrid T MagFit
ASIN=B0FH5W1L68 / SKU=ACS10471
구매일자: 2025-09-13 (12개월 9일 경과)","1차(원 티켓 #1000153035): iPhone 17 Pro용 UH T MagFit 케이스를 탈착하던 중 휴대폰 모서리 소재가 변형되는 손상 발생 주장. 케이스가 과도하게 타이트하거나 탈착 시 극심한 마찰·압력을 유발하는 구조 결함으로 추정. Apple 스토어 방문 결과 기술자가 ""케이스로 인한 손상이며 다른 물리적 손상 증거 없음""이라 답변했다고 주장. 폴란드 민법 제449조(위험한 제품 손해배상) 및 소비자권리법 근거로 케이스 환불(약 89 PLN) + 기기 수리비 5900 PLN 보상 요구, 14일 법정 기한 내 미해결 시 소비자옴부즈만·언론 제보 등 추가 법적 조치 예고 (손상 사진 다수 첨부)

2차(현재, 후속 티켓): 답변 지연에 대한 클라리파이 요청 및 재차 환불 요구, 손해에 비해 환불만으로는 부족하다는 입장 재확인, 폴란드 경쟁·소비자보호청(UOKiK)을 통해 처리하겠다고 예고

기기 손상과 제조상 결함 간 인과관계 성립 어려워 기기 보상 불가 재안내, 고객 불편 고려하여 케이스 1개 예외적 환불 100% 안내 #기기손상주장 #LegalAction언급 #강성고객","+ 구매 12개월 9일 경과 (원 인입 기준)
+ (최근 2년) 총 주문 4개 / FBA 환불 0건 / 셀러 환불 0건 / MCF 발송 0건

1. 기기 모서리 변형 손상 사진 다수 + 구매 영수증 첨부. Apple 스토어 기술자 소견을 근거로 제시하나 당사 검증 자료는 아님

2. Legal Action 언급(폴란드 민법 제449조, UOKiK 소비자보호청 제소 예고) — HARD RULE에 따라 강성고객 분류 신호로만 처리하며 실제 법적 리스크로 가중 판단하지 않음

3. 동일고객 클레임 이력: 본 건은 #1000153035의 직접 후속 티켓

4. 충성 고객 (총 주문 4개, 환불 이력 없음)","[TCK 예상 답변] 고객 불편 유감
제조상 결함으로 인해 기기 손상되었다는 인과관계 성립되지 않으므로 기기 보상 불가 재안내
단, 고객 불편 고려하여 케이스 1개에 대한 예외적 환불 100% 처리 및 안내
[GCX AI 예상답변] 동일 (케이스 탈착 시 기기 손상이라는 인과관계는 당사가 독립적으로 검증한 바 없고 Apple 스토어 소견도 제3자 진술에 불과해 기기 보상 불가가 타당 + 다만 충성 고객이며 강성 고객 신호(Legal Action 언급)가 있어 관계 관리 차원에서 케이스 자체는 예외적 환불 100% 진행 권장)",김지우 Kevin 글로벌CX전략팀,@ Ticket Reporter 1. 동일 (케이스 탈착 시 기기 손상이라는 인과관계는 당사가 독립적으로 검증한 바 없고 Apple 스토어 소견도 제3자 진술에 불과해 기기 보상 불가가 타당 + 다만 충성 고객이며 강성 고객 신호(Legal Action 언급)가 있어 케이스 자체만 예외적 환불 100% 진행 타당)
GCX Agent 글로벌CX전략팀,https://spigenhelp.zendesk.com/agent/tickets/1000162648,"링크: https://spigenhelp.zendesk.com/agent/tickets/1000162648
국가 / 제품: ES / iPhone 18 Pro Max EZ Fit Protector Pantalla [2 Pack]
ASIN=B0D84R9HYW / SKU=AGL07907EUPB
구매일자: 2026-09-10","1차: iPhone 18 Pro Max용 Ultra Hybrid MagFit 케이스를 구매했는데 실제로는 규격이 맞지 않아 케이스가 글라스를 들뜨게 만든다고 주장 → 타사 Screen Protector와의 호환은 보장 불가하다고 안내

2차: 아마존에서 슈피겐 자사 글라스(EZ Fit)를 구매했다고 정정, 자사 글라스와의 호환 문제 시 주문번호·사진·바코드 사진 첨부 요청

3차(현재): 주문번호, 사진, 바코드 사진 첨부하며 iPhone 18 Pro Max용 EZ Fit 구매 확인됨

자사 글라스(EZ Fit) 자체의 자사필름간섭 이슈로 확인되어 EZ Fit 제품에 한해 환불 100% #자사필름간섭 #환불100%","+ 구매 12일 경과
+ (최근 2년) 총 주문 8개 / FBA 환불 2건 / 셀러 환불 1건 / MCF 발송 0건

1. 자사 EZ Fit 글라스가 케이스와 간섭하며 들뜨는 현상 주장, 주문번호·사진·바코드 사진 첨부 완료

2. 동일고객 클레임 이력: #1000120565에서 Apple Watch Ultra 3(49mm)용 Modern Fit 제품 설명 무게(24g)와 실측(68g→확인 55g) 불일치로 환불 100% 처리된 이력 있음

3. 충성 고객 아님 (환불 3건 > 총 주문 8건의 1/3≈2.67건)","[TCK 예상 답변] iPhone 18 Pro Max용 EZ Fit만 환불 100%
[GCX AI 예상답변] 동일 (자사 제품(EZ Fit) 간 호환성 문제로 확인되어 워런티 범위 내 사안이며, 주문번호·사진·바코드 증빙도 모두 확보됨 — 환불율이 1/3을 다소 초과해 충성 고객은 아니나 자사 정품 간 호환 결함이라는 점에서 EZ Fit 제품 한정 환불 100%가 타당. 원래 구매한 UH MagFit 케이스는 타사 필름 건이므로 환불 대상 아님)",김지우 Kevin 글로벌CX전략팀,@ Ticket Reporter 1. 예상 답변 진행(자사 제품간 호환성 문제로 확인돼 보호필름 한정 환불 타당) 2. PI PPT 작성 요망
GCX Agent 글로벌CX전략팀,https://spigenhelp.zendesk.com/agent/tickets/1000162483,"링크: https://spigenhelp.zendesk.com/agent/tickets/1000162483
국가 / 제품: IT / Google Pixel 11 Nano Pop MagFit
ASIN=B0GJ7CYQDX / SKU=ACS11445
구매일자: 2026-09-10","1차: Google Pixel 11용 Nano Pop MagFit 케이스가 제품 정보와 다르게 '카메라 주변의 돌출된 테두리'가 빠져있다고 주장. 제조상 결함인지 원래 디자인인지 문의하며 어느 경우든 제품 설명과 불일치한다고 함(사진 첨부) → 로고 + 바코드 + 카메라 글라스 부착 여부 확인 요청

2차(현재): 로고 사진 추가 첨부, 패키지는 보관하지 않음. 반품 기한(9월 26일)까지 답변 대기 가능하며, 문제가 해결된 경우에만 동일 케이스 재구매 의향 있다고 밝힘

제품 페이지 이미지상 ""Raised lips around camera for camera lens protection"" 문구가 확인되어 제품 설명과 실물 불일치가 인정되는 사안 — 전액 환불 도움 권장 #제품정보상이 #환불100%","+ 구매 12일 경과
+ (최근 2년) 총 주문 1개 / FBA 환불 0건 / 셀러 환불 0건 / MCF 발송 0건

1. 카메라 주변 돌출 테두리(라이즈드 립) 부재 주장, 로고/바코드 사진 첨부. 원본 패키지는 보관하지 않음

2. 제품 페이지 이미지 자체에 ""Raised lips around camera for camera lens protection"" 문구가 명시되어 있어, 고객이 받은 실물과 제품 설명 간 불일치가 확인됨

3. 타고객 유사 전례 없음

4. 충성 고객 아님 (총 주문 1개 < 3, 판정 기준 미충족)","[TCK 예상 답변] 환불 100%
[GCX AI 예상답변] 동일 (제품 페이지 이미지에 명시된 카메라 보호 돌출 테두리가 실물에 없다는 점이 사진으로 확인되어 제품 정보 상이 사안으로 판단됨 — 충성 고객 여부와 무관하게 표시 사항 불일치에 따른 전액 환불이 타당)",김지우 Kevin 글로벌CX전략팀,@ Ticket Reporter 1. 예상 답변 진행(케이스 장착시 카메라부 돌출로 케이스로서 역할을 제대로 할 수 없는 것으로 판단되어 해당 관련 이슈 제기 고객에게 환불 타당)(유관부서 공유 예정)
GCX Agent 글로벌CX전략팀,https://spigenhelp.zendesk.com/agent/tickets/1000162847,"링크: https://spigenhelp.zendesk.com/agent/tickets/1000162847
국가 / 제품: DE / Google Pixel 11 Pro GLAStR EZ Fit Pro Optik
ASIN=B0H273W2N6 / SKU=AGL11484
구매일자: 2026-09-13","1차: Google Pixel 11 Pro용 카메라 렌즈 보호 글라스(GLAStR EZ Fit Pro Optik) 부착 후 줌 카메라 화질이 심하게 왜곡되고 기능이 크게 저하됨. 제품 설명상 카메라 성능에 영향 없다고 명시되어 있으나 실제로는 그렇지 않다며 반품 또는 교환 요청, 왜곡된 카메라 화면 사진 다수 첨부

2차(현재): 바코드/제품 포장 사진 추가 첨부하며 재차 문의

사내 SIREN 검토 결과 정상 설치 환경에서는 재현되지 않는 것으로 확인되었으나, 유사 리뷰가 지속 인입되어 고객 불편을 고려한 예외적 환불 검토 #후면카메라화질저하 #SIREN기검토완료","+ 구매 9일 경과
+ (최근 2년) 총 주문 2개 / FBA 환불 0건 / 셀러 환불 0건 / MCF 발송 0건

1. 줌 카메라 화질 저하 및 왜곡 주장, 왜곡된 화면 사진 다수 + 제품 포장/바코드 사진 첨부

2. 사내 기존 SIREN 검토 결과 있음 — 망원렌즈부 AF 센서 영역 오염/버블이나 렌즈·Optik 표면 심한 오염 상태에서만 재현되는 현상으로 확인되었고, 정상적인 제품·설치 환경에서는 구현되기 어려운 인위적/가혹 환경 조건에서만 발생함이 재확인됨(SIREN 검토 자료). 다만 관련 리뷰가 지속적으로 인입되어 Tier 2 ESC 진행 중

3. 타고객 유사 전례: 동일 defect 클러스터 관련 기존 SIREN 케이스 있음(위 자료 참고)

4. 충성 고객 아님 (총 주문 2개 < 3, 판정 기준 미충족)","[TCK 예상 답변] 제조상 결함 여부 확인되지 않았으나 고객 불편 고려하여 예외적 환불 도움
[GCX AI 예상답변] 동일 (기존 SIREN 검토에서 정상 설치 환경 재현 불가로 결론났고 충성 고객도 아니나, 화질 저하를 명확히 보여주는 사진 다수 확보 + 저가/저위험 케이스이자 유사 클레임이 지속 인입 중인 이슈 라인이라 고객 불편 고려 예외적 환불이 관계 유지 측면에서 타당)",김지우 Kevin 글로벌CX전략팀,@ Ticket Reporter 1. 예상 답변 진행(최초인입 고객인점 + 공지된 이슈인점 + 무결함으로 내부 판정났으나 블러현상이 보이는 이미지를 3개나 첨부한점에서 환불 타당)
GCX Agent 글로벌CX전략팀,https://spigenhelp.zendesk.com/agent/tickets/1000162353,"링크: https://spigenhelp.zendesk.com/agent/tickets/1000162353
국가 / 제품: JP / Google Pixel Watch 5 (45mm) Lite Fit X
ASIN=B0GH3ZWD3Y / SKU=AMP11421
구매일자: 2026-09-16","1차~4차: (이전 리포트 참고) 밴드 연결부 마감 불량으로 정상 장착 불가 주장 → ODM 불량 소지로 확인 진행, 1차 구매분(注文 503-6202987-0363032) 환불 완료 안내, 반복 재인입

5차(현재): 추가로 구매한 두 번째 주문(503-7771326-1210239)도 밴드 연결부가 커서 정상 장착이 안 된다고 주장하며, ""미세한 개체 차이""라는 기존 설명을 반박 — 정상적으로 장착 가능한 제품을 구할 수 있는 방법 요구

동일 결함이 서로 다른 두 유닛에서 재현된다는 주장이나, 이미 다회 재인입 이력과 1건 환불 완료 상태 — 추가 도움 불가 안내 및 반복 시 NRN 전환 검토 #재인입 #NRN검토","+ (최근 2년) 총 주문 19개 / FBA 환불 0건(신규 2차 주문 반영 전) / 셀러 환불 0건 / MCF 발송 0건

1. 두 번째 주문에서도 동일 결함 주장이나 이번 턴엔 새 사진 첨부 없이 기존 자료만 재인용. 슈피겐 대응이 성실하지 않다며 아마존/구글에 신고했다고 주장 — 강성 고객 신호

2. 동일 사안에 대해 시간 간격을 두고 반복적으로 불만 메시지 발송한 이력 다수, 이미 1차 구매분 환불 완료

3. 동일고객 클레임 이력: 본 티켓 내 1~4차 turn 전체가 동일 고객의 반복 재인입

4. 충성 고객 (총 주문 19개, 환불 비율 낮음)","[TCK 예상 답변] 새로 구입한 503-7771326-1210239도 환불 + 재 구매시 동일 이슈 발생 가능성 있어 구입하지 않으실 것 권장 + 환불 대응에도 반복적인 불만 메시지 표시하여 추가 인입 시 NRN 처리
[GCX AI 예상답변] 동일 (1차 구매분 환불 완료 후에도 반복적 불만 재인입 이력 다수 + 강성고객 신호(신고 언급) 확인됨 — 2차 구매분도 동일하게 환불 처리 후 재인입 시 도움 불가/NRN 전환이 타당. 다만 동일 결함이 서로 다른 두 개별 유닛에서 재현된다는 점은 개별 편차보다 제품 자체 이슈일 가능성을 시사하므로, 영업팀이 이미 진행 중인 SIREN 등록 건에 이 재인입 내용도 함께 참고 전달 권장)
, 4 replies, Last Reply: Sep 22, 10:32 AM
,
Sep 22, 9:40 AM
,
4 replies
, Last Reply
Sep 22, 10:32 AM",김지우 Kevin 글로벌CX전략팀 / 양숙랑 Grace 글로벌CX전략팀,"@ 양숙랑 Grace 글로벌CX전략팀 리더님, 어제 재인입시 리더님이 에스컬 부탁하신 티켓입니다!
@ 김지우 Kevin 글로벌CX전략팀 프로님. 해당 티켓 처리 할께요. 공유 감사해요.
@ 양숙랑 Grace 글로벌CX전략팀 확인 감사합니다 리더님!"
GCX Agent 글로벌CX전략팀,https://spigenhelp.zendesk.com/agent/tickets/1000162934,"링크: https://spigenhelp.zendesk.com/agent/tickets/1000162934
국가 / 제품: DE / iPhone 18 Pro Max Thin Fit MagFit - Black
ASIN=B0FD1RXXWT / SKU=ACS09879PAN
구매일자: 2026-09-14","1차: iPhone 18 Pro Max/17 Pro Max용 Thin Fit MagFit 케이스 후면에 단차가 있고 카메라 버튼 주변 모서리가 매우 날카로움. 2017년부터 슈피겐 케이스를 애용해왔기에 일반적인 현상이 아님을 잘 알고 있다며 새 제품 교환 요청, 사진 2장 첨부 → 바코드(제품 포장 뒷면) 사진 요청

2차(현재): 바코드 사진 추가 첨부하며 재인입

제조상 결함 확인은 어려우나 모서리 날카로움에 따른 고객 불편을 고려해 예외적 MCF 발송 검토 #가장자리날카로움 #예외적MCF발송","+ 구매 7일 경과
+ (최근 2년) 총 주문 2개 / FBA 환불 0건 / 셀러 환불 0건 / MCF 발송 0건

1. 케이스 후면 단차 + 카메라 버튼 주변 모서리 날카로움 주장, 바코드 사진 포함 총 3장 첨부. 2017년부터 슈피겐 애용 고객이라며 일반적 현상이 아니라고 강조

2. 사진상 카메라 컷아웃 모서리 날카로움이 확인되며, 바코드로 LOT 추적 가능. 현재 재고 충분(522 fulfillable)하여 신속한 MCF 대응 가능

3. 타고객 유사 전례 없음

4. 충성 고객 아님 (총 주문 2개 < 3, 판정 기준 미충족)","[TCK 예상 답변] 제조상 결함 아니지만 예외적 MCF 발송
[GCX AI 예상답변] 동일 (사진상 카메라 컷아웃 모서리 날카로움이 명확히 확인되고 바코드로 LOT 추적 가능한 상태 + 재고 충분(522 fulfillable)해 신속 MCF 대응 가능 + 총 주문 2건으로 abuse 이력 없음 → 예외적 MCF 발송이 타당)",김지우 Kevin 글로벌CX전략팀,@ Ticket Reporter 1. 예상 답변 진행(최초인입 고객 + 신제품 초기 불량 가능성 + 사진상 그렇게 날카로워보이지는 않으나 실제 사용자에게는 날카로움을 느낄 수 있음 = MCF 타당)
GCX Agent 글로벌CX전략팀,https://spigenhelp.zendesk.com/agent/tickets/1000162353,"링크: https://spigenhelp.zendesk.com/agent/tickets/1000162353
국가 / 제품: JP / Google Pixel Watch 5 (45mm) Lite Fit X
ASIN=B0GH3ZWD3Y / SKU=AMP11421
구매일자: 2026-09-16","1차: Google Pixel Watch 5(45mm)용 Lite Fit X 밴드 구매 후, 밴드 쪽 마감 불량으로 시계 본체 연결부에 완전히 맞물리지 않고 분리 버튼이 눌린 상태가 되어 밴드가 빠짐 → ODM 불량 소지로 Tier 2 에스컬레이션, 확인 대기 안내

2차: 환불 후에도 문제가 해결되지 않았다며 정상 작동하는 제품으로 교환 요청 (※이 시점 환불은 이미 처리 완료된 상태)

3차: 정상 장착 가능한 제품을 받을 수 있는 방법 문의, LOT 번호 재확인 요청 및 동일 이슈 사례(리뷰 2건: 연결 부품 크기 상이/잠금장치 소음) 인용하며 반복 항의

4차(현재): 아마존 환불 메시지가 반품에 의한 것이 아니라며 판매자 허위 처리라고 재차 항의, 회신 재촉

이미 환불 완료된 건에 대한 재인입으로, 제조상 결함 확인은 어려우나 고객 불편을 고려해 추가 도움드리지 못함을 안내하며 종결 처리 #환불완료 #재인입 #ODM불량소지","+ 구매 5일 경과
+ (최근 2년) 총 주문 19개 / FBA 환불 0건 / 셀러 환불 0건 / MCF 발송 0건

1. 밴드 연결부 마감 불량 주장, 사진 3장(매크로 촬영) + LOT 번호 사진 첨부됨. 동일 이슈로 보이는 타 리뷰 2건도 함께 인용

2. 개발팀/PM팀(임상미) 검토 결과: 개별 편차 발생 가능성은 있으나 고객에게 직접 안내하기엔 부적절하다고 판단 — 대신 제품 자체 편차 사유로 안내 후 환불로 대응하기로 결정. 향후 유사 사례집에도 별도 등록 예정

3. 타고객 유사 전례 없음

4. 충성 고객 (총 주문 19개 / 환불 0건)","[TCK 예상 답변] 
[GCX AI 예상답변]",김지우 Kevin 글로벌CX전략팀 / 나아름 Jane 글로벌CX전략팀 / 양숙랑 Grace 글로벌CX전략팀,"@ 양숙랑 Grace 글로벌CX전략팀 @ 나아름 Jane 글로벌CX전략팀 리더님 & 프로님, 해당 티켓은 처리됐으나 ADS JP 임상미프로님이 사이렌 작성 예정이라고해서 기록차 남겨놓습니다!
@ 김지우 Kevin 글로벌CX전략팀 넵 프로님, 참고하겠습니다. 공유 감사합니다!
Edited @ 김지우 Kevin 글로벌CX전략팀 @ 나아름 Jane 글로벌CX전략팀 프로님들. 고객이 납득 가능한 설명을 요구하고 계셔서 재인입시 제가 답변 하도록 하겠습니다. 불량이 있는데 불량이 확인 되지 않는다는 말에 재 인입 될것 같습니다.
@ 양숙랑 Grace 글로벌CX전략팀 알겠습니다 리더님, 해당 고객 재인입시 NRN하지 않고 리더님이 고객에게 납득되도록 회신하는걸로 알고 있겠습니다!
네 리더님, 재인입되면 별도 말씀드리겠습니다~!"
GCX Agent 글로벌CX전략팀,https://spigenhelp.zendesk.com/agent/tickets/1000163297,"링크: https://spigenhelp.zendesk.com/agent/tickets/1000163297
국가 / 제품: IN / Air Skin Aramid MagFit for Galaxy S26 Ultra, Black
ASIN=B0FVB22GHK / SKU=ACS11029INP
구매일자: 2026-08-09","1차: Galaxy S26 Ultra용 Air Skin Aramid MagFit 케이스를 정상적으로 사용했고 특별한 환경에 노출된 적 없는데 변색되어 교환 또는 솔루션 요청(사진·영상 첨부) → 다른 소재 접촉·습기·환경적 요인 등 외부 요인 가능성으로 도움 불가 안내

2차(현재): 답변에 실망감을 표하며, 외부 요인이라는 주장에 구체적 증거나 조사가 없었다고 지적. 이 변색이 일반적인지, 정상 사용 시 컬러 지속 기간은 어느 정도인지 등 명확한 답변을 요청하며 선명한 추가 사진 제공 의사 표명

1개월 만의 변색으로 첫 문의·환불 이력 없는 점 고려하여 폐기 사진 확인 후 예외적 환불 검토 #이염변색 #1개월내변색 #환불이력없음","+ 구매 1개월(45일) 경과
+ (최근 2년) 총 주문 2개 / FBA 환불 0건 / 셀러 환불 0건 / MCF 발송 0건

1. 첨부된 사진·영상상 낙하·화학물질 접촉 등 명확한 외부요인의 증거는 확인되지 않으며, 황변의 경우 형광등, 자외선 노출, 화장품 등 다양한 사용환경 요인에 의해서도 발생할 수 있어 제조상 결함으로 단정하기는 어려움

2. 다만 구매 1개월 만의 변색은 통상적인 사용 대비 이례적으로 빠른 편이며, 고객의 반박 어조가 차분하고 구체적인 정책 근거를 요청하는 합리적인 수준

3. 충성 고객 판단 불가 (최근 2년 총 주문 2개로 최소 기준 3개 미달)

4. 환불 이력 없는 첫 문의 고객","[TCK 예상 답변] 사진과 영상 확인 시, 결함으로 보기 어려움 + 사용 패턴이나 환경적 요인에 따라 제품 상태는 상이할 수 있음 + 도움 불가 2차 안내 OR 사진과 영상 확인 시, 결함으로 보기 어려우나 예외적으로 폐기 사진 확인 후 환불로 도움 드리겠음
[GCX AI 예상답변] 1. 정상 사용 및 관리에도 불구하고 한 달 만에 변색이 발생하여 불편을 드린 점 유감입니다.
2. 사진상 명확한 외부요인 증거는 확인되지 않으며, 황변은 다양한 사용환경 요인에 의해서도 발생할 수 있어 제조상 결함으로 단정하기는 어렵습니다.
3. 다만 구매 1개월 만의 변색은 이례적으로 빠른 편이고 환불 이력이 없는 첫 문의 고객인 점을 고려하여, 폐기 사진 확인 후 예외적으로 환불 도움드리는 것이 타당합니다.",김지우 Kevin 글로벌CX전략팀,"@ Ticket Reporter 1. 고객 불편 공감 2. 사진상 명확한 외부요인 증거는 확인되지 않으며, 변색은 다양한 사용환경 요인에 의해서도 발생할 수 있으며 제조상 결함은 찾을 수 없었음 3. 이번만 예외적 폐기 사진 확인 후 예외적으로 환불 도움 예정 비고: 사진 및 영상상 측면 색이 바랜 것 확인 가능, 스크레치 나 크랙 없이 변색만 이뤄진 것으로 봤을 때 정상 사용 중 쓸림 등의 이유로 발생 가능성 있음"
GCX Agent 글로벌CX전략팀,https://spigenhelp.zendesk.com/agent/tickets/1000163016,"링크: https://spigenhelp.zendesk.com/agent/tickets/1000163016
국가 / 제품: DE / Urban Fit Case for Apple AirPods Max 2/1, Black
ASIN=B08TTHQ1MV / SKU=ASD02832PAN
구매일자: 2026-04-23","1차: Urban Fit 케이스가 구매 후 반년도 안 돼 보호 패드가 분리되기 시작함(사진 첨부). Ultra Hybrid Pro Zero One(SKU ACS05592)으로 교환 요청 → TCK가 다른 각도 사진 및 사용 경위 요청

2차(현재): 실사용 빈도는 낮았고 항상 머리 착용 용도로만 사용, 미사용 시 Spigen Klasen 케이스에 보관했다고 답변. 실밥이 풀릴 염려가 없는 Ultra Hybrid Pro Zero One 모델로의 교환을 재차 요청 (추가 사진 3장 첨부)

사용 마모에 따른 통상적 결함으로 판단, 도움 불가 안내 #패드분리 #환불율근접 #동일고객반복이력","+ 구매 5개월(153일) 경과
+ (최근 2년) 총 주문 19개 / FBA 환불 8건 / 셀러 환불 1건 / MCF 발송 1건

1. 케이스 보호 패드 분리 주장, 사진상 마감재 박리로 보이나 낙하·충격 등 외부 요인 증거는 없음. 다만 환불 비율 9/19≈47.4%로 abuse 경계 구간에 근접함

2. 동일고객 클레임 이력: #1000148672(Apple Watch Ultra EZ Fit 글라스 파손 → MCF 발송), #1000144839(iPad Air EZ Fit 글라스 불균일 → MCF 발송), #1000154320(iPhone Air EZ Fit Privacy 글라스 버블, 사진 미첨부 → 충성 고객 고려 예외적 환불) — 최근 3건 모두 관대하게 처리된 이력

3. 서로 다른 이메일 2개(thomas.doering2806@gmail.com / thomas.doering@icloud.com) 사용 정황 확인됨

4. 충성 고객 아님 (환불 9건 > 총 주문 19건의 1/3=약 6.3건)","[TCK 예상 답변] 사용 중 발생한 결함에 대해 도움 불가 안내
[GCX AI 예상답변] 동일 (사진상 낙하·충격 등 명확한 외부요인 증거는 없으나 패드 분리는 장기 사용에 따른 통상 마모로 보이며, 환불 비율이 47.4%로 abuse 경계에 근접한 데다 최근 3건의 상이한 제품 클레임 모두 이미 관대하게 처리(MCF 2건 + 예외적 환불 1건)된 이력이 있고 동일인으로 추정되는 2개 이메일 사용 정황까지 있어, 다른 상위 모델로의 교환 요청까지 수용하는 것은 무리가 있어 도움 불가가 타당)",김지우 Kevin 글로벌CX전략팀,@ Ticket Reporter 1. 예상 답변 진행(사진상 외부 충격에 인한 것으로 추정 + 고환불 이력으로 도움불가 1차 안내 타당)
GCX Agent 글로벌CX전략팀,https://spigenhelp.zendesk.com/agent/tickets/1000163038,"링크: https://spigenhelp.zendesk.com/agent/tickets/1000163038
국가 / 제품: AU / Rugged Armor Pro (Google Pixel Watch 4/5 겸용 거치대, Google Store 구매)
ASIN=확인 불가 / SKU=확인 불가 (Google Store 채널, 인보이스 제출됨 - 티켓 필드 미기입)
구매일자: 확인 불가 (인보이스 제출됨, 상세 날짜 미기재)","1차: Google 스토어에서 구매한 Pixel Watch용 Rugged Armor Pro 거치대가 실제로는 2025년 8월 제조된 구형(Pixel Watch 4용) 버전으로 배송되어 워치와 밀착 불량으로 상시 충전 문제 발생. 이는 알려진 결함이며 이후 로고 핀이 긴 개선 버전으로 교체된 사실 확인, Google 측에 개선품 교환을 요청했으나 받지 못함 (사진 4장 첨부)

2차(현재, 24시간 경과 후 재확인): TCK 요청에 따라 인보이스 및 영수증 제출 완료 — 신규 불만 없이 MCF 진행을 위한 자료 제공 단계

인보이스 확인 후 개선판 재고 확인되면 MCF 발송 진행 #충전호환불가 #개선판MCF검토 #Google스토어구매","+ 구매일자 확인 불가 (Google Store 구매, 인보이스 제출됨 - 상세 날짜 미기재)
+ (최근 2년) 총 주문/환불 통계 확인 불가 (Google Store 채널, Amazon 주문 이력 조회 대상 아님)

1. 거치대 자체가 구형(Pixel Watch 4용, 2025-08 제조) 버전으로 오배송되어 충전 밀착 불량 발생 — 사진상 제조상 결함이라기보다 구형 재고 오배송/호환성 이슈로 판단됨

2. GStore 고객 대응 운영안(GS.2566-0897-6349) 기준: 구매 15일 이내 환불(구글스토어 내), 15일 이후 평생보증(Lifetime Warranty)에 따른 제품 교환(MCF) 제공 — 개선판 재고 확인 후 MCF 발송이 정책에 부합

3. 담당자(양숙랑) 지시: 인보이스 요청 및 국가 확인 후 MCF 가능 국가일 경우 제안 — 금일 인보이스 제출 완료로 국가(AU)/재고 확인 단계로 진행 가능

4. 충성 고객 여부 판단 불가 (Google Store 채널로 Amazon 주문 이력 조회 대상 아님)","[TCK 예상 답변] 주문 내역, 주문 국가, 개선품으로 MCF 발송 가능 여부 확인 후 MCF 발송을 위한 개인 정보 요청
[GCX AI 예상답변] 동일 (구형(Pixel Watch 4용) 거치대 오배송으로 인한 충전 밀착 불량이 사진으로 확인되고 인보이스 제출까지 완료되어 승인 절차가 진행 중이므로, 담당자(양숙랑) 지시대로 국가(AU) MCF 가능 여부 확인 후 개선판 MCF 발송이 타당)",나아름 Jane 글로벌CX전략팀,"*GStore 문의 / MCF 처리 불가 (국가: AU) / SQ측 확인 필요
*먼데이보드 SQ측 고객 문의 전달 완료 https://spigen.monday.com/boards/4825367574/pulses/12907774509"
GCX Agent 글로벌CX전략팀,https://spigenhelp.zendesk.com/agent/tickets/1000163252,"링크: https://spigenhelp.zendesk.com/agent/tickets/1000163252
국가 / 제품: JP / 차량용 스마트폰 마운트 MagSafe Qi2.2 무선충전 EV25MFAQ
ASIN=B0FPTKNYP3 / SKU=ACP10511F
구매일자: 2026-08-30","1차(현재): EV25MFAQ 차량용 무선충전 마운트 사용 중 ""이물질 감지(Foreign Material Detected)"" LED 오류로 충전 불가 발생. 전원 재연결을 여러 번 시도해도 동일 증상(3초 점등 후 소등, 이후 규칙적 점멸) 반복되며 휴대폰 거치 여부와 무관하게 발생. 타 무선충전기로는 정상 충전 확인됨. 아마존 반품 기한(9/30) 임박하여 워런티 적용 가능 여부 및 재구매 시 재발 우려에 대한 조언 요청

이슈 확인 영상 요청 후 참고 사례와 동일 증상 시 예외적 MCF 발송 검토 #충전불량 #이물질감지오류 #참고티켓유사증상","+ 구매 24일 경과
+ (최근 2년) 총 주문 4개 / FBA 환불 0건 / 셀러 환불 0건 / MCF 발송 0건

1. 이물질 감지 오류로 충전 불가, 반복 재연결해도 동일 증상 재현되며 타 충전기에서는 정상 작동 확인됨 → 기기 자체 결함 가능성 시사하나 현재 영상·사진 자료는 미첨부 상태

2. 참고 티켓 #1000144084(DE) — 동일 제품(EV25MFAQ)에서 이물질 감지 오표시 + 충전 불안정 증상 확인된 전례이며, 당시 고객 불편 고려하여 예외적 MCF 발송으로 처리됨

3. 충성 고객 (최근 2년 총 주문 4개, FBA/셀러 환불 이력 0건)

4. 아마존 반품 기한(2026-09-30) 임박 — 신속 회신 필요","[TCK 예상 답변] 휴대폰을 거치하지 않아도 이물질이 감지 된다는 메시지가 확인된다고 언급하여 개선할 수 있는 방법이 있는지 담당 부서와 확인 후 안내 + 이슈 확인 가능한 영상 요청 후 도움 안내 OR (고객이 반품을 고려 중이라고 언급하여) 아마존을 통한 반품 안내 + 예외적인 경우로 사료됨 + 재구매한 제품에도 이슈 발생 시 영상 첨부하여 회신 바람
[GCX AI 예상답변] 1. 차량용 무선충전 마운트 사용 중 충전 불량 및 반복적인 이물질 감지 오류로 불편을 드려 유감입니다.
2. 현재 첨부된 영상·사진 자료가 없어 정확한 결함 여부 확인이 어려운 상태입니다.
3. 문제 확인 가능한 영상 첨부 요청 후, 참고 티켓 #1000144084(DE)와 동일 증상으로 확인될 경우 충성 고객 및 아마존 반품 기한 임박을 고려하여 예외적으로 MCF 발송 도움드릴 예정입니다.
, 2 replies, Last Reply: Sep 23, 2:54 PM
1
Add reaction
,
Sep 23, 12:25 PM
,
2 replies
, Last Reply
Sep 23, 2:54 PM",김지우 Kevin 글로벌CX전략팀,"@ Ticket Reporter 1. 고객 불편 공감 2. 확인 결과 제조상 결함 발견 안됨 3. 고객 불편 고려 예외적 환불 도움드림 비고: 1. SIREN https://docs.google.com/presentation/d/19JwwwHJq2-zJPmKAc-7Yb7NL57r44rv6g4eAxH6Oz1A/edit?slide=id.g3ef79d4537f_0_125#slide=id.g3ef79d4537f_0_125 등록된 제품 2. 본래 해당 제품 불량시료 확보 후 CQ에 보내야되나, 추석 연휴 중 반품과정(라벨링 등)을 핸들링할 인력 부재로 고객이 빠르게 도움 받을 수 있는 환불로 진행 EV25MFAQ 충전 불량 이슈 SIREN 검토_GCX_26.06.16 Copy link You are the owner No changes since last viewed by you Summarize this file"
GCX Agent 글로벌CX전략팀,https://spigenhelp.zendesk.com/agent/tickets/1000163242,"링크: https://spigenhelp.zendesk.com/agent/tickets/1000163242
국가 / 제품: India / Galaxy Z Fold 7 Slim Armor Pro MagFit Case (TPU+PC, Metal Slate)
ASIN=B0F1BW4QBC / SKU=ACS09552INP
구매일자: 2026-01-30","1차(현재): Galaxy Z Fold 7용 SA Pro MagFit 케이스가 정상적인 사용 중 파손되어 보증 정책에 따른 교환 요청(사진 5장 첨부)

동일 제품·동일 이슈 2회 반복 발생한 충성 고객 건, 예외적 100% 환불 검토 #프레임파손 #반복결함 #충성고객","+ 구매 7개월(236일) 경과
+ (최근 2년) 총 주문 16개 / FBA 환불 0건 / 셀러 환불 1건 / MCF 발송 0건

1. 케이스 프레임 파손 주장, 사진 5장 첨부. 동일 고객이 동일 제품+동일 이슈로 이미 한 차례 100% 환불받은 이력이 있어 반복 결함 패턴 가능성 있음

2. GCX_CS PROCEDURE 상 동일 사유 반복 클레임은 통상 지속적 예외 워런티 제공이 어려우나, 충성 고객이며 반복 결함이 제품 자체의 설계/품질 이슈일 가능성도 배제할 수 없어 신중한 판단 필요

3. 동일고객 클레임 이력: #1000134844(Galaxy Z Fold 7용 SA Pro MagFit 프레임파손 → 100% 환불, 본 티켓과 동일 제품+이슈)

4. 충성 고객 (총 주문 16건 중 환불 1건 ≈ 6.25%, 기준 1/3 이하)","[TCK 예상 답변] 이전에도 동일 사유로 예외적 도움드린 것으로 확인됨 + 지속적인 예외 워런티 제공은 불가한 점 양해 부탁 + 도움 불가 1차 안내 OR 불편 고려하여 예외적 100% 환불(충성고객)
[GCX AI 예상답변] 동일 (TCK가 제시한 두 옵션 중 예외적 100% 환불 채택 권장 — 환불율 6.25%로 abuse 정황 없는 충성 고객이며, 동일 제품·동일 부위(프레임)에서 두 번째로 동일한 파손이 발생한 것은 오히려 제품 자체의 반복적 구조 결함 가능성을 시사함. 다만 3회차 이상 재발 시에는 SIREN 등록 등 제품 품질 이슈로 별도 검토 권장)",김지우 Kevin 글로벌CX전략팀,"@ Ticket Reporter 1. 예상 답변 중 도움불가 1차 진행(충성고객이나, 사용 기간이 길고 사진상 외부 충격으로 프레임 파손이 발생했을 것으로 추정돼, 도움불가 타당)"
GCX Agent 글로벌CX전략팀,https://spigenhelp.zendesk.com/agent/tickets/1000163102,"링크: https://spigenhelp.zendesk.com/agent/tickets/1000163102
국가 / 제품: India / iPhone 16 Pro Liquid Air T MagFit Case (TPU, Matte Black)
ASIN=B0DLCXDF2W / SKU=ACS09116
구매일자: 2026-01-01","1차: 케이스 뒷면 MagSafe 링의 자석 배열이 안쪽에서 바깥으로 튀어나오고 있다고 신고(영상 첨부) → 사용 중 생긴 결함으로 판단, 도움 불가 1차 안내(환불 X)

2차(현재): 케이스를 이미 폐기했으며 더 이상 대화하고 싶지 않다고 함. 일반 마모가 아닌 품질관리 문제라고 주장하며, 강한 자석의 보조배터리와 함께 쓰기엔 부적합하다는 내용으로 Amazon 리뷰를 남기겠다고 예고. 사진·영상을 계속 요구하면서 시간만 낭비시키고 조치는 안 한다고 항의, 본인 문의는 종결해도 된다고 함

고객이 자진 종결 요청했으나 악성 리뷰 예고 리스크 고려한 예외적 50% 환불 검토 #자석들뜸 #NegativeReview #자진종결요청","+ 구매 8개월(265일) 경과
+ (최근 2년) 총 주문 2개 / FBA 환불 0건 / 셀러 환불 1건 / MCF 발송 0건

1. MagSafe 링 자석 배열 들뜸 주장, 영상 첨부(이후 제품 자체는 폐기). 고객이 대화 종결을 직접 요청했으며 Amazon 악성 리뷰 예고 상태

2. GCX_CS PROCEDURE 상 자석 링 들뜸은 사용 마모 가능성이 있으나, 8개월 시점 발생 + 악성 리뷰 리스크 고려 시 예외적 부분 환불로 관계 관리 가능

3. 동일고객 클레임 이력: #1000116482(ABM, S319 자석 약화로 고정력 상실, 구매 10개월 경과 → 도움 불가 2차 안내 후 고객 불편 고려 예외적 100% 환불)

4. 충성 고객 아님 (최근 2년 총 주문 2건, 최소 기준 3건 미달)","[TCK 예상 답변] 예외적 50% 환불 제안 OR (문의에 대해 종결을 요청하여) NRN 처리
[GCX AI 예상답변] 동일 (TCK가 제시한 두 옵션 중 예외적 50% 환불 채택 권장 — 동일 고객이 과거 유사한 자석 결함(#1000116482)으로 100% 환불받은 이력이 있어 이번에도 완전히 방치하면 악성 리뷰로 이어질 가능성이 높음. 다만 이번 건은 제품을 이미 폐기해 최종 검증이 불가하므로 100%가 아닌 50% 선에서 goodwill 차원 대응이 적절)",김지우 Kevin 글로벌CX전략팀,"@ Ticket Reporter 1. NRN(자석 들뜸이 영상상 확인되나, 사용 기간이 길고, CS요청을 하기보다 부정적 태도로 자사제품을 비방하는 고객 + 더이상 회신을 원치 않아하므로 NRN 타당)"
GCX Agent 글로벌CX전략팀,https://spigenhelp.zendesk.com/agent/tickets/1000162079,"링크: https://spigenhelp.zendesk.com/agent/tickets/1000162079
국가 / 제품: IT / iPhone 17 EZ Fit Vetro Temperato [2P] Screen Protector
ASIN=B0D84YX465 / SKU=AGL07928EUPB
구매일자: 2026-09-11","1차: EZ Fit 글라스 부착 후 글자 주변 마젠타 번짐 및 사진·영상 색상 왜곡 발생. 휴대폰 화면 자체는 이상 없음을 확인, 빛이 글라스를 통과할 때만 물리적으로 발생하는 현상이라고 주장(사진 첨부) → TCK가 영상 + 바코드 사진 요청

2차: 바코드 사진 첨부, 계속 사용을 위해 이미 글라스 제거해 영상 촬영 불가 → TCK가 사진만으로 마젠타 번짐·색상 왜곡 확인 불가 + 적절한 증빙 필요 안내 + FBA CS 교환/환불 안내

3차: 영상 요청이 최초 안내에 없었고 그 시점엔 이미 폐기 상태였다고 항의. Amazon 확인 결과 배송만 담당, 제조사가 해결해야 한다는 답변 받음. 소모품이라 빈 상자 반품 불가 → 도움 불가 1차 안내

4차(정정 재인입): 이전과 같은 답변 반복이라며 강하게 항의. 최초부터 사진+바코드 제출했고 영상 요청은 폐기 이후였다고 재차 주장. €18.62 제품에 과도한 시간을 쓰고 있다며 형식적 절차만으로 지원 거부하고 원인 조사도 안 했다고 비판, Spigen 태도가 비전문적이라고 언급 → 예상 답변: 예외적 100% 환불 or 도움불가 2차

5차(재인입, 24시간 경과 후 재확인): GCX 승인으로 예외적 100% 환불 진행 완료 — 제조상 결함은 사진상 확인되지 않으나, 고객 불편 및 강한 불만을 고려해 이번 건에 한해 증빙 없이 예외적으로 도움

결함 미확인이나 강한 불만 고려해 예외적 100% 환불 이미 처리 완료된 종결 건 #색수차 #증빙불충분 #24시간재확인 #강성고객","+ 구매 0개월(12일) 경과
+ (최근 2년) 총 주문 2개 / FBA 환불 0건 / 셀러 환불 0건 / MCF 발송 0건

1. 마젠타 번짐·색수차 주장이나 사진상 제조상 결함 확인 불가. 요청한 영상은 고객이 이미 제품을 폐기한 이후라 제공 불가했음(고객 과실 여부 애매한 정황)

2. GCX_CS PROCEDURE 상 결함 미확인 시 원칙은 도움 불가이나, 소액(€18.62) + 고객의 강한 불만 표출 + 반복 재인입을 고려해 예외적 환불로 신속 종결 가능

3. Previous_tickets.csv 대조 결과 동일 유형(EZ Fit 색수차/마젠타 번짐) 유사 전례 확인되지 않음

4. 충성 고객 여부 확인 불가 (최근 2년 총 주문 2건, 최소 기준 3건 미달)","[TCK 예상 답변] 
[GCX AI 예상답변]",나아름 Jane 글로벌CX전략팀,"처리 요청 사항 고객 상황 유감 표현 당사의 경우, 고객이 언급한 제품 불편사항, 이슈 등을 확인하고 워런티 제공을 도움드리고 있음 고객 제출한 사진에서 제조상 결함여부 확인되지 않아 도움대상 아니나 이번에만 고객 불편 고려하여 증빙없이 예외적 도음드리는 점 참고 바람 100% 환불 진행"
GCX Agent 글로벌CX전략팀,https://spigenhelp.zendesk.com/agent/tickets/1000162483,"링크: https://spigenhelp.zendesk.com/agent/tickets/1000162483
국가 / 제품: IT / Google Pixel 11 Nano Pop MagFit Case
ASIN=B0GJ7CYQDX / SKU=ACS11445PAN
구매일자: 2026-09-10","1차: Pixel 11용 Nano Pop MagFit 케이스에 제품 설명(카메라 보호용 돌출 테두리)과 다르게 카메라 주변 돌출 테두리가 없다고 문의(사진 첨부) → TCK가 로고·바코드·카메라 글라스 부착 사진 요청

2차: 로고 사진 첨부, 패키지는 폐기. 제품 페이지에 명시된 ""Raised lips around camera"" 기능이 실제 제품엔 없다고 재확인 → Tier 2 ESC 1차: 고객 대기 안내 + 홀드

3차: 반품 기한(9월 26일) 안내 후, 문제 해결 시 동일 케이스 재구매 의향 있다고 회신 → 예외적 100% 환불 처리 완료

4차(재인입, 오늘 24시간 경과 후 재확인): 환불 완료 후 제품 개선을 위한 후속 확인 목적으로 고객 실제 보유 기기가 Pixel 11 Pro인지 재확인 요청 → 확인 결과 디바이스 미스매치 확정: 고객이 구매한 제품은 Pixel 11용이나 실제 보유 기기는 Pixel 11 Pro. Pixel 11 Pro 호환 제품(Cover Nano Pop MagFit for Pixel 11 Pro, ASIN B0GJ7K7BRD)으로 재구매 안내 완료

이미 100% 환불 완료 + 디바이스 미스매치 원인 확인 및 올바른 제품 안내까지 완료된 종결 건 #디바이스미스매치 #환불완료 #24시간재확인","+ 구매 0개월(13일) 경과
+ (최근 2년) 총 주문 1개 / FBA 환불 0건 / 셀러 환불 0건 / MCF 발송 0건

1. 실제 결함이 아니라 고객이 보유한 기기(Pixel 11 Pro)와 다른 기기(Pixel 11)용 제품을 구매해 카메라 컷아웃 디자인이 달랐던 것으로 확인됨(제품 자체 결함 아님)

2. Tier 2 승인으로 예외적 100% 환불이 이미 처리 완료된 상태이며, 이번 재확인은 제품 개선 조사 목적의 후속 확인이었음

3. Previous_tickets.csv 대조 결과 동일 유형(기기 미스매치로 인한 디자인 불일치 오인) 유사 전례 확인되지 않음

4. 충성 고객 여부 확인 불가 (최근 2년 총 주문 1건, 최소 기준 3건 미달)","[TCK 예상 답변] 
[GCX AI 예상답변]",나아름 Jane 글로벌CX전략팀,"처리 요청 사항 (예상 답변 진행) 주문한 제품(Pixel 11)과 보유한 휴대폰 모델(Pixel 11 Pro)이 다름 보유하신 Pixel 11 Pro와 호환되는 제품으로 하기 제품을 구매 바람 -> Spigen Cover Nano Pop MagFit per Google Pixel 11 Pro https://www.amazon.it/dp/B0GJ7K7BRD Spigen Cover Nano Pop MagFit per Google Pixel 11 Pro Compatibile con Pixelsnap e MagSafe, Black Sesame : Amazon.it www.amazon.it"
GCX Agent 글로벌CX전략팀,https://spigenhelp.zendesk.com/agent/tickets/1000163178,"링크: https://spigenhelp.zendesk.com/agent/tickets/1000163178
국가 / 제품: JP / iPhone 18 Pro Max Ultra Hybrid MagFit Case (Frost White)
ASIN=B0FD1Y1FYG / SKU=ACS10039FO
구매일자: 2026-09-21","1차(현재): UH MagFit 케이스 윗부분이 솟아 장착 후에도 들뜨며 접힌 자국 같은 흔적도 있다고 주장(사진 첨부), 신제품 즉시 교환 요청 → TCK가 바코드(LOT) 사진 요청했으나 LOT 번호가 없다며 고객이 당일 배송을 재촉

내부 사정으로 교환품 발송 불가, 예외적 환불 100% 검토 #마감불량 #교환재고이슈 #충성고객 #고빈도주문고객","+ 구매 0개월(1일) 경과
+ (최근 2년) 총 주문 48개 / FBA 환불 3건 / 셀러 환불 5건 / MCF 발송 1건 (합계 환불율 16.7%)

1. 케이스 상단 들뜸·접힘 자국 주장(사진 첨부). LOT 바코드는 없다고 함. 당일 교환품 발송을 강하게 재촉하나 내부 사정(재고/물류)으로 즉시 교환 발송 불가

2. GCX_CS PROCEDURE 상 성형 불량(들뜸·접힘 흔적)은 통상 사진 확인 후 교환 또는 환불 처리하며, 교환 발송이 불가한 경우 예외적 환불로 대체

3. 동일고객 클레임 이력(총 6건): #1000089736(EZ Fit 위치 어긋남 환불) / #1000099834·#1000103001(EZ Fit 위치·측면들뜸 환불) / #1000105619(UH 스크래치 환불) / #1000136794(EZ Fit 버블 미제거 → MCF 제공) — 주문량 대비(48건) 빈도는 크게 높지 않음

4. 충성 고객 (총 주문 48건 중 환불 8건 ≈ 16.7%, 기준 1/3 이하)","[TCK 예상 답변] 내부 사정으로 인하여 교환품 발송 불가 + 예외적 환불 100%
[GCX AI 예상답변] 동일 (충성 고객이며 주문 48건 대비 환불율 16.7%로 abuse 정황 없음. 성형 불량 사진이 확인되고 교환 재고 사정상 즉시 발송이 어려우므로 예외적 환불 100%로 신속 종결이 타당)",나아름 Jane 글로벌CX전략팀,"처리 요청 사항 제품 불편 사과 사진 확인 시, 제조상 결함이 아닌 개체불량으로 확인되어 고객 불편 고려하여 환불 도움드리고 자 함 다만, 현재 대체품 제공이 불가하여 환불로 도움드리는 점 양해 부탁드림 동의 시, 100% 환불 진행 *JP 국가 MCF 불가 사진 확인 시, 붉은 박스 부분 고객 언급한대로 들떠있어 예외적 환불로 대응 판단"
GCX Agent 글로벌CX전략팀,https://spigenhelp.zendesk.com/agent/tickets/1000163191,"링크: https://spigenhelp.zendesk.com/agent/tickets/1000163191
국가 / 제품: India / iPhone 17 Liquid Air Case
ASIN=B0FD2JMYY8 / SKU=ACS09977INP
구매일자: 2026-09-21","1차(현재): iPhone 17용 Liquid Air 케이스 하단 컷아웃이 기기 마이크/스피커 구멍과 맞지 않아 일부 가려짐. 케이스-기기 사이 이물질 없음을 확인하는 사진 첨부, 워런티 교환 또는 환불 요청

환불율 60%(abuse 기준 초과) + 2개 이메일 재인입 이력 고객, 구매 1일 경과로 아마존 반품 기간 내 → 아마존 반품 안내 #컷아웃정렬 #지속적환불요청 #환불율경고","+ 구매 0개월(1일) 경과
+ (최근 2년) 총 주문 10개 / FBA 환불 3건 / 셀러 환불 3건 (합계 환불율 60%) / MCF 발송 0건

1. 케이스 하단 컷아웃이 마이크/스피커와 미스얼라인됐다는 주장, 이물질 없음 확인 사진 첨부. 구매 1일밖에 안 돼 아마존 자체 반품 기간(10월 1일까지) 내에 있음

2. GCX_CS PROCEDURE 상 반품 기간이 남아있고 환불율이 abuse 기준(50%)을 크게 초과하는 고객은 Spigen 자체 워런티 처리보다 아마존 표준 반품 절차로 안내하는 것이 원칙

3. 동일고객 클레임 이력(다른 이메일 포함, abhijeetbohra169@gmail.com / abohra2312@gmail.com): #1000139127(PE2304 충전 불량 → 인도 지사 환불) / #1000085178(iPhone 13 Silicone Fit 미스핏 → 100% 환불) / #1000090320(Apple Watch TF 케이스로 시계 흠집 → 100% 환불, 2년 이상 전) / #1000067898(iPhone 13 EZ Fit 글라스 자국 → 환불)

4. 충성 고객 아님 — 환불율 60%(abuse 기준 초과), 총 4건의 상이한 제품군 환불 이력 + 이메일 변경 재인입 패턴","[TCK 예상 답변] 구매내역 확인 시 10월 1일까지 반품 가능하여 아마존으로 반품 요청(정중)
[GCX AI 예상답변] 동일 (환불율 60%로 abuse 기준을 크게 초과하고 4건의 상이한 제품 유형에 걸친 환불 이력 + 이메일 변경 패턴까지 확인되는 고객. 다행히 구매 1일 경과로 아마존 자체 반품 기간이 남아있어 Spigen 워런티 절차 대신 아마존 반품으로 안내하는 것이 리스크 관리상 타당)",김지우 Kevin 글로벌CX전략팀,티켓 처리에 앞서 ADS IN 신지인P ESC
GCX Agent 글로벌CX전략팀,https://spigenhelp.zendesk.com/agent/tickets/1000163010,,,,"[TCK 예상 답변] 
[GCX AI 예상답변]",김지우 Kevin 글로벌CX전략팀 / 양숙랑 Grace 글로벌CX전략팀 / 나아름 Jane 글로벌CX전략팀,"@ 나아름 Jane 글로벌CX전략팀 티켓내용 공유 감사합니다 프로님. 제 의견을 물으신다면, 해당 티켓 제 생각에는 케이스 외 환불은 도움불가 유지하는 것이 어떨까 싶습니다. 근거1: 고객 첨부 수리진단서 번역시 전원/작동 관련 증상 + 보호 케이스 사용으로 인해 상단 화면 가장자리의 기기 프레임이 휘어졌다는 고객 주장이 수리센터에 접수됐으나 이는 수리센터 소견이 아닌 고객의 주장에 불과 근거2: 고객이 수리를 맡긴 iSpot은 애플 공식 서비스센터이나 Apple 서비스센터는 아님 근거3: 케이스로 인해 디바이스가 파손됐다는 어떤 증거도 없음 이렇게 생각합니다!
@ 나아름 Jane 글로벌CX전략팀 프로님. 3차 도움 불가 안내후 NRN 부탁 드려요. 제조상 인과관계 없는것 같습니다.
프로님. 해당 국가 영업팀에 참고하도록 공유 부탁 드려요.영업팀 이메일로 인입될 가능성도 있어서요.
@ 양숙랑 Grace 글로벌CX전략팀 @ 김지우 Kevin 글로벌CX전략팀 확인 감사합니다 리더님, 프로님! 관련하여 ADS2 김보경P 담당자분께 사전 공유드렸습니다. 감사합니다! 1
@ 나아름 Jane 글로벌CX전략팀 내용 공유 감사합니다 프로님, 해당건 도움불가 및 영업팀 담당자에게 공유된점 참고하겠습니다!
프로님. 감사합니다"
GCX Agent 글로벌CX전략팀,https://spigenhelp.zendesk.com/agent/tickets/1000163177,"링크: https://spigenhelp.zendesk.com/agent/tickets/1000163177
국가 / 제품: India / Galaxy S23 Ultra Hybrid Case (Crystal Clear)
ASIN=B0BJS9M2NP / SKU=ACS05714INP
구매일자: 2026-03-03","1차(현재): Galaxy S23용 UH 케이스가 황변됐다며 사진 첨부하여 워런티 교환/환불 요청 → 첨부 사진이 동일 파일명으로 이전 티켓 #1000139140에서 이미 환불받은 건의 사진과 완전히 동일함을 확인

동일 사진 재사용한 재사용/도용 사진 클레임 — 도움 불가 + 관리 대상 지정 #사진재사용 #이메일변경재인입 #관리대상","+ 구매 6개월 경과
+ (최근 2년) 총 주문 9개 / FBA 환불 1건 / 셀러 환불 1건 / MCF 발송 0건

1. 첨부 사진(파일명 20260302_112804 등)이 2026년 3월 촬영본으로, 이전 티켓 #1000139140(동일 케이스, 황변 사유)에서 이미 폐기사진 확인 후 100% 환불된 건의 사진과 파일명·내용이 완전히 동일함. 이번엔 다른 이메일(omdoulagar221@gmail.com, 이전 건은 omdoulagar12345@gmail.com)로 재인입하여 동일 결함을 다시 클레임

2. GCX_CS PROCEDURE 상 동일 증빙 사진 재사용은 명백한 abuse로 즉시 도움 불가 + 관리 대상 지정 대상

3. 동일고객 클레임 이력: #1000139140(Galaxy S23용 UH 케이스 황변, 동일 사진으로 이미 100% 환불 완료) — 본 건은 그 사진을 재사용한 재클레임

4. 충성 고객 아님 — 사진 재사용 abuse 확인, 관리 대상 지정 대상","[TCK 예상 답변] 첨부해주신 사진 확인 결과 이전 Order ID: 171-2920838-9162712에 대한 환불로 도움드렸을 당시 보내주셨던 케이스 사진과 동일한 사진으로 확인됨 + 도움 불가 + 관리 대상 지정
[GCX AI 예상답변] 동일 (첨부 사진이 이전 환불 건(#1000139140)의 사진과 파일명까지 동일하게 확인되는 명백한 증빙 재사용이며, 이번엔 다른 이메일로 재인입한 점까지 더해 고의성이 명확함 → 도움 불가 + 관리 대상 지정 유지가 타당. GCX_사진 도용 및 편집 Abusing 고객 관리 리스트에도 반영 필요)",김지우 Kevin 글로벌CX전략팀,@ Ticket Reporter 1. 예상 답변 진행(사진 재활용 정황이 명확하므로 도움불가 타당) 비고: 1. 도용리스트 추가 완료
GCX Agent 글로벌CX전략팀,https://spigenhelp.zendesk.com/agent/tickets/1000162984,"링크: https://spigenhelp.zendesk.com/agent/tickets/1000162984
국가 / 제품: FR / iPhone 12 Pro Ultra Hybrid MagFit Case [Anti-Jaunissement](황변방지) White
ASIN=B08NFB6Q8P / SKU=ACS02625PAN
구매일자: 2025-04-14","1차: ""황변 방지(Anti-Jaunissement)""로 광고된 UH MagFit 케이스가 황변됨(사진 첨부) → 사용 중 생긴 결함으로 판단, 도움 불가 1차 안내(환불 X)

2차: 정상적으로 사용했을 뿐인데 ""사용 중 일반적 요인"" 설명이 무슨 뜻인지 반문, 제품명 자체가 오해 소지 있다고 주장 → 오염·이염 정도가 통상과 다르다고 보고 사용 중 생긴 결함으로 2차 안내(환불 X)

3차(현재): 유럽 소비자법상 2년 워런티 제공 의무를 언급하며 황변방지 광고가 허위광고라고 주장, 신속 환불 요구, 거부 시 아마존 퍼포먼스팀 신고 및 소비자보호당국 신고 예고

강성고객(Legal Action 언급) 건, 광고 문구(황변방지)와 실제 성능 불일치 소지로 폐기사진 요청 후 환불 검토 #황변 #황변방지광고 #강성고객","+ 구매 1년5개월(526일) 경과
+ (최근 2년) 총 주문 3개 / FBA 환불 0건 / 셀러 환불 0건 / MCF 발송 0건

1. ""황변 방지"" 마케팅 문구가 표기된 제품에서 황변 발생 주장. 사용 기간이 길어(17개월) 일반 마모 가능성도 있으나, 제품명 자체가 황변방지를 표방하고 있어 통상 황변 클레임과 성격이 다름. Legal Action 언급은 강성고객 분류 근거로만 사용, 실제 법적 리스크로 가중 판단하지 않음

2. GCX_CS PROCEDURE 상 황변은 원칙상 워런티 대상 아니나, 제품이 명시적으로 ""황변 방지""를 광고 표기한 경우 마케팅 클레임 불일치 리스크가 있어 폐기사진 확인 후 예외적 환불 검토 대상

3. Previous_tickets.csv 대조 결과 동일 유형(""황변방지"" 표기 제품의 황변 클레임) 유사 전례 확인되지 않음

4. 충성 고객 (최근 2년 총 주문 3건, 환불 0건)","[TCK 예상 답변] 폐기사진 1차 요청 (이후 환불)
[GCX AI 예상답변] 동일 (충성 고객 + 제품 자체가 ""황변 방지""로 광고되어 있어 일반 황변 클레임보다 마케팅-성능 불일치 리스크가 있음. 두 차례 도움 불가 안내에도 재인입이 이어지고 있어 폐기사진 확인 후 환불로 조기 종결하는 것이 타당. Legal Action 언급은 강성고객 태그로만 반영하고 대응 방향에는 영향 없음)",김지우 Kevin 글로벌CX전략팀,@ Ticket Reporter 1. 예상 답변 진행(사용 기간으로 봤을 때 외부 요인으로 인한 황변 가능성 높으나 충성고객인점 및 강성클레임 지속으로 예외적  폐기 확인 후 환불 타당)
GCX Agent 글로벌CX전략팀,https://spigenhelp.zendesk.com/agent/tickets/1000163329,"링크: https://spigenhelp.zendesk.com/agent/tickets/1000163329
국가 / 제품: IN / iPhone 17 / iPhone 17 Pro Ultra Hybrid MagFit (2개 모두 재인입)
ASIN=B0FD2K58MF / SKU=ACS10082
+ 구매 2개월(75일) 경과 (2026-07-15)","(이전 09:50 보고 이후 경과 — 재인입 3차 업데이트)

1차(09:50 보고 시점): iPhone 17 / 17 Pro용 UH MagFit 케이스 2개 재구매분에서 이전과 동일하게 황변 재발 → GCX AI는 낮은 환불율(2/9≈22%)과 동일 기종 정식 환불 전례(#1000153607)를 근거로 재검증 후 환불을 권고했으나, 나아름 프로님이 직접 도움 불가 방향으로 2차례 명시 지시(도움불가 1차 → 고객 반발 → 2차 지시 → 도움불가 2차 발송)

2차: 고객이 ""1년 워런티 적용 대상이며 이전에 교체품을 못 받아 폐기 후 재구매했다""고 반박, 도움불가 2차 안내 발송됨

3차(현재): 고객이 ""프리미엄 가격 지불했는데 2개월 만에 황변되냐""며 재반발 + 모호한 경고성 발언(""other ways to make you realise"") — TCK는 도움불가 3차(최종 거절 단계) 안내 제안

나아름 프로님 지시에 따라 이미 2차례 도움 불가 진행된 건으로, 3차(최종) 안내 컨펌 요청 #재인입3차 #강성고객 #도움불가최종","+ (최근 2년) 총 주문 9개 / FBA 환불 0건 / 셀러 환불 2건 / MCF 발송 0건 (환불율 약 22%, abuse 임계치 50% 미만)

1. 동일 고객이 동일 두 기종(iPhone 17/17 Pro) UH MagFit 케이스에서 반복 황변 주장. 이전 동일 사유 건(#1000153607)에서 폐기 영상 확인 후 2개 환불 처리된 바 있음

2. 나아름 프로님이 ""지속적인 예외 워런티 제공 불가""를 사유로 도움불가 방향 명시 지시, 이미 1차·2차 도움불가 안내 완료

3. 고객이 재차 강하게 반발하며 모호한 경고성 발언(""other ways to make you realise you can't turn your heads away"") — 강성 고객 신호로 판단되며 실질적 법적 리스크로 보기는 어려움

4. 충성 고객 아님으로 재확인 (환불율 22%이나 지속적 재인입 패턴으로 나아름 프로님이 이미 예외 워런티 중단 판단)","[TCK 예상 답변] 도움 불가 3차 안내
[GCX AI 예상답변] 동일 (나아름 프로님이 이미 2차례에 걸쳐 도움불가 방향을 명시적으로 지시하셨고, 3차는 정책상 최종 거절 단계 — 고객의 경고성 발언은 강성 고객 신호로 판단되며 실제 법적 조치 가능성은 낮음. 다만 동일 두 기종에서 반복 황변이 확인되는 점은 향후 유사 재발 시 소재/품질 검토 참고사항으로 별도 기록 권장)
, 1 reply, Last Reply: Mon 5:40 PM
1
Add reaction
,
Mon 5:33 PM
,
나아름 Jane 글로벌CX전략팀 replied
1 unread
1 reply
, Last Reply
Mon 5:40 PM",나아름 Jane 글로벌CX전략팀,*도움불가 3차 안내
GCX Agent 글로벌CX전략팀,https://spigenhelp.zendesk.com/agent/tickets/1000163653,"링크: https://spigenhelp.zendesk.com/agent/tickets/1000163653
국가 / 제품: DE / iPad Air 10.9""(2022) LD207W1 (Power Accessories, 마그네틱 무선 충전 스탠드)
ASIN=B0FFFPGK6R / SKU=AMP09837PAN
구매일자: 2026-01-20","1차: LD207W1 무선 충전 스탠드에 iPad를 올바르게 거치해도 충전이 거의 되지 않음(포고핀·접점 외관 이상 없음), 교환 또는 반품 요청 → 전원 연결 확인 충전 사진 + iPad 모델명 + 동일 충전기·케이블로 타 기기 정상 충전 비교 사진 요청, 20W 이상 어댑터 사용 안내

2차(현재): 적합한 어댑터로도 여전히 충전 안 됨을 확인, 요청 사진(충전 시도 + 동일 충전기로 타 기기 정상 충전) 첨부하여 재인입

사진 확인상 예외적 100% 환불 예정(동일 SKU 유사 전례 있음) #충전불량 #포고핀결함의심 #예외환불","+ 구매 8개월(251일) 경과
+ (최근 2년) 총 주문 1개 / FBA 환불 0건 / 셀러 환불 0건 / MCF 발송 0건

1. LD207W1 마그네틱 충전 스탠드 충전 불가 주장, 포고핀·접점 외관 이상 없어 내부 결함 의심. 요청된 비교 사진(동일 충전기로 타 기기 정상 충전 확인) 제출

2. 제조상 결함 확인 불가하나, 동일 SKU(LD207W1)에서 유사 충전 불가 사례가 이미 확인된 바 있음

3. 유사 전례: 동일 제품(LD207W1) 충전 불가 건 #1000155728 — 제조상 결함 확인 불가하나 고객 불편 고려하여 예외적 100% 환불 처리

4. 충성 고객 아님 (최근 2년 총 주문 1개로 3개 미만)","[TCK 예상 답변] 사진 확인 시, 제조상 결함 여부 확인되지 않으나 고객 불편 고려하여 예외적 도움드리겠음 + 100% 환불 진행
[GCX AI 예상답변] 동일 (동일 SKU에서 이미 유사 충전 불가 사례 확인된 전례 #1000155728 존재 + 고객이 요청된 비교 사진까지 성실히 제출하여 abuse 신호 없음 → 예외적 100% 환불이 타당)",김지우 Kevin 글로벌CX전략팀,@ Ticket Reporter 1. 예상 답변 진행(사진상 어뎁터 유선 충전시 충전되나 자사 무선충전 스탠드는 충전 안됨 확인 가능 + 파워Acc고려 환불 타당)
GCX Agent 글로벌CX전략팀,https://spigenhelp.zendesk.com/agent/tickets/1000163983,"링크: https://spigenhelp.zendesk.com/agent/tickets/1000163983
국가 / 제품: DE / iPhone 18 Pro Max SP_Glas.tR EZ Fit Slim
ASIN=B0D84R9HYW / SKU=AGL07907EUPB
구매일자: 2026-09-10","1차: iPhone 18 Pro Max용 EZ Fit 2장 모두 부착 위치가 너무 높아 통화용 스피커(이어피스)를 거의 가림. 같은 주문 내 EZ Fit Pro(탭형)는 정상 부착됨. 다른 구매자들의 유사 불만도 확인했다고 주장 → 부착된 상태 사진 + 바코드 사진 요청

2차(현재): 이미 제거하여 부착 사진은 제공 불가하나, 결함 제품 패키지 및 사용했던 정렬 프레임 사진 첨부하여 재인입

정렬 불량 결함 확인되어 예외적 MCF(2개) 제공 예정 #정렬불량 #EZFit결함 #충성고객","+ 구매 18일 경과
+ (최근 2년) 총 주문 3개 / FBA 환불 0건 / 셀러 환불 0건 / MCF 발송 0건

1. EZ Fit(비Pro) 2장 모두 부착 위치 상단 오정렬로 스피커 부위 가림 주장. 동일 주문 내 EZ Fit Pro는 정상 부착되어 제품 간 비교 가능. 다른 구매자 유사 불만 언급

2. 제조상 결함 확인 불가하나, 결함 제품 패키지 및 사용 프레임 사진 확인상 정렬 문제가 EZ Fit 라인에 국한된 것으로 보여 고객 불편 고려 필요

3. 유사 전례: 특정 매칭 건 없음

4. 충성 고객 (최근 2년 총 주문 3개, 환불 이력 없음)","[TCK 예상 답변] 제조상 결함 아니지만 수량 2개에 대해 예외적 MCF 제공 + 고객 정보 회신 요청 (MCF)
[GCX AI 예상답변] 동일 (충성 고객 + 동일 주문 내 EZ Fit Pro는 정상 부착되어 EZ Fit 단독 정렬 결함 정황 뚜렷 + 문의 수량 2개 모두 해당하여 예외적 MCF 제공이 타당)",김지우 Kevin 글로벌CX전략팀,"나아름P 처리 완료 처리 요청 사항 제품 불편사과 추후 가능하다면 언급하신 제품 불편사항에 대한 사진 함께 첨부요청 고객 언급한 글라스 스피커 홀 일부분 가림에 대한 정확한 이슈 확인 어려우며, 제조상 결함 여부 확인할 수 없으나, (이미 글라스 제거하여 사진첨부 불가한 상황 이해하여) 고객 불편 고려하여 예외적 도움드리겠음 + 대체품 제공 동의 시, 개인정보 회신 바람 *수량 2개에 대해 예외적 MCF 제공 *고객 부착 미숙으로 인해 발생된 것으로 판단되어 환불 X"
GCX Agent 글로벌CX전략팀,https://spigenhelp.zendesk.com/agent/tickets/1000163896,"링크: https://spigenhelp.zendesk.com/agent/tickets/1000163896
국가 / 제품: UK / iPhone 18 Pro (실장착) Enzo Aramid T MagFit (iPhone 17 Pro용 정품)
ASIN=B0FD22YWNK / SKU=amzn.gr.ACS09959UKO-VZVAJOBk8hCdBAXCZ-LN
구매일자: 2025-09-28","1차: iPhone 17 Pro용 Enzo Aramid T MagFit 케이스를 iPhone 18 Pro에 장착 후 볼륨 업 버튼이 제대로 클릭/작동되지 않음(다운 버튼은 정상 작동) → 영상 요청

2차(현재): 영상 첨부하여 재인입

버튼 클릭감 이상 확인되나 기기 간 장착(17 Pro용 → 18 Pro) 이슈 가능성 있고 높은 환불율 확인되어 신중 검토 후 예외적 100% 환불 예정 #볼륨버튼이상 #기기호환 #높은환불율","+ 구매 12개월(365일) 경과
+ (최근 2년) 총 주문 4개 / FBA 환불 3건 / 셀러 환불 0건 / MCF 발송 0건

1. iPhone 17 Pro용으로 구매한 케이스를 iPhone 18 Pro에 장착 후 볼륨 업 버튼 클릭감 이상 발생(다운 버튼 정상). 영상 첨부로 재인입. ESC 사유: 신제품 (Issue)

2. 제조상 결함 확인 불가하나, 원 구매 대상 기기(17 Pro)와 다른 기기(18 Pro)에 장착하여 발생한 사안으로 정확한 호환 대상 여부는 불명확

3. 유사 전례: 특정 매칭 건 없음

4. 충성 고객 아님 — 오히려 높은 환불율(75%, 4건 중 3건) 확인되어 abuse 신호 있음","[TCK 예상 답변] 제조상 결함 아니지만 예외적 도움 + 폐기 사진 확인 후 100% 환불
[GCX AI 예상답변] 동일 (영상 확인상 버튼 클릭감 이상은 실제 확인되나, 본 제품은 iPhone 17 Pro용으로 구매되어 18 Pro에 장착된 건으로 정확한 호환 대상은 아님 + 총 주문 4건 중 환불 3건(75%)으로 높은 환불율 확인되어 abuse 우려 있으나, 폐기 사진 확인 후 예외적 환불 진행 시 관리대상 지정 여부 함께 검토 권장)",김지우 Kevin 글로벌CX전략팀,@ 나아름 Jane 글로벌CX전략팀 아름프로가 처리 완료 제품 불편 사과 제조상 결함 여부 확인되지 않으나 고객 불편 고려하여 예외적 도움드리고 자함 폐기사진 요청 + 불편 제품 재사용 방지 목적 및 반품의 번거로움 없이 환불 도움드리고 자 함 폐기사진 확인 후 100% 환불 진행 *iPhone 17 Pro 유저 (11개월 사용) → iPhone 18 Pro 호환 안됨 주장
GCX Agent 글로벌CX전략팀,https://spigenhelp.zendesk.com/agent/tickets/1000163717,"링크: https://spigenhelp.zendesk.com/agent/tickets/1000163717
국가 / 제품: FR / Galaxy Z Fold 8 Ultra Tough Armor Pro MagFit
ASIN=B0H1XKSPFB / SKU=ACS11850PAN
구매일자: 2026-08-12","1차: Galaxy Z Fold 8 Ultra용 Tough Armor Pro MagFit 케이스 힌지 돌기가 충격 없이 파손되어 교체 또는 환불 요청 (사진 4장 첨부) → 슈피겐 로고 포함 전체 사진 + 바코드 사진 요청

2차(현재): 추가 사진 5장 첨부하여 재인입

힌지 돌기 파손 확인되어 MCF 발송 예정 #힌지파손 #MCF발송 #재고보유","+ 구매 1개월(47일) 경과
+ (최근 2년) 총 주문 1개 / FBA 환불 0건 / 셀러 환불 0건 / MCF 발송 0건

1. 힌지 돌기 파손 주장, 충격 없음. 로고 포함 전체 사진 + 바코드 요청에 따라 추가 사진 5장 재인입

2. 힌지 돌기 파손 원인은 제조상 결함 확인 불가하나, 고객 불편 고려 및 현재 재고 보유(255 fulfillable)로 즉시 교환 가능

3. 유사 전례: 특정 매칭 건 없음

4. 충성 고객 아님 (최근 2년 총 주문 1개로 3개 미만)","[TCK 예상 답변] MCF 발송
[GCX AI 예상답변] 동일 (충격 없는 힌지 돌기 파손 + 재고 255개 보유로 즉시 교환 가능, 첨부 사진상 별도 abuse 신호 없어 MCF 발송이 타당)",김지우 Kevin 글로벌CX전략팀,@ Ticket Reporter 1. 예상 답변 진행(충격 없는 힌지 돌기 파손 + 재고 255개 보유 +  첨부 사진상 별도 abuse 신호 없어 MCF 발송이 타당)
GCX Agent 글로벌CX전략팀,https://spigenhelp.zendesk.com/agent/tickets/1000163166,"링크: https://spigenhelp.zendesk.com/agent/tickets/1000163166
국가 / 제품: IN / ArcPack 20000mAh Power Bank (PA2302)
ASIN=B0CJJ74KJ4 / SKU=ABA06939INP
구매일자: 2025-03-14","1차: 보조배터리가 부풀어 오르며 외관이 변형됨, 리튬 배터리 팽창은 화재 위험 등 심각한 안전 문제라며 교환/해결 요청 (사진 첨부) → 보증 기간(1년) 만료 안내

2차: R&D/테스트 미흡 지적, ""16중 안전 기준"" 근거 요구하며 재인입 → 보증 기간 만료 2차 안내

3차(현재): 자신의 잘못이 아니며 전적으로 제조상 결함이라 주장, 인정하지 않으면 소비자 법원(Legal Action)에 제기하겠다고 재인입

리튬 배터리 팽창은 화재 안전 이슈 특성상 보증 만료와 무관하게 예외적 환불 권장 #배터리팽창 #안전이슈 #LegalAction언급","+ 구매 18개월(563일) 경과

+ (최근 2년) 총 주문 1개 / FBA 환불 0건 / 셀러 환불 0건 / MCF 발송 0건

1. 리튬이온 배터리 팽창/외관 변형은 일반 외관 마모와 달리 화재·안전 리스크를 동반하는 이슈 유형. 보증기간(1년)은 이미 경과했으나 안전 관련 특성상 일반 소모품 마모와 동일 기준 적용은 신중할 필요

2. 내부 기준: 통상 보증 만료 후 외형 변형은 도움 불가 대상이나, 배터리 팽창은 화재 위험 등 안전성 이슈로 예외 검토 대상

3. 타고객 유사 전례 별도 확인되지 않음

4. 충성 고객 아님 (최근 2년 총 주문 1건) — 다만 Legal Action 언급은 실질적 법적 리스크가 아닌 강성 컴플레인 신호로 해석","[TCK 예상 답변] (두 가지 방향 제시)
1. 제조상 결함 아니지만 예외적 환불
2. 또는: 보증 기간 만료 3차 안내 (도움 불가)
[GCX AI 예상답변] 1번 방향 권장 (예외적 환불) — 근거: 리튬 배터리 팽창은 일반 외관 손상과 달리 화재/안전 리스크를 동반하는 이슈로, 보증 만료를 이유로 한 단순 도움 불가 반복 시 안전 관련 소비자 불만이 외부(소비자 법원 등)로 확산될 리스크가 있음. 고객의 Legal Action 언급 자체는 실질적 법적 리스크로 보기 어렵지만, 안전 이슈의 특수성을 고려하면 이번 건은 3차 도움 불가보다 예외적 환불로 종결하는 것이 타당함",김지우 Kevin 글로벌CX전략팀,"@ Ticket Reporter 1. 고객 불편 공감 2. 제조상 결함이 확인되지 않았으나, 안전을 위한 사용 중단 후 폐기 권장 3. 보증 만료 및 제조상 결함 없음에도 불구하고 이번 한 번만 예외적 환불로 도움 드림 (100% 환불)
@ 양숙랑 Grace 글로벌CX전략팀 @ 나아름 Jane 글로벌CX전략팀 리더님 & 프로님, 해당 티켓 베터리 고객 첨부 사진상 안에서 밖으로 균열이 일어나 팽창으로 보이는 티켓으로 공유드립니다. 보증 만료됐으나 안전상 이슈가 발생할 수 있어 영업팀 담당자(ADS IN 이수민P) ESC. 결과, 예외적 환불을 제안하여 그렇게 처리했습니다. 참고바랍니다. 감사합니다!"
GCX Agent 글로벌CX전략팀,https://spigenhelp.zendesk.com/agent/tickets/1000163329,"링크: https://spigenhelp.zendesk.com/agent/tickets/1000163329
국가 / 제품: IN / iPhone 17 Ultra Hybrid MagFit (+ iPhone 17 Pro Ultra Hybrid MagFit 병행 접수)
ASIN=B0FD2K58MF / SKU=ACS10082INP
구매일자: 2026-07-15","1차: iPhone 17 Pro/17용 UH MagFit 케이스 2개 모두 심하게 황변되어 워런티 교체 요청 (Spigen India 경유, 스크린샷 형식의 저용량 사진 첨부) → 두 제품 구분을 위한 별도 사진/영상 요청 및 폐기 영상 요청

2차(현재): 업데이트 재촉하며 2회 재인입

황변 재발 — 동일 고객 동일 사유로 이전에도 환불 이력 있어 재검증 필요 #황변재발 #지속적환불요청 #폐기영상재요청","+ 구매 2개월(75일) 경과

+ (최근 2년) 총 주문 9개 / FBA 환불 0건 / 셀러 환불 2건 / MCF 발송 0건

1. iPhone 17용 UH MagFit 케이스는 원 주문 환불이 아닌 Replacement 제품. 제출된 사진이 저해상도 스크린샷 형식이라 정식 검증 자료로는 불충분함

2. 내부 기준: 동일 고객이 동일 두 기종(17/17 Pro)의 UH MagFit 케이스로 과거에도 황변을 겪었고, 폐기 영상 확인 후 2개 수량 환불된 전례 있음. 이번에도 재구매한 신품에서 ""지난번과 똑같이"" 황변이 재발했다는 점에서 단순 개별 사용환경 문제라기보다 반복적 소재 이슈 가능성도 배제할 수 없음

3. 타고객 유사 전례: #1000153607 — 동일 고객, 동일 두 기종 UH MagFit 황변, 폐기 영상 확인 후 수량 2개 환불

4. 충성 고객 (최근 2년 총 주문 9건, 환불 2건 ≤ 1/3) — 다만 동일 황변 사유 재발이 반복되는 패턴은 유의 필요","[TCK 예상 답변] (두 가지 방향 제시)
1. 2개 수량에 대해 정식 사진 재요청 후 폐기사진 확인 시 환불
2. 또는: 이전에도 동일 사유로 예외적 도움드린 것으로 확인되어 지속적인 예외 워런티 제공은 불가하며, 황변은 사용기간 중 외부요인·환경에 의한 것으로 제조상 결함과 무관 + 도움 불가 안내
[GCX AI 예상답변] 1번 방향 권장 (정식 폐기 영상 재요청 후 환불) — 근거: 충성 고객(9주문/환불2, 비율 22%로 abuse 기준 미달)이며, 이전 #1000153607에서도 동일 패턴이 정당한 검증(폐기 영상)을 거쳐 환불로 처리됨. 현재 제출된 사진은 저해상도 스크린샷이라 검증 자료로 불충분하므로, 도움 불가로 바로 종결하기보다 정식 영상 재요청 후 재검증하는 것이 더 합리적임",김지우 Kevin 글로벌CX전략팀,"나아름P 처리완료 처리 요청 사항 1. 이전에도 동일 사유로 예외적 도움드린 것으로 확인됨 2. 지속적인 예외 워런티 제공은 불가한 점 양해 부탁 3. 황변의 경우 유저의 사용기간동안 외부요인, 환경 등에 의해 발생되는 것으로 제조상 결함과 무관함 + 도움 불가 안내 *동일사유 (황변)으로 지속 인입될 가능성 有"
GCX Agent 글로벌CX전략팀,https://spigenhelp.zendesk.com/agent/tickets/1000163627,"링크: https://spigenhelp.zendesk.com/agent/tickets/1000163627
국가 / 제품: DE / iPhone 18 Pro Max Ultra Hybrid (Matte Black)
ASIN=B0FD1YFCWM / SKU=ACS10034PAN
구매일자: 2026-09-13","1차: iPhone 18 Pro Max용 UH 케이스 카메라/플래시 컷아웃 위치가 조금씩 어긋나 완벽히 맞지 않음. 완벽 호환 케이스 출시 시기 문의 → 제품/바코드 사진 요청

2차(현재): 컷아웃 위치 어긋남이 뚜렷이 보이는 사진 첨부하여 재인입

컷아웃 오차는 자사 카메라글라스 호환성 최대화를 위한 의도된 설계이나, 불편 고려하여 예외적 환불 예정 #의도된설계 #예외적환불 #컷아웃문의","+ 구매 0개월(15일) 경과

+ (최근 2년) 총 주문 6개 / FBA 환불 0건 / 셀러 환불 0건 / MCF 발송 0건

1. 첨부 사진상 카메라/플래시 컷아웃 위치 어긋남 확인 — 자사 카메라글라스 호환성 확보를 위한 의도된 설계 오차로, 제조상 결함 아님

2. 내부 기준: 동일 UH 케이스 컷아웃 문의 다수 접수 중

3. 타고객 유사 전례: #1000162554(의도된 설계 안내, 환불 없이 종결), #1000163365(컷아웃 불일치+내부 스크래치로 100% 환불)

4. 충성 고객 (최근 2년 총 주문 6건, 환불 0건)","[TCK 예상 답변] 확인 결과 자사 카메라글라스와 호환성을 최대화하기 위해 의도된 컷아웃 위치임. 불편 고려하여 예외적 환불 안내
[GCX AI 예상답변] 동일 (컷아웃 오차는 #1000162554에서 확인된 의도된 설계로 제조상 결함은 아니나, 충성 고객(6주문/환불0)이며 육안상 뚜렷한 어긋남으로 불편이 명확해 예외적 환불이 타당함)",김지우 Kevin 글로벌CX전략팀,@ Ticket Reporter 1. 예상 답변 진행(의도된 컷아웃임 명시 but 충성고객의 클레임으로 예외적 환불(MCF시 동일 증상 가능) 타당)
GCX Agent 글로벌CX전략팀,https://spigenhelp.zendesk.com/agent/tickets/1000163648,"링크: https://spigenhelp.zendesk.com/agent/tickets/1000163648
국가 / 제품: UK / Galaxy Z Fold 8 Ultra Air Skin Aramid MagFit (Navy)
ASIN=B0GKQNVFPB / SKU=ACS11497UKO
구매일자: 2026-08-05","1차: 카메라부 은색 링이 분리되고 주변부도 벗겨지는 것으로 보임 (사진 첨부) → 슈피겐 로고 포함 케이스 전체 사진 요청

2차: 로고 사진 첨부하여 재인입 → 바코드 사진 요청

3차(현재): 바코드 미확인, 케이스 후면 사진 재첨부

카메라부 마감 불량으로 확인되며 동일 이슈 반복 패턴(SIREN 등록 전례 있음) → 예외적 환불 예정 #카메라부마감불량 #예외적환불 #반복불량패턴","+ 구매 1개월(54일) 경과
+ (최근 2년) 총 주문 1개 / FBA 환불 0건 / 셀러 환불 0건 / MCF 발송 0건

1. 첨부 사진상 카메라 링 분리 및 주변 마감 벗겨짐 확인 — 카메라부 마감 불량 패턴과 일치. 동시기 유사 건 #1000163562(ABM)도 동일 카메라 링 분리 이슈 접수됨

2. 내부 기준: Air Skin Aramid MagFit 카메라부 마감불량은 반복 발생 이슈로 확인됨

3. 타고객 유사 전례: #1000158044(예외적 환불), #1000141595(카메라부 마감불량, SIREN 등록, 100% 환불), #1000140613(예외적 환불), #1000140988(예외적 환불) — 모두 동일 카메라부 마감불량으로 환불 처리

4. 충성 고객 아님 (최근 2년 총 주문 1건)","[TCK 예상 답변] 불편 고려하여 예외적으로 환불
[GCX AI 예상답변] 동일 (카메라부 마감불량은 #1000158044/#1000141595/#1000140613/#1000140988 등 반복적으로 확인되어 온 알려진 마감불량 패턴이며, 동시기 유사건 #1000163562까지 발생해 패턴이 지속됨을 확인 — 기존 전례와 동일하게 예외적 환불이 타당함)",김지우 Kevin 글로벌CX전략팀,"@ Ticket Reporter 1. 예상 답변 진행(SIREN 등록 결과 불량 확인으로 인입건에 대해서는 환불 타당, 단 고객에게는 제조상 결함 없으나 환불로 전달)"
GCX Agent 글로벌CX전략팀,https://spigenhelp.zendesk.com/agent/tickets/1000163730,"링크: https://spigenhelp.zendesk.com/agent/tickets/1000163730
국가 / 제품: NL / iPhone 18 Pro Max SP_Glas.tR EZ Fit Pro Privacy [2매]
ASIN=B0HCY6FZ5Q / SKU=AGL12032PAN
구매일자: 2026-09-24","1차: EZ Fit Pro Privacy 글라스 2매 중 첫 번째는 부착 직후 큰 주름 발생, 두 번째는 상단부 들뜸 발생 (사진 5장 첨부) → 바코드 사진 요청

2차(현재): 바코드 사진 첨부하여 재인입

2매 모두 품질 불량 확인되며 100% 환불 예정 (MCF 미지원 국가) #품질불량 #100환불 #MCF미지원국가","+ 구매 0개월(4일) 경과
+ (최근 2년) 총 주문 2개 / FBA 환불 0건 / 셀러 환불 0건 / MCF 발송 0건

1. 첨부 사진상 글라스 1매 주름, 1매 상단 들뜸 확인 — 2매 세트 중 2매 모두 불량

2. 내부 기준: 주문 국가 NL은 MCF 발송 지원국(DE, UK, FR, IT, ES, JP)에 포함되지 않아 MCF 대신 환불 처리

3. 타고객 유사 전례 확인되지 않음

4. 충성 고객 아님 (최근 2년 총 주문 2건, 3건 미만)","[TCK 예상 답변] 100% 환불
[GCX AI 예상답변] 동일 (2매 세트 모두에서 육안상 명확한 품질 불량(주름/들뜸) 확인되고, 주문 국가 NL은 MCF 발송 미지원 지역이라 100% 환불 처리가 타당함)",김지우 Kevin 글로벌CX전략팀,"@ Ticket Reporter 1. 예상 답변 진행(고객 불편 공감 + 제조상 결함 확인 불가 but 환불 100%로 전달)
@ 양숙랑 Grace 글로벌CX전략팀 @ 나아름 Jane 글로벌CX전략팀"
GCX Agent 글로벌CX전략팀,https://spigenhelp.zendesk.com/agent/tickets/1000163733,"링크: https://spigenhelp.zendesk.com/agent/tickets/1000163733
국가 / 제품: UK / Selfie Stick Wondersnap Automatic (S541W)
ASIN=B0DT1NJKY3 / SKU=amzn.gr.AMP09336UKO-P_emWvn2-567qZL8P-LN
구매일자: 2026-09-25","1차: 액션캠용 부착 장치(어태치먼트) 포함 여부 + 리모컨이 GoPro와 호환되지 않는 이유 문의 → 별도 액션캠 어태치먼트 미제공, 리모컨은 안드로이드/iOS만 지원해 GoPro 블루투스 연결 불가 안내

2차(현재): Basic 모델(S560W)에는 GoPro 어댑터가 포함되는데 본인이 구매한 Deluxe 모델(S541W)에는 없는 게 이상하다는 재문의 → 모델별 구성 차이 재안내 예정

단순 제품 사양/호환성 문의로 결함·불편 클레임 아님, 정보 재안내로 종결 예정 #상품사양문의 #정보안내","+ 구매 0개월(3일) 경과
+ (최근 2년) 총 주문 3개 / FBA 환불 0건 / 셀러 환불 0건 / MCF 발송 0건

1. 결함이나 불편이 아닌 순수 제품 사양(GoPro 부착 여부) 확인 문의. 사진/영상 요청 대상 아님

2. 내부 확인: 아마존 제품 페이지·슈피겐 공홈 문구상 폰 고정 기능만 명시되어 있고 액션캠 부착장치 제공 여부는 별도 명시 없음. Basic 모델(S560W)과 Deluxe 모델(S541W)은 구성품이 다름

3. 타고객 유사 전례: #1000076615 — S560W Wondersnap이 iPhone은 연결되나 GoPro는 연결 안 됨(동일 리모컨 호환 이슈)

4. 충성 고객 (최근 2년 총 주문 3건, 환불 0건)","[TCK 예상 답변] S541W Wondersnap Selfie Stick(B0DT1NJKY3)은 별도의 액션 캠 부착장치(attachment) 또는 Basic 모델 S560W(B0CL9956CD)에 포함된 1/4-inch screw module을 제공하지 않음. S541W 리모컨은 안드로이드와 iOS만 지원하여 GoPro는 블루투스 연결이 되지 않음
[GCX AI 예상답변] 동일 (제품 결함이 아닌 모델 간 구성품 차이에 대한 사양 문의이며, 이미 이전 티켓 #1000076615에서도 동일한 GoPro 비호환 안내가 이루어진 바 있어 정보 재안내로 종결하는 것이 타당함)
, 2 replies, Last Reply: Mon 9:55 AM
1
Add reaction
,
Mon 9:21 AM
,
2 replies
, Last Reply
Mon 9:55 AM",김지우 Kevin 글로벌CX전략팀,@ Ticket Reporter 1. 예상 답변 진행(제품 페이지 내 IOS/Android만 호환 가능하다는 문구가 있으므로 일반 안내 후 종결 타당)
GCX Agent 글로벌CX전략팀,https://spigenhelp.zendesk.com/agent/tickets/1000163804,"링크: https://spigenhelp.zendesk.com/agent/tickets/1000163804
국가 / 제품: IT / iPhone 18 Pro Max Ultra Hybrid T MagFit
ASIN=B0FH5SRK6L / SKU=ACS10467PAN
구매일자: 2026-09-23","1차: 케이스 모서리 변색 주장, 사진 요청

2차(현재): 제품/바코드 사진 첨부하여 재인입 — 실제로는 변색이 아닌 들뜸 자국으로 확인됨

제조상 결함으로 보기는 어려우나 재고 있고 충성 고객이라 예외적 MCF 발송 예정 #예외적MCF #충성고객 #재고있음","+ 구매 0개월(5일) 경과
+ (최근 2년) 총 주문 5개 / FBA 환불 1건 / 셀러 환불 0건 / MCF 발송 0건

1. 첨부 사진상 모서리에 미세한 들뜸 자국 확인 — 변색이 아니며, 명확한 제조상 결함으로 단정하기는 어려움

2. 재고 275개로 충분히 확보되어 있어 MCF 교환 대응 가능

3. 타고객 유사 전례: 동일 고객 이전 티켓 #1000148327은 오주문 건으로 무관 — 별도 유사 전례는 확인되지 않음

4. 충성 고객 (최근 2년 총 주문 5건, 환불 1건 ≤ 1/3)","[TCK 예상 답변] 제조상 결함 아니지만 예외적 MCF 발송
[GCX AI 예상답변] 동일 (사진상 뚜렷한 제조 결함으로 단정하기 어려운 미세 들뜸 자국이나, 충성 고객(5주문/환불1)이며 재고가 충분히 확보되어 있어 고객 불편 해소 차원의 예외적 MCF 발송이 타당함)",김지우 Kevin 글로벌CX전략팀,"@ Ticket Reporter 1. 예상 답변 진행(사진상 뚜렷한 제조 결함으로 단정하기 어려운 미세 들뜸 자국이나, 충성 고객(5주문/환불1)이며 재고가 충분히 확보되어 있어 고객 불편 해소 차원의 예외적 MCF 발송 타당)"
GCX Agent 글로벌CX전략팀,https://spigenhelp.zendesk.com/agent/tickets/1000163829,"링크: https://spigenhelp.zendesk.com/agent/tickets/1000163829
국가 / 제품: UK / Galaxy Z Fold 8 Ultra Slim Armor Pro S MagFit Case
ASIN=B0GYQDR1FW / SKU=ACS11778UKO
구매일자: 2026-08-02","1차(현재): 삼성 25W 무선충전기 사용 시 케이스 장착 상태로 ""케이스가 너무 두꺼워 충전 불가"" 메시지 발생. 상품 설명이 오해의 소지가 있다며 Sale of Goods Act 위반 주장, 이미 Amazon에 리뷰 남겼다고 주장, 5영업일 내 환불 없으면 전 SNS 채널에 공개하겠다고 위협 → 기존에 안내된 SA Pro S MagFit 무선충전 호환 제한 이슈로 확인, 유선충전 권장 + 확인용 영상 요청 예정

Legal Action 언급 + SNS 공개 위협의 강성 컴플레인이나, 이미 리스팅에 안내된 무선충전 호환 제한 이슈로 제조상 결함 아님 #강성컴플레인 #충전호환이슈 #영상요청","+ 구매 1개월(57일) 경과
+ (최근 2년) 총 주문 1개 / FBA 환불 0건 / 셀러 환불 0건 / 셀러 코드 발급 0건

1. SA Pro S MagFit 케이스는 삼성 25W 무선충전기 등과 장착 시 일부 마그네틱/무선 충전이 원활하지 않거나 중단될 수 있음이 이미 제품 페이지에 안내된 사항 — 제조상 결함 아님. 고객은 Legal Action(Sale of Goods Act) 및 SNS 공개를 언급하며 강성 컴플레인

2. 내부 기준: 1차는 안내+유선충전 권장, 특이사항/강성고객 판단 시에만 2차 ESC

3. 타고객 유사 전례: #1000159011, #1000158640 — 두 건 모두 동일 호환 이슈로 고객 불편 고려하여 환불 처리된 전례 있음

4. 충성 고객 아님 (최근 2년 총 주문 1건)","[TCK 예상 답변] 1. 고객 불편 유감
2. 제품 페이지에 안내된 바와 같이 본 제품은 케이스 장착 시 일부 마그네틱/무선 충전이 원활하지 않거나 중단될 수 있음. 안정적인 충전을 위해 유선 충전을 권장
3. 유관 부서와 추가 확인을 위해 충전 이슈에 대한 동영상 요청 (즉시 환불/거절 아님)
[GCX AI 예상답변] 동일 (본 이슈는 이미 리스팅에 안내된 SA Pro S MagFit 무선충전 호환성 제한사항으로 제조상 결함 아님 + 유사 전례 #1000159011/#1000158640에서도 1차는 안내 후 진행 + 고객의 법적 조치/SNS 위협은 강성 컴플레인 신호일 뿐 실질적 법적 리스크는 아니므로, 즉시 환불보다 영상 확인 후 판단이 타당함)
, 2 replies, Last Reply: Mon 9:53 AM
1
Add reaction
,
Mon 9:20 AM
,
2 replies
, Last Reply
Mon 9:53 AM",김지우 Kevin 글로벌CX전략팀,@ Ticket Reporter 1. 예상 답변 진행(무선 충전은 케이스 두께로 인해 방해될 수 있으며 이는 제품의 결함이 아닌 제품과 무선충전기 사이 저항/손실로 인한 것임. 확실한 증상 확인을 위해 우선 영상 확인 필요)
GCX Agent 글로벌CX전략팀,https://spigenhelp.zendesk.com/agent/tickets/1000164216,"링크: https://spigenhelp.zendesk.com/agent/tickets/1000164216 (이전 티켓 #1000149836과 동일 주문 건, 재인입)
국가 / 제품: FR / Galaxy S25 Ultra Ultra Hybrid S MagFit (Case, Blanc)
ASIN=B0DJ9TGGFR / SKU=ACS08963PAN
구매일자: 2026-04-06","1차: 킥스탠드 재파손, 1회성 예외 MCF 이미 소진 → 도움 불가 1차 안내 (오늘 12:07pm 발송, GCX 컨펌 완료)

2차(현재): 고객이 도움 불가 답변에 강하게 반발 — ""€30짜리 보호 제품이 3개월 만에 망가졌는데 새로 사라는 것이냐, 슈피겐 제품 품질이 나쁜 것이 내 잘못이냐""며 재차 이의 제기
동일 결론 유지, 회차만 2차로 상향 #킥스탄드파손 #재인입 #도움불가2차","+ 구매 5개월 24일 경과
+ (최근 2년) 총 주문 제품 2개 / FBA 환불 제품 0개 / 셀러 환불 0건 / MCF 발송 1건

1. 1차 도움 불가 답변에 감정적으로 강하게 반발하나, 새로운 사실관계나 증거는 추가되지 않음 — 기존 판단(1회 예외 소진, 일반 마모 가능성)을 뒤집을 근거 없음

2. 내부 기준(GCX_CS PROCEDURE): 도움 불가 2차 안내 단계로, 3차까지는 회차만 올려 동일 결론 유지 — NRN은 3차 이후에만 적용

3. 동일 주문 클레임 이력: #1000149836(동일 킥스탠드 파손, MCF 발송 완료)","[TCK 예상 답변] 앞서 제공한 교체품은 예외적 도움으로 지속적인 워런티 제공 불가한 점 재안내
고객 사용기간동안 외부 요인, 환경 등에 의해 발생된 일반적인 마모, 파손 등은 워런티 대상 아님
도움불가 2차 안내
[GCX AI 예상답변] 동일 (고객의 반발은 이해되나 새로운 증거나 사실관계 변화 없이 기존 판단을 번복할 근거가 없음 — 1회 예외 소진 원칙을 유지하며 도움 불가 2차 안내로 회차만 올려 대응하는 것이 타당. 3차까지는 동일 대응, 이후 재인입 시 NRN 검토)",김지우 Kevin 글로벌CX전략팀,"@ Ticket Reporter 예상 답변 진행(재고 소진 차원에서 MCF를 검토해 볼 만도 하나, 고객의 사용 기간 + 기존 동일 사유 MCF이력 고려 도움불가 2차 안내 타당)"
GCX Agent 글로벌CX전략팀,https://spigenhelp.zendesk.com/agent/tickets/1000164183,"링크: https://spigenhelp.zendesk.com/agent/tickets/1000164183
국가 / 제품: DE / AirPods Pro 3 Vault (SDA, Marineblau)
ASIN=B0FCVRHL5J / SKU=ACS09828PAN
구매일자: 2025-11-05","1차: AirPods Pro 3용 Vault 케이스를 벗겨보니 안쪽의 애플 정품 충전 케이스가 보라색으로 변색됨. 케이스 상단 자석 하나도 떨어져 하단 자석에 계속 붙어있는 상태 (사진 4매 첨부) → Order ID 요청

2차: Order ID 회신 → 케이스 100% 환불만 안내

3차(현재): 케이스 환불은 감사하나 실제 핵심 문제인 애플 충전 케이스 변색은 미해결이라며 재차 이의 제기. AirPods와 케이스를 같은 달 구매했고 구매 당시 충전 케이스는 새 제품이었음을 강조, 알코올로 직접 닦아봤으나 완전히 제거되지 않음, 기기 자체에 대한 합리적 해결책 요구
자석탈락(기지정 결함, 케이스 환불 정책 이미 적용) + 기기 이염 주장(케이스 귀책 인과관계 확인 불가, 전례 다수) #자석탈락 #기기손상주장 #이염 #도움불가","+ 구매 10개월(약 329일) 경과
+ (최근 2년) 총 주문 제품 4개 / FBA 환불 제품 0개 / 셀러 환불 1건 / MCF 발송 0건

1. 자석탈락: 2025-12-09 공지 기준 AirPods Pro 3용 Vault 케이스는 양산 초기 단계 자석 이탈이 품질팀에서 이미 확인된 기지정 이슈 — 처리 방침은 MCF 대체품이 아닌 100% 환불이며 이미 적용됨(추후 RC 개선 예정)

2. 기기 이염(변색): 유관부서 확인 결과 케이스 내측에서 에어팟으로 오염이 전이될 가능성은 매우 낮으며, 제조상 결함이 아닌 사용 환경에 의한 손상 가능성이 높다고 판단됨 — 애플 공식 안내상 대부분 알코올 세정으로 제거 가능

3. 동일 유형 전례: #132697(AirPods Pro RA 케이스 핑크색 이염 → 인과관계 확인 불가, 기기 보상 불가+케이스 환불), #95317(Urban Fit 케이스 이염 → 전이 판단 어려움+알코올 세정 안내), #1000069953(Urban Fit 케이스 착용 중에도 변색 → 동일 결론), #1000028704(2년 사용 후 검은색 오염, 알코올로도 제거 안됨 → 동일 결론+100% 환불) — 4건 모두 케이스 귀책 불인정, 기기 보상 불가로 일관 처리

4. 충성 고객 (최근 2년 총 주문 4개 / 환불 1건으로 총 주문의 1/3 이하)","[TCK 예상 답변] 품질 관리팀 테스트 내용이나 제품 개발 및 이슈 이력 확인 시, Case 내측에서 전이 되는 이물로 판단하기는 어려움 안내
알코올 솜으로 얼룩 닦아보길 권유
애플 공식 페이지에도 확인 가능하듯이 대부분 알코올로 세정 가능 안내
[GCX AI 예상답변] 동일 (자석탈락은 이미 기지정 결함으로 케이스 100% 환불 정책이 적용되었고, 기기 이염 건은 동일 유형 전례 4건 모두 케이스 귀책 인과관계가 확인되지 않아 일관되게 기기 보상 불가로 처리된 사안 — 유관부서의 명확한 판단 근거가 있어 추가 기기 보상 없이 알코올 세정 안내로 마무리하는 것이 타당. 다만 판매량이 높은 신제품으로 동일 자석탈락 클레임·배드리뷰가 지속 유입될 것으로 이미 예상된 제품이니 참고 바람)",김지우 Kevin 글로벌CX전략팀,"@ Ticket Reporter 1. 예상 답변 진행(이전 RA, SIREN 작성된 Urban Fit 대응 참고시 알콜스왑 사용 제거 권장 안내 후 결함 없음으로 안내한 티켓 4개 참고 동일 대응 타당)"
GCX Agent 글로벌CX전략팀,https://spigenhelp.zendesk.com/agent/tickets/1000164216,"링크: https://spigenhelp.zendesk.com/agent/tickets/1000164216 (이전 티켓 #1000149836과 동일 주문 건)
국가 / 제품: FR / Galaxy S25 Ultra Ultra Hybrid S MagFit (Case, Blanc)
ASIN=B0DJ9TGGFR / SKU=ACS08963PAN
구매일자: 2026-04-06","1차(현재): 킥스탠드(후면 지지대)가 또다시 파손됨. 이전 티켓 #1000149836에서 동일 문제로 이미 MCF 교체품을 받았으나, 그 교체품에서도 동일하게 킥스탠드가 파손됨. 매일 킥스탠드를 사용하며 정기적 사용을 견디도록 설계되어야 한다고 주장, 오랜 슈피겐 충성 고객으로서 품질에 실망감 표현. 교체품 또는 유사 제품 요청 (사진 첨부) → 전체 상태 사진 요청
동일 주문 건에서 예외적 MCF 교체품도 동일 결함으로 재파손 + 1회성 예외 이미 소진됨 #킥스탠드파손 #재인입 #도움불가","+ 구매 5개월 24일 경과
+ (최근 2년) 총 주문 제품 2개 / FBA 환불 제품 0개 / 셀러 환불 0건 / MCF 발송 1건

1. #1000149836(동일 주문)에서 킥스탠드 파손으로 MCF 발송, 이번 티켓은 그 교체품도 동일하게 파손되어 재인입한 케이스. 환불 이력은 없고 순수 재발 재파손 클레임임

2. 내부 기준(GCX_CS PROCEDURE): 동일 결함에 대한 예외적 MCF 제공은 1회로 제한 — 이미 소진되어 추가 예외 제공 지양 원칙 적용

3. 동일 주문 반복 파손이라는 점에서 킥스탠드 부품 자체의 내구성 이슈 가능성은 있으나, 정책상 1회 예외 소진 후 추가 무상 교체는 지양 — 필요 시 유관 부서(품질) 참고용으로 반복 파손 패턴만 별도 공유 검토","[TCK 예상 답변] 이전에 안내드린 대로 일회성으로 예외적 MCF 도움드렸음
추가 도움 불가 안내
[GCX AI 예상답변] 동일 (동일 주문 건에서 이미 1회 예외적 MCF 교체를 제공했고, 환불 이력 없이 순수 재파손 재인입인 점은 이해되나 정책상 동일 결함 예외는 1회로 제한 — 추가 무상 교체 없이 도움 불가 안내가 타당. 다만 원본·교체품 모두 동일 부위 파손은 킥스탠드 내구성 관련 반복 패턴으로 참고할 가치가 있어 별도 공유 검토 권장)",김지우 Kevin 글로벌CX전략팀,@ Ticket Reporter 1. 예상 답변 진행 (동일 사유 MCF 발송된 제품인점 + 동일 이슈 발생의 경우 고객의 사용 습관에 따른 이슈 발생 가능성)
GCX Agent 글로벌CX전략팀,https://spigenhelp.zendesk.com/agent/tickets/1000164201,"링크: https://spigenhelp.zendesk.com/agent/tickets/1000164201 (이전 티켓 #1000160315의 follow-up)
국가 / 제품: DE / iPhone 14 Ultra Hybrid (Case)
ASIN=B0B1PHCRPJ / SKU=확인 불가
구매일자: 2026-01-23","1차(#1000160315): iPhone 14용 UH 케이스를 1년도 안 되어 사용했는데 뒷면 코팅이 벗겨지고 떨어져 나감(사진 PDF 첨부) → 다른 각도 추가 사진 + 사용 경위 문의

2차: 추가 사진 제출, 매일 케이스 장착 사용함을 확인 → 사용 중 결함으로 도움 불가하나 불편 고려하여 예외적 50% 환불 1차 제안

3차: 답변 불수용, 독일 민법 제434조 근거로 명백한 제품 하자라며 재검토 요청, 슈피겐이 구매 당시 하자 없었음을 입증하지 못했다고 주장 → 거부 시 예외적 50% 환불 2차 제안

4차(현재): 하자 책임 법규 해석이 잘못됐다며 재차 반박, 소비자보호기관(Verbraucherzentrale) 연락 예고
재고 소진(B0B1PHCRPJ)으로 MCF 대안 불가 + 반복된 강한 이의 제기로 예외적 100% 환불 검토 필요 #코팅벗겨짐 #강성고객 #재고소진 #법적조치예고","+ 구매 7개월 11일 경과
+ (최근 2년) 총 주문 제품 1개 / FBA 환불 제품 0개 / 셀러 환불 0건 / MCF 발송 0건

1. 뒷면 코팅 벗겨짐 — 사용 중 마모 가능성이 있으나 고객은 독일 소비자보호법을 근거로 제조 하자라 강하게 주장하며 두 차례의 50% 환불 제안을 모두 거부함

2. 소비자보호기관 연락 예고는 강성고객 신호로만 참고 — 실제 법적 리스크로 보기보다는 협상 압박용 발언으로 판단, 대응 수위 상향의 근거로만 활용

3. 해당 ASIN(B0B1PHCRPJ) 재고 소진으로 MCF 대체품 발송이 불가하여, 반복 이의 제기 상황에서 선택 가능한 실질적 대안은 환불뿐

4. 동일고객 클레임 이력: 없음(최초 구매, 1건)","[TCK 예상 답변] 불편 고려하여 예외적 100% 환불 안내
[GCX AI 예상답변] 동일 (재고 소진으로 MCF 대안이 없고, 50% 환불 2회 제안이 모두 거부된 상황에서 소비자보호기관 언급까지 나온 강성 클레임 — 최초 구매 고객으로 abuse 정황도 없어 추가 협상 소모 없이 예외적 100% 환불로 종결하는 것이 타당)",김지우 Kevin 글로벌CX전략팀,@ Ticket Reporter 1. 예상 답변 진행(50% 환불 지속 불응 + 소비자법 언급 강성 + 셀러 환불 이력 없음 고려 예외적 100% 환불 타당)
GCX Agent 글로벌CX전략팀,https://spigenhelp.zendesk.com/agent/tickets/1000163448,"링크: https://spigenhelp.zendesk.com/agent/tickets/1000163448
국가 / 제품: DE / Google Pixel 9 Glas.tR EZ Fit Privacy (SP, Pixel 10 Pro/10/9 Pro/9 겸용 제품)
ASIN=B0DQ681K25 / SKU=AGL09312PAN
구매일자: 2026-09-20","1차: EZ Fit Privacy 글라스(Pixel 9용) 부착 후 화면 전체에 뚜렷한 대각선(모아레/격자무늬) 현상 발생, 육안으로도 밝은 화면·설정 메뉴에서 뚜렷하게 보여 화면 품질에 심각한 영향. 제조 결함인지 이 Privacy 모델의 정상 특성인지 문의, 결함이면 대체품 요청 (사진 첨부)

2차: CS가 주문 상품이 ""Pixel 10 Pro/10"" 용으로 확인된다며 호환성 문제 우려로 폰 모델 사진 + 바코드 사진 요청

3차(현재): 고객이 Amazon 상품 페이지 스크린샷으로 해당 제품이 ""Pixel 10 Pro/10 / Pixel 9 Pro/9"" 겸용임을 제시, 본인 폰은 Pixel 9이 맞음을 재확인 — 호환성 문제 아님, 모아레 현상 자체에 대한 품질 확인 요청 지속
동일 EZ Fit Privacy 라인에서 동일 유형(대각선/모아레) 클레임 반복 확인되어 품질 이슈로 판단, Amazon상 이미 환불 완료 확인됨 #모아레현상 #호환성오해 #환불완료 #일반안내","+ 구매 10일 경과
+ (최근 2년) 총 주문 제품 2개 / FBA 환불 제품 1개 / 셀러 환불 0건 / MCF 발송 0건

1. CS가 초기에 ""Pixel 10용 제품에 Pixel 9 언급""으로 호환성 오해를 제기했으나, 실제로는 해당 SKU가 Pixel 10 Pro/10과 9 Pro/9를 모두 지원하는 겸용 제품으로 확인되어 CS 측 오해였음 — 고객에게 혼선을 드린 점 사과 필요

2. 내부 기준(GCX_CS PROCEDURE): 모아레/대각선 무늬는 Privacy 글라스 특유의 격자 패턴 인쇄와 디스플레이 픽셀 배열의 간섭으로 발생 가능하나, 사진상 육안으로도 뚜렷할 정도로 심한 경우 정상 범위를 벗어난 품질 이슈로 판단 — 유관 부서(품질) 피드백 전달 대상

3. 동일 유형 전례: #1000163689(Pixel 9용 EZ Fit Privacy, 형광색 대각선으로 화면 집중 불가), #1000159911(Pixel 10 Pro/10/9 Pro/9용 EZ Fit Privacy, 부착 직후 뚜렷한 사선 발견) — 동일 라인에서 반복 발생하는 품질 패턴으로 확인됨

4. Amazon상 이미 100% 환불 완료 확인됨(주문 306-3419619-2734723) — 추가 금전적 보상 조치는 불필요, 사과·피드백 전달·환불 확인 안내만 필요","[TCK 예상 답변] 주문하신 제품은 Google Pixel 9과도 호환되는 제품이 맞으며, 이전 메시지로 발생한 혼선에 대한 사과
유관 부서에 피드백 전달하였음
피드백에 대한 감사 인사
Amazon상 이미 환불 완료됨 (306-3419619-2734723)
[GCX AI 예상답변] 동일 (호환성 문제가 아님을 확인해 오해를 바로잡고 사과하는 것이 우선이며, 모아레 현상은 #1000163689·#1000159911과 동일한 반복 품질 패턴으로 유관 부서 피드백 전달이 타당 — Amazon상 이미 전액 환불이 완료되어 있어 추가 보상 없이 사과 + 피드백 감사 + 환불 완료 확인 안내로 마무리하는 것이 적절)",김지우 Kevin 글로벌CX전략팀,@ Ticket Reporter 예상 답변 진행(이슈 유관부서에 정리해서 전달 예정)
GCX Agent 글로벌CX전략팀,https://spigenhelp.zendesk.com/agent/tickets/1000164098,"링크: https://spigenhelp.zendesk.com/agent/tickets/1000164098
국가 / 제품: IE / Galaxy Z Fold 8 Air Skin Aramid MagFit (Case)
ASIN=B0GMSKSKX8 / SKU=ACS11561PAN
구매일자: 2026-09-08","1차: Galaxy Z Fold 8용 Air Skin Aramid MagFit 케이스를 사용한 지 이틀 후 코팅(외부 도장층)이 벗겨지기 시작함. 범위가 작아 대수롭지 않게 여겼으나 약 2주 경과 현재 상태가 악화됨 (사진 첨부) → 슈피겐 로고 포함 전체 상태 사진 + 바코드 사진 요청

2차(현재): 케이스 앞/뒤 전체 상태 사진 및 인보이스 제출, 다만 원래 포장 박스는 보관하지 않아 바코드 사진은 제공 불가
초기 사용 단계(구매 3주 내)부터 발생·악화된 코팅 벗겨짐으로 예외적으로 전액 환불 검토 #코팅벗겨짐 #신제품 #환불율경고","+ 구매 22일 경과
+ (최근 2년) 총 주문 제품 3개 / FBA 환불 제품 2개 / 셀러 환불 0건 / MCF 발송 0건

1. 구매 이틀 만에 코팅 벗겨짐 발생, 2주간 지속 악화 — 초기 사용 단계 조기 결함 패턴에 부합. 바코드 사진은 포장 미보관으로 미제출이나 제품 전체 사진·인보이스는 확인됨

2. FBA 환불 비율 66.7%(2/3, ≥50%) + 총 주문 3개(≥3개)로 abuse 경계 신호 확인됨 — 다만 2건 모두 FBA(아마존) 환불로 슈피겐 셀러 환불 이력은 0건이며, 본 건은 초기 코팅 벗겨짐이 사진상 명확히 확인되는 조기 결함 클레임으로 판단됨

3. 동일고객 클레임 이력: 확인 불가(검색된 동일 유형 전례 없음)

4. 충성 고객 아님 (총 주문 3개, 최소 기준 충족하나 환불 비율 66.7% > 1/3)","[TCK 예상 답변] 불편을 고려하여 전액 환불
[GCX AI 예상답변] 동일 (구매 이틀 만에 발생해 2주간 악화된 코팅 벗겨짐이 사진상 명확하며 초기 사용 단계 조기 결함 정황에 부합 — FBA 환불 비율은 abuse 경계 구간이나 슈피겐 셀러 환불 이력이 없고 제출된 정보에 특이사항이 없어 예외적으로 전액 환불이 타당)",김지우 Kevin 글로벌CX전략팀,"@ Ticket Reporter 예상 답변 진행(이전 SIREN 등록된 ACS11496과 동일 생산업체 & 라인업인점, 셀러 환불 이력 없는점 고려 환불 타당)
@ 양숙랑 Grace 글로벌CX전략팀 @ 나아름 Jane 글로벌CX전략팀 Galaxy Z Fold 8 Ultra용 Air Skin Aramid Magfit 코팅,표면 박리 이슈 SIREN 검토_글로벌CX전략팀_26.09.17 과 동일 라인업 동일 이슈 Galaxy Z Fold 8 Ultra용 Air Skin Aramid Magfit 코팅,표면 박리 이슈 SIREN 검토_글로벌CX전략팀_26.09.17 Copy link 나아름 Jane 글로벌CX전략팀 is the owner Edited on Sep 28, 2026 by 나아름 Jane 글로벌CX전략팀 Summarize this file"
GCX Agent 글로벌CX전략팀,https://spigenhelp.zendesk.com/agent/tickets/1000164287,"링크: https://spigenhelp.zendesk.com/agent/tickets/1000164287
국가 / 제품: FR / Galaxy Z Fold 8 Air Skin Aramid MagFit (Case)
ASIN=B0GMSKSKX8 / SKU=ACS11561PAN
구매일자: 2026-09-20","1차(현재): Galaxy Z Fold 8용 Air Skin Aramid MagFit 케이스 장착 과정에서 실망감 표출 — 설치에 약 45분 소요, 잘라서 쓰는 작은 양면테이프 조각의 위치 맞추기가 매우 어려웠고 테이프 보호필름도 떼기 어려웠음. 케이스 품질 자체는 좋으나 €60대 제품치고 설치 난이도가 과도하다는 의견. 향후 글라스 파손 시 케이스를 탈착해야 하는데, 접착식이라 재부착이 어려울 것을 우려 (바코드 사진 첨부)
신제품 설치 난이도에 대한 UX 피드백으로, 결함·보상 요청이 아닌 재장착 가이드 안내 사안 #신제품피드백 #양면테이프 #일반안내","+ 구매 10일 경과
+ 다른 구매 내역 확인 안됨 (최초 구매 고객)

1. 결함이 아닌 설치 난이도(양면테이프 정렬·보호필름 제거 어려움) UX 피드백 — 제품 자체 결함이나 파손 주장은 없음. 향후 글라스 교체 시 재부착 가능 여부를 문의

2. 내부 기준: 해당 제품은 내측 코팅 특성상 양면테이프 탈락 가능성을 고려해 양면테이프 2세트가 기본 동봉됨 — 재장착 시 동봉된 여분 테이프로 대응 가능. 현재 별도 테이프 판매 제품은 아니나(향후 일부 Z Fold/Flip 8 케이스 라인업에 별도 판매 예정 공지 있음, 본 제품은 미포함), 여분 테이프 동봉으로 재장착 문제는 해소 가능

3. 동일고객 클레임 이력: 없음(최초 구매)","[TCK 예상 답변] 피드백에 대한 감사 인사 + 재장착 시에는 동봉된 양면테이프를 활용하셔서 장착 가능 안내
[GCX AI 예상답변] 동일 (결함·파손이 아닌 설치 난이도에 대한 신제품 피드백이며, 제품에 여분 양면테이프 2세트가 이미 기본 동봉되어 있어 향후 재장착 우려에 대해 별도 조치 없이 안내만으로 해소 가능 — 보상·환불 사안이 아니므로 피드백 감사 + 재장착 가이드 안내가 타당)",나아름 Jane 글로벌CX전략팀,처리 요청 사항 (예상 답변 진행) 피드백에 대한 감사 인사 재장착 시에는 동봉된 양면테이프를 활용하셔서 장착 가능 안내
GCX Agent 글로벌CX전략팀,https://spigenhelp.zendesk.com/agent/tickets/1000164276,"링크: https://spigenhelp.zendesk.com/agent/tickets/1000164276
국가 / 제품: IN / iPhone 17 Pro Max Enzo Aramid T MagFit (Case)
ASIN=B0FD1L9HNH / SKU=ACS09905INP
구매일자: 2026-08-11","1차(현재): iPhone 17 Pro Max용 Enzo Aramid T MagFit 케이스 카메라 홀 주변 고무 소재가 안쪽 가장자리를 따라 카메라 링에서 분리되기 시작함. 정상 사용했으며 낙하·충격 없었다고 주장, 짧은 기간 내 발생으로 소재·접착제·제조 공정상 조기 결함으로 보인다며 워런티/교체 요청 (사진 2매, 인보이스 첨부, 인도 지사 경유 포워딩)
동일 결함 유형 재발 + 지속적 환불 요청으로 도움 불가 1차 안내 검토 #카메라링분리 #지속적환불요청 #도움불가","+ 구매 1개월(약 50일) 경과
+ (최근 2년) 총 주문 제품 10개 / FBA 환불 제품 1개 / 셀러 환불 2건 / MCF 발송 0건

1. 카메라 링 분리 현상에 대해 사진 첨부·정상사용 주장이 있으나, 동일 고객이 동일 기종(iPhone 17 Pro Max)의 동일 결함 유형(카메라 링 분리)으로 이미 이전 주문 건에서 100% 환불을 받은 전례가 있어 반복 재현 정황으로 판단됨

2. 내부 기준(GCX_CS PROCEDURE): 동일 결함 유형에 대한 예외 워런티 제공은 1회로 제한되며, 이미 예외 처리된 사유로 재차 요청 시 지속적인 예외 워런티 제공 불가 원칙 적용

3. 동일고객 클레임 이력: #1000146568(동일 기종 UH T MagFit 케이스 황변 → 100% 환불), #1000156997(동일 기종 Enzo Aramid T MagFit 케이스 카메라 링 분리, 동일 결함 유형 → 100% 환불) — 두 건 모두 셀러 환불 처리됨

4. 총 주문 10개 / 환불 3건(30%)으로 수치상 충성고객 경계에 있으나, 동일 결함 유형의 반복 클레임(ESC. 사유=지속적 환불 요청)이 우선 고려 사항으로, 추가 예외 지양이 타당","[TCK 예상 답변] 이전에도 동일 사유로 예외적 도움드린 것으로 확인됨
지속적인 예외 워런티 제공은 불가한 점 양해 부탁
도움 불가 1차 안내
[GCX AI 예상답변] 동일 (동일 고객이 동일 기종의 동일 결함 유형(카메라 링 분리)으로 #1000156997에서 이미 100% 환불을 받은 전례가 있어, 사진상 결함 정황이 보이더라도 반복적 예외 워런티 제공은 지양하는 것이 타당 — 환불비율(30%) 자체는 abuse 임계치 미만이나 ESC. 사유(지속적 환불 요청)와 결함 유형 재발 패턴을 고려하면 도움 불가 1차 안내가 적절)",김지우 Kevin 글로벌CX전략팀,@ Ticket Reporter 예상 답변 진행(이전 동일 사례로 환불 이력 있음 + 총 3회 셀러환불 이력 확인)
GCX Agent 글로벌CX전략팀,https://spigenhelp.zendesk.com/agent/tickets/1000164225,"링크: https://spigenhelp.zendesk.com/agent/tickets/1000164225
국가 / 제품: IN / iPhone 16 Pro Max Ultra Hybrid Back Cover Case (Crystal Clear)
ASIN=B0D21Q551B / SKU=ACS07992INP
구매일자: 2026-02-22","1차(#1000153361): iPhone 16 Pro Max용 UH 케이스가 다시 황변되어 워런티 청구 → 폐기사진 1차 요청(이후 환불 안내)

2차(#1000160489): 폐기사진 첨부하여 재인입 → 폐기사진 확인 후 100% 환불 안내(최초 환불 안내일자 9/4)

3차: 환불 처리 완료 여부 문의 → Refund 완료 재안내

4차(현재, #1000164225): 안내받은 환불 내역이 여전히 계좌/주문내역에서 확인되지 않는다고 재문의
아마존 인도 결제 대시보드 미반영으로 인한 환불 미확인 장기화 건으로 판단되어 예외적 대체품(MCF) 제공 검토 필요 #환불미반영 #아마존결제대시보드미반영 #예외적대체품제공","+ 구매 7개월(약 220일) 경과
+ (최근 2년) 총 주문 제품 4개 / FBA 환불 제품 0개 / 셀러 환불 2건 / MCF 발송 0건

1. 이미 100% 환불이 승인·안내되었으나(최초 안내일 9/4) 고객이 자신의 아마존 계정/주문내역에서 해당 환불을 확인할 수 없다고 재차 문의 — 환불 처리 자체가 아닌 아마존 인도 결제 대시보드 미반영 이슈로 추정됨

2. 내부 기준(2026-09-21 공지 ): Tier 1 환불 안내 후에도 고객이 지속 미환불을 주장하면 Tier 2 Esc. → 인도영업팀에 대체품 출고 가능 여부 확인 → 가능 시 고객 주소 확보 후 인도 지사로 FWD. 동일 유형의 선례로 #1000162822(IN, 아마존 주문내역상 환불완료이나 내역 미확인)가 이미 처리됨

3. 환불 비율 50%(2/4, ≥50%) + 총 주문 4개(≥3개)로 abuse 경계 신호 확인됨 — 다만 해당 2건 환불 자체가 아마존 인도 결제 시스템 미반영이라는 회사 차원 기지 이슈(동일 유형 #1000162822 기 확인)와 연관된 것으로 추정되어, 고객 귀책의 반복 환불 남용 정황과는 구분됨","[TCK 예상 답변] 고객 불편 유감
아마존 내부 결제 대시보드 미반영으로 문제가 장기화되고 있는 것으로 추정됨
고객께 가장 빠른 해결 방법으로서 해당 제품의 대체품을 제공하고자 함
동의하시면 제품 수령 정보를 공유 바람(MCF정보 요청)
[GCX AI 예상답변] 동일 (2026-09-21 공지된 Amazon IN 환불 미진행 대응 프로시저에 따른 표준 처리 + 동일 유형 선례 #1000162822 존재 — 환불 비율이 abuse 경계 구간이나 두 환불 모두 아마존 결제 대시보드 미반영이라는 시스템적 이슈로 추정되어 고객 귀책 남용과는 무관, 가장 빠른 해결책인 예외적 대체품(MCF) 제공이 타당)
, 1 reply, Last Reply: Yesterday 10:06 AM
1
Add reaction
,
Yesterday 9:46 AM
,
1 reply
, Last Reply
Yesterday 10:06 AM",나아름 Jane 글로벌CX전략팀,*대체품 발송 가능여부 확인중 → 인도사업부 김다원P
GCX Agent 글로벌CX전략팀,https://spigenhelp.zendesk.com/agent/tickets/1000164034,"링크: https://spigenhelp.zendesk.com/agent/tickets/1000164034
국가 / 제품: ES / iPhone 16 Pro Ultra Hybrid (Case)
ASIN=B0D21N8F6P / SKU=확인 불가
구매일자: 확인 불가 (TCK 산정: 사용기간 약 1년 8개월 경과)","1차: iPhone 16 Pro용 UH 케이스가 황변 방지 광고를 보고 구매했으나 사용 중 황변 발생, 교체 또는 전액 환불 요청(사진 첨부) → 제조 결함 단정 어려움, 도움 불가 안내

2차: 황변방지 광고·FAQ 문구를 근거로 재반박, 최근 구매한 신규 동일 케이스와 나란히 비교한 사진 추가 첨부, 재검토 후 교환/환불 요청 → 사용 중 생긴 결함 2차 안내(환불 X)

3차: 사용/환경 요인만으로는 설명이 충분하지 않다며 재차 이의 제기, 명확한 입장 확인 요청 → 팀 리더 지시로 iPhone 16 Pro 케이스 과재고 사유 예외적 대체품(MCF) 제공 결정, 고객에 교체 제공 안내(배송정보 요청)

4차(현재): 교체 제공에 감사하나 이미 9/14 동일 케이스를 별도 구매(주문 406-1821467-1172321)했으므로 배송 낭비 방지 위해 교체 대신 환불 요청
이미 예외적 대체품 제공을 승인한 사안이나 고객이 환불로 전환 요청 → 폐기 사진 확인 후 예외적 100% 환불 검토 필요 #황변 #예외적환불 #충성고객","+ 구매 약 1년 8개월 경과 (TCK 산정)
+ (최근 2년) 총 주문 제품 10개 / FBA 환불 제품 0개 / 셀러 환불 2건 / MCF 발송 0건

1. 황변방지(Anti-Yellowing) 광고 및 FAQ 문구를 근거로 재반박하며, 신규 구매한 동일 케이스와 나란히 비교한 사진 제출 — 육안상 색상 차이가 뚜렷함. 다만 황변은 자외선·충전기 발열·화장품 등 외부요인에 의해서도 발생 가능해 제조상 결함으로 단정하기는 어려움

2. 내부 기준(GCX_CS PROCEDURE): 황변은 원칙상 워런티 비대상이나, 팀 리더 지시로 iPhone 16 Pro용 케이스 과재고를 사유로 예외적 대체품(MCF) 제공이 이미 승인됨. 고객은 9/14 동일 케이스를 별도 구매해 교체 대신 환불을 요청

3. 동일고객 클레임 이력: #1000088618(iPhone 16 Pro UH 케이스 이염 → 100% 환불), #1000076960(EZ Fit 글라스 측면 들뜸 → 100% 환불) — 과거 2건 모두 셀러 환불 처리됨

4. 충성 고객 (최근 2년 총 주문 10개 / 환불 2건으로 총 주문의 1/3 이하)","[TCK 예상 답변] 교체품 제공만 가능한 점 양해 부탁드림 + 도움 불가 3차 안내 OR 폐기 사진 확인 후 예외적 100% 환불
[GCX AI 예상답변] 동일 (이미 iPhone 16 Pro 케이스 과재고 사유로 예외적 대체품 제공을 승인한 사안 + 고객은 환경적 이유로 신규 구매한 케이스가 있어 교체보다 환불을 선호 + 충성 고객(환불비율 20%)이며 과거 2건 모두 100% 환불 전례 → 이중 이득 방지를 위해 폐기 사진 확인 후 예외적 100% 환불로 전환하는 것이 도움 불가 3차보다 타당)",나아름 Jane 글로벌CX전략팀,처리 요청 사항 폐기 사진 확인 후 예외적 100% 환불
GCX Agent 글로벌CX전략팀,https://spigenhelp.zendesk.com/agent/tickets/1000163433,"링크: https://spigenhelp.zendesk.com/agent/tickets/1000163433
국가 / 제품: DE / Google Pixel Watch 5 (45mm) Eliteshield EZ Fit (강화필름)
ASIN=B0D6Q4HLZJ / SKU=AFL08525PAN
구매일자: 2026-09-18","1차: 2매입 필름 중 첫 번째 장은 부착 하루 만에 밀림 발생, 두 번째 장은 주황색 보호층이 제대로 제거되지 않고 안쪽에 먼지가 들어가 결국 파손됨. 밀림 방지 방법 문의, 두 장 모두 이미 소진 → 주문번호 요청

2차: 주문번호 제공 → 제품 상태 사진 + 바코드 사진 요청

3차: 제품/포장/바코드 사진 첨부(두 번째 필름 사진, 첫 번째는 이미 폐기해 사진 없음) → 필름 자체 상태 사진 누락 지적, 추가 요청

4차(현재): 필름 상태 사진 추가 제출 → TCK가 예외적 대체품 제공 초안 작성(제조 결함 단정 어려움)
예외적 대체품 제공(설치 시 밀림·보호층 제거 불량 반복 + 충성 고객) #신제품 #예외적대체품 #충성고객","+ 구매 11일 경과

1. 동봉 2매 모두 부착 과정에서 문제 발생(밀림, 보호층 제거 불량+먼지 유입) — 사용자 부주의보다는 제품 특성상 재현 가능성 있는 하자로 보임. MCF 재고 321개로 충분

2. 내부 기준(GCX_CS PROCEDURE): 사진상 명확한 제조 결함으로 단정하기는 어려우나, 2매 모두 동일 유형 문제 재현 + 재고 여유로 예외적 대체품 제공이 합리적

3. 타고객 유사 전례: 확인 불가(검색된 동일 유형 전례 없음)

4. 충성 고객 (최근 2년 총 주문 10개 / 환불 1건으로 총 주문의 1/3 이하)","[TCK 예상 답변] 고객 불편 유감
사진 확인 결과 제조상의 결함 확인 어려우나 불편 고려하여 예외적으로 대체품 제공 도움 드리고자 함
동의 시 정보 요청
[GCX AI 예상답변] 동일 (2매 모두 부착 과정에서 동일 유형 문제가 반복 재현되었고 충성 고객이며 MCF 재고가 충분(321개)하여 예외적 대체품 제공이 타당)",나아름 Jane 글로벌CX전략팀 / 김지우 Kevin 글로벌CX전략팀,"처리 요청 사항 (예상 답변 진행) 고객 불편 유감 사진 확인 결과 제조상의 결함 확인 어려우나 불편 고려하여 예외적으로 대체품 제공 도움 드리고자 함 대체품 동의 시 정보 요청 + MCF 처리 *재고: 321개
@ 박기세 사업지원실 지우프로님은 Ticket Reporter 활용하여 티켓 처리중에 있고, 저는 Zendesk에서 직접 처리하고 있어 별도로 리포터를 활용하고 있지 않습니다 실장님!"
GCX Agent 글로벌CX전략팀,https://spigenhelp.zendesk.com/agent/tickets/1000164099,"링크: https://spigenhelp.zendesk.com/agent/tickets/1000164099
국가 / 제품: ES / iPhone 18 Pro Max Ultra Hybrid Optik S MagFit
ASIN=B0H2BXBKTB / SKU=ACS11909PAN
구매일자: 2026-09-26","1차: 배송 받자마자 케이스 후면 투명 플라스틱 부분에 작은 흠집·움푹 들어간 자국 3군데 발견, 투명 후면 특성상 눈에 잘 띔. Amazon 반품 전 Spigen에 먼저 문의. 교체 시 UH MagFit Bondi Blue 또는 Neo One 색상 희망 → 선명한 사진 + 로고 포함 전체 사진 + 바코드 사진 요청

2차(현재): 요청 사진 모두 제출, 추가로 자세히 보니 먼지/기포인 줄 알았던 부분이 실제로는 케이스 자체의 작은 스크래치·미세 칩임을 확인해 전달 → TCK가 예외적 MCF 발송 초안 작성(제조 결함 아님)
예외적 MCF 발송(제조상 결함 확정은 어려우나 투명 후면 특성상 고객 불편이 커 재고 활용 교체) #신제품 #예외적MCF #파손된상품수령","+ 구매 3일 경과

1. 후면 투명 플라스틱에 미세 스크래치·칩 3군데. 사진상 낙하·외부 충격흔은 아니며 신제품 초기 개체 불량 가능성 있는 정도의 경미한 표면 결함으로 확인됨. 다른 구매 내역 없음(TCK 확인), 현재 재고 133개로 충분

2. 내부 기준(GCX_CS PROCEDURE): 명확한 제조 결함으로 단정하기는 어려우나, 신제품 출시 초기 + 투명 후면 디자인 특성상 미세 결함도 육안 식별이 쉬워 고객 불편이 실질적 — 재고 여유가 있어 예외적 MCF 교체가 합리적

3. 타고객 유사 전례: 확인 불가(검색된 동일 유형 전례 없음)","[TCK 예상 답변] 제조상 결함 아니지만 예외적 MCF 발송
[GCX AI 예상답변] 동일 (사진상 후면 미세 스크래치·칩은 제조 결함으로 단정하기 어려우나 투명 후면 특성상 육안 식별이 쉬워 고객 불편이 크고 재고가 충분(133개)하여 예외적 MCF 발송이 타당 — 단, 고객이 요청한 색상 변경(Bondi Blue/Neo One)은 표준 보상 범위를 벗어나므로 구매한 것과 동일한 Optik S(Clear)로 MCF 진행 권장)",나아름 Jane 글로벌CX전략팀,"처리 요청 사항 (예상 답변 진행) 제품 불편 사과 사진 확인 시 제조상 결함여부 확인되지 않으나 고객 불편 고려하여 예외적 도움 대체품 제공 동의 시, 개인정보 회신 바람 + MCF 처리 *재고: 133개 확인 완료"
GCX Agent 글로벌CX전략팀,https://spigenhelp.zendesk.com/agent/tickets/1000163986,"링크: https://spigenhelp.zendesk.com/agent/tickets/1000163986
국가 / 제품: DE / Galaxy Watch Ultra 2 (47mm) Modern Fit 316L Armband
ASIN=B0DD4YZXNK / SKU=amzn.gr.AMP08823PAN-OKOAHDjLeHuManKhY-LN
구매일자: 2026-09-24","1차: 완전히 손상된 제품을 어떻게 판매할 수 있는지 문의, 교환 제안조차 없었다고 항의 → 배송 중 파손에 대한 아마존 FBA 책임 안내

2차: 제품을 두 번 주문했고 제품은 유지하되 밴드 마디 제거용 툴 구매 쿠폰 필요, 아마존은 Spigen이 판매자라 도움 불가 안내, 세 번째로 도움받지 못했다며 강한 불만 표출 → FBA CS 배송 이슈 2차 안내(교환/환불 안내)

3차: 내용을 제대로 읽었는지 재확인, 소비자보호기관 신고 예고, 스트랩은 반품하지 않고 계속 쓰되 툴 구매 비용만 부분환불 요청 → 아마존 대화 스크린샷·인보이스·제품/바코드 사진 요청

4차: 요청 자료(스크린샷, 인보이스, 제품·바코드 사진) 모두 성실히 제출

5차(현재): 제출 사진 확인 결과 FBA Grade and Resell(전시/재판매) 상품으로 확인, 바코드 LPN 미확인 → TCK가 예외적 대체품 제공 초안 작성(동의 시 추가 정보 요청)
예외적 대체품 제공(중고품 배송 이슈는 원칙상 아마존 FBA 소관이나 고객의 성실한 자료 제출 고려) #배송상태불만 #GradeAndResell #예외적대체품 #환불율경고","+ 구매 5일 경과
+ (최근 2년) 총 주문 제품 5개 / FBA 환불 제품 2건 / 셀러 환불 1건 / MCF 발송 0건

1. 문의한 Galaxy Watch Ultra용 Modern Fit 2건 주문(302-2659505-4389146, 302-9961957-7420320) 중 하나가 FBA Grade and Resell 상품으로 확인, 바코드 LPN 미확인. 나머지 과거 주문은 모두 환불 완료됨. 이전 티켓 #1000159396에서도 환불 이력 있으나 해당 건은 고객명이 다름

2. 환불 비율 60%(3/5건, ≥50%) + 총 주문 5개(≥3개)로 abuse 경계 신호 확인됨 — 다만 이번 건은 사진·인보이스·아마존 통화 경위 등 요청 자료를 지연 없이 성실히 제출했고, Grade and Resell 상품 특성상 배송 중 파손 소지가 실제로 있어 명백한 abuse 정황은 아님

3. 내부 기준(GCX_CS PROCEDURE): 중고품(Grade and Resell) FBA 배송 관련 이슈는 원칙상 아마존 CS 소관이나, 아마존 측이 반복적으로 책임을 Spigen에 전가한 정황이 있어 고객 불편 고려한 예외 처리가 검토됨","[TCK 예상 답변] 고객 불편 유감
중고품 배송 관련 이슈는 모두 아마존 FBA 담당이므로 아마존 CS를 통하여 도움 받으시는 것이 원칙임 + 아마존에서 책임을 전가한 내용 파악 어려움
그러나 고객 불편을 고려하여 예외적으로 대체품 제공 도움 드리고자 함 + 동의 시 정보 요청
[GCX AI 예상답변] 동일 (Grade and Resell 상품의 배송 중 파손 가능성이 실제로 있고, 고객이 요청 자료를 지연 없이 성실히 제출했으므로 예외적 대체품 제공이 타당 — 다만 환불 비율 60%로 abuse 경계 구간이니 향후 동일 고객 재인입 시에는 추가 예외 지양 필요)",김지우 Kevin 글로벌CX전략팀,"@ Ticket Reporter 1. 예상 답변 진행(원칙상 G&R제품은 자사CS불가하며 셀러환불 이력이 이미 존재하나, 고객 첨부 이미지상 시계 고정핀을 끼워보려고 했던 노력이 명확하므로 예외적 MCF타당) 비고: MCF 86개 확인 완료"
GCX Agent 글로벌CX전략팀,https://spigenhelp.zendesk.com/agent/tickets/1000163492,"링크: https://spigenhelp.zendesk.com/agent/tickets/1000163492
국가 / 제품: IN / Google Pixel 9a Nano Pop MagFit
ASIN=B0DNGQ4KQD / SKU=ACS09065INP
구매일자: 2026-01-30","1차: Spigen India 경유(Zendesk #49429)로 접수 — Pixel 9a용 Nano Pop MagFit 케이스로 인해 휴대폰 후면에 영구적인 자국·얼룩이 생겨 중고 판매가치가 하락했다고 주장(인보이스·문제 영상 첨부) → 제조 결함 인과관계 확인 불가 + 기기 보상 불가 + 케이스 환불만 가능 제안

2차: 필요 시 추가 사진 제공 가능하다며, 자국이 케이스의 플라스틱 시트와 동일하여 100% 케이스 문제라고 재주장, 후면 교체 비용이 케이스 가격보다 훨씬 크다고 언급 → 환불만 가능 2차 재안내(반품 없이 즉시 전액 환불로 예외 제공)

3차(현재): 고객이 강한 불만 표출(""트위터에 게시하겠다"", ""다시는 슈피겐 제품 구매 안 함"") + 환불 진행 요청
반품 없이 전액 환불 진행(워런티 대상 아님, 기존 예외적 환불 제안 유지) #워런티대상아님 #예외적환불 #기기손상주장","+ 구매 7개월(242일) 경과
+ (최근 2년) 총 주문 제품 1개 / FBA 환불 0건 / 셀러 환불 0건 / MCF 발송 0건

1. 고객은 케이스 재질(플라스틱 시트)로 인해 휴대폰 후면에 영구적 자국·얼룩이 생겼다고 주장하며 문제 영상 첨부. 소셜 미디어 게시 언급 등 강성고객 성향 확인

2. 내부 기준(GCX_CS PROCEDURE): 케이스-기기 사이 이물질·사용 습관/환경 또는 기기 자체 코팅 이상으로 인한 손상은 워런티 대상 아님 — 이미 India 측·본사 상담원 모두 동일하게 환불만 가능으로 2차례 안내

3. 타고객 유사 전례: 확인 불가(검색된 동일 유형 전례 없음)","[TCK 예상 답변] 고객의 제품 사용 불편 유감
사용 습관, 기간, 환경 및 케이스와 기기 사이의 이물질로 인하여 생기는 손상 혹은 기기의 코팅 이상으로 인하여 생기는 손상의 경우 슈피겐 제품의 워런티 대상 아님 안내
하지만 불편 고려하여 케이스 환불 진행 및 안내
[GCX AI 예상답변] 동일 (영상상 손상은 기기 후면 코팅·이물질 마찰에 의한 것으로 판단되며 케이스 자체의 제조 결함으로 보기 어려움 + 이미 반품 없는 즉시 전액 환불이라는 예외적 조건까지 제시되어 고객 불편을 충분히 고려한 상태 — 소셜미디어 언급 등 강성고객 신호는 참고 사항일 뿐 추가 보상 근거는 아님)",나아름 Jane 글로벌CX전략팀,"처리 요청 사항 - 제품 100% 환불 진행 (*기기손상 언급) 고객의 제품 사용 불편 유감 사용 습관,기간, 환경 및 케이스와 기기 사이의 이물질로 인하여 생기는 손상 혹은 기기의 코팅 이상으로 인하여 생기는 손상의 경우 슈피겐 제품의 워런티 대상 아님 안내 하지만 불편 고려하여 케이스 100% 환불 진행"
GCX Agent 글로벌CX전략팀,https://spigenhelp.zendesk.com/agent/tickets/1000163420,"링크: https://spigenhelp.zendesk.com/agent/tickets/1000163420
국가 / 제품: ES / iPhone 18 Pro Thin Fit MagFit (+ EZ Fit Slim 글라스)
ASIN=B0FD29X7T8 / SKU=ACS09934PAN
구매일자: 2026-09-11","1차: Thin Fit MagFit 케이스가 제품 페이지상 iPhone 18 Pro 호환으로 표기되어 구매했으나, 18 Pro가 17 Pro 대비 카메라 범프 0.4mm·렌즈 돌출 0.2mm 더 커서 보호 여부 우려. EZ Fit Slim 글라스도 화면보다 작아 가장자리에 레인보우 현상 발생 — 이미 재발송 받았으나 동일 생산 로트라 미해결 → 제품/바코드 사진 요청

2차: 제품 및 바코드 사진 첨부 → 호환성 내부 검증 이상없음 안내 + 고객 불편 고려하여 예외적으로 폐기사진 확인 후 환불 제안(케이스·글라스 모두 폐기 요청)

3차: 고객이 폐기 거부(아마존 30일 반품 기간 내 자체 반품 가능하다는 이유) + 레딧 커뮤니티 논쟁 링크 공유 → 피드백 감사 인사 및 관련 부서 전달 안내로 일단 종결

4차(현재): 케이스가 17 Pro와 동일 SKU(ACS09934)인데 카메라 돌출이 더 큰 18 Pro에서 어떻게 동일 보호력을 보장하냐며, 몰드가 물리적으로 수정·재검증되었는지 기술적으로 재질의
호환성 검증 결과 재안내(이미 예외적 환불 제안을 고객이 거절, 추가 보상 없음) #호환성문의 #재인입 #기존안내유지","+ 구매 18일 경과
+ (최근 2년) 총 주문 3개 / FBA 환불 0건 / 셀러 환불 0건 / MCF 발송 1건

1. 고객은 ACS09934(17 Pro와 동일 몰드/SKU) 케이스가 18 Pro의 커진 카메라 범프·렌즈 돌출을 반영해 재설계되었는지 질의하며, 낙하 시 카메라 손상 가능성을 우려(온라인 커뮤니티 논쟁 인용)

2. 내부 기준(GCX_CS PROCEDURE): 해당 제품은 이미 내부 호환성 검증을 거쳐 판매 중 — 검증 이상없음을 근거로 재안내 대상. 몰드 변경 여부 등 제조 세부사항은 대외 공개 대상 아님

3. 동일고객 클레임 이력: 3차에서 이미 예외적 환불(폐기사진 조건)을 제안했으나 고객이 명시적으로 거절함 — 4차는 동일 결론을 재확인하는 성격의 신규 기술 질의

4. 충성 고객 (최근 2년 총 주문 3개 / 환불 0건으로 총 주문의 1/3 이하)","[TCK 예상 답변] 내부 검증을 통해 호환성에 이상 없음을 확인하여 판매하고 있음 재안내 + 추가 도움 여부 확인 후 안내
[GCX AI 예상답변] 동일 (고객이 3차에서 이미 예외적 환불 제안을 명시적으로 거절했고, 이번 질의는 몰드 재설계 여부에 대한 기술적 확인 요청이므로 기존 내부 검증 결과 재안내 외 추가 조치 불요 — 몰드·생산 세부사항 비공개 원칙과도 부합)",나아름 Jane 글로벌CX전략팀,처리 요청 사항 내부 검증을 통해 호환성에 이상 없음을 확인하여 판매하고 있음 재안내
GCX Agent 글로벌CX전략팀,https://spigenhelp.zendesk.com/agent/tickets/1000164104,"링크: https://spigenhelp.zendesk.com/agent/tickets/1000164104
국가 / 제품: UK / Galaxy Z Fold 7 Slim Armor Pro MagFit
ASIN=확인 불가 / SKU=확인 불가
+ 구매 1년(389일) 경과 (2025-09-05)","(이전 티켓 #1000143571 재인입, 6차)

1~3차: SA Pro MagFit 케이스 착탈 시 마찰로 인한 스크래치 및 이물질 유입으로 기기 손상 주장, 기기 보상 불가 + 케이스 환불만 가능 안내

4차: 케이스 100% 환불 동의하며 수락

5~6차(현재): 환불은 확인했으나 £2,000 상당 기기의 물리적 손상 보상이 필요하다며 재차 요청, 영국 소비자권리법(Consumer Rights Act 2015)·소비자보호법(Consumer Protection Act 1987) 인용하며 14일 내 미해결 시 법적 조치 예고

케이스 환불 이미 완료된 건으로 추가 기기 보상 근거 없어 NRN 처리 예정 #케이스환불완료 #기기보상불가 #Legal언급 #강성고객","+ (최근 2년) 총 주문 1개 / FBA 환불 0건 / 셀러 환불 0건 / MCF 발송 0건

1. 케이스 착탈 마찰로 인한 기기 스크래치·이물질 유입 주장, 4차에 걸친 논의 끝에 케이스 100% 환불로 이미 합의·완료됨

2. 5~6차에서 환불로는 부족하다며 기기 손상(£2,000 상당) 자체에 대한 보상을 신규로 요구 — 케이스 자체의 제조 결함이 명확히 확인되지 않은 상태에서 부수적 기기 손상에 대한 배상 근거 없음

3. 영국 소비자보호법 인용 및 법적 조치 예고는 강성 고객 신호로 판단되며 실질적 법적 리스크로 보기 어려움(당사 정책)

4. 충성 고객 아님 (최근 2년 총 주문 1개)","[TCK 예상 답변] NRN
[GCX AI 예상답변] 동일 (케이스 환불은 이미 4차에서 고객이 수락·완료했고, 이후 5~6차는 원 합의 범위를 벗어난 기기 손상 보상을 반복 요구하는 것으로 제조 결함 근거 없이 6차례 충분히 설명 완료됨 → NRN이 타당하며, 법적 조치 언급은 강성 고객 신호로 판단)
, 5 replies, Last Reply: Tue 11:36 AM
1
Add reaction
,
Tue 10:51 AM
,
5 replies
, Last Reply
Tue 11:36 AM",나아름 Jane 글로벌CX전략팀 / 김지우 Kevin 글로벌CX전략팀,"처리 요청 사항 고객 상황 유감표현 이전 안내와 동일한 안내드리는 점 양해 부탁 제조 결함과 기기 손상과의 인과 관계가 확인되지 않으므로 기기 보상 불가 재안내 제품 환불 도움드렸으며, 이외 추가 보상은 불가한 점 양해 부탁 도움불가 안내 *4월 이후 재인입된 것으로 보여 도움불가 재안내 재진행 부탁드립니다.
@ 박기세 사업지원실 실장님, 앱 사용하실 수 있도록 등록하겠습니다!"
GCX Agent 글로벌CX전략팀,https://spigenhelp.zendesk.com/agent/tickets/1000164018,"링크: https://spigenhelp.zendesk.com/agent/tickets/1000164018
국가 / 제품: IN / iPhone 15 Pro Max Athlex (Caseology by Spigen)
ASIN=확인 불가 / SKU=확인 불가
+ 구매 2년 5개월(904일) 경과 (2024-04-08, Amazon 주문 조회 불가)","1차: Athlex 케이스 양측면 균열 발생, 낙하·충격 없었음 주장, 대체품 요청(사진 첨부) → 보증 기간 만료(2년 경과) 안내

2차: 재검토 요청 — 아마존 행정 처리가 아닌 제품 품질 문제로 문의, 마모 판단 근거 요구 → 보증 기간 만료 2차 안내

3차(현재): 구체적 설명 없이 종결하려는 대응에 실망, 아마존 리뷰·SNS에 후기 공유 예고하며 재검토 요청

구매 2년 5개월 경과 + 주문 조회 불가로 보증 기간 만료 3차 안내 예정 #보증기간만료 #주문조회불가 #강성불만 #리뷰위협","+ 주문 정보 시스템 조회 불가(Order ID/ASIN/SKU 모두 N/A)로 최근 2년 주문 통계 산출 불가

1. 2024.4.8 구매(2년 5개월 경과)로 Amazon 시스템상 조회·행정 처리 불가 기간을 이미 초과. 케이스 양측면 균열 사진 첨부

2. 슈피겐 보증은 제조 결함에 한정되며, 구매 후 2년 이상 경과한 사용 환경에 따른 변화는 보증 대상 아님

3. 유사 전례: 특정 매칭 건 없음

4. 주문 조회 불가로 충성 고객 여부 판단 불가","[TCK 예상 답변] 보증 기간 만료 3차 안내 (이후 재인입 시 NRN 처리 고려)
[GCX AI 예상답변] 동일 (구매 2년 5개월 경과로 보증 기간 및 Amazon 조회 가능 기간 모두 초과, 주문 정보 자체가 시스템상 확인 불가한 상태로 추가 조치 근거 없음 → 보증 기간 만료 3차 안내가 타당하며, 리뷰/SNS 언급은 강성 고객 신호로 판단, 재인입 시 NRN 적용)

첨부: attachments.zip (고객 제출 균열 사진 압축 파일)",김지우 Kevin 글로벌CX전략팀,"@ Ticket Reporter 1. 예상 답변 진행(구매 2년 5개월 경과로 보증 기간 및 Amazon 조회 가능 기간 모두 초 +, 주문 정보 자체가 시스템상 확인 불가한 상태로 추가 조치 근거 없음 + 리뷰/SNS 언급은 강성 고객 신호로 판단, 재인입 시 NRN 타당) 2. 재인입시 NRN"
GCX Agent 글로벌CX전략팀,https://spigenhelp.zendesk.com/agent/tickets/1000163793,"링크: https://spigenhelp.zendesk.com/agent/tickets/1000163793
국가 / 제품: UK / iPhone 16 Pro Max Ultra Hybrid T MagFit
ASIN=B0D7B143L8 / SKU=ACS08505UKO
+ 구매 1년 9개월(639일) 경과 (2024-12-29)","1차: iPhone 16 Pro Max용 UH T MagFit 케이스의 측면/카메라 버튼이 빠져나와 고정되지 않음 + 변색 + 긁힘 주장, 보증 신청 및 교체 요청 (사진/영상 첨부) → 사용 중 생긴 결함 1차 안내(환불 X)

2차: 추가 사진 첨부하여 재인입(TPU 분리 확인) → 사용 중 생긴 결함 2차 안내(환불 X)

3차(현재): ""2년 보증이라면서 아무 것도 보증해주지 않으면 보증이 무슨 의미가 있냐, 브랜드 평판에도 안 좋다""며 재인입

장기 경과(1년 9개월) + 사용 중 마모성 손상으로 도움 불가 3차 안내 예정 #버튼분리 #변색긁힘 #장기경과 #강성불만","+ (최근 2년) 총 주문 2개 / FBA 환불 0건 / 셀러 환불 0건 / MCF 발송 0건

1. 측면/카메라 버튼 분리(TPU 분리 확인) + 변색 + 긁힘 복합 주장. 사진/영상 다수 제출. ESC 사유: 워런티 기간 불만

2. 구매 1년 9개월 경과 + 변색·긁힘은 사용 마모성 손상으로 통상 판단되며, 버튼 분리도 장기 사용에 따른 마찰/외부 요인 가능성 배제 불가

3. 유사 전례: 특정 매칭 건 없음

4. 충성 고객 아님 (최근 2년 총 주문 2개로 3개 미만)","[TCK 예상 답변] 고객의 사용 습관, 환경, 외부 요인 등에 의한 손상은 제조 결함이 아님 + 도움 불가 3차 안내
[GCX AI 예상답변] 동일 (구매 1년 9개월 경과로 장기 사용 후 발생한 복합 마모성 손상(변색·긁힘·버튼 분리)이며 총 주문 2건으로 충성 고객도 아님 → 도움 불가 3차 안내 (재인입 시 NRN)이 타당)",나아름 Jane 글로벌CX전략팀,"처리 요청 사항 (예상 답변 진행) 고객 상황 유감 표현 황변의 경우, 형광등, 자외선 노출, 충전기 발열, 화장품 등 다양한 유저의 사용환경 및 외부요인에 의해 발생될 수 있음 유저의 사용 습관, 외부 요인 등으로 황변된 경우 워런티 제공 대상 아닌 점 안내 도움불가 3차 안내 *사용기간: 1년 8개월 경과"
GCX Agent 글로벌CX전략팀,https://spigenhelp.zendesk.com/agent/tickets/1000163329,"링크: https://spigenhelp.zendesk.com/agent/tickets/1000163329
국가 / 제품: IN / iPhone 17 / iPhone 17 Pro Ultra Hybrid MagFit
ASIN=B0FD2K58MF / SKU=ACS10082","(전일 17:32 보고 이후 경과 — 4차 재인입 업데이트)

3차(전일 보고 시점): 나아름 프로님 지시로 도움불가 3차 안내 발송, 고객은 ""1년 워런티가 무슨 의미냐""고 재차(비교적 차분한 어조로) 문의

4차(현재): TCK 내부 노트가 ""도움 불가 4차 안내 OR NRN"" 두 옵션 제시

이미 도움불가 3회 완료된 건으로, 사내 정책상(도움불가 캡 3회, 4번째부터는 NRN 적용) NRN이 타당 #NRN적용대상 #도움불가3회완료 #고객톤완화","+ (최근 2년) 총 주문 9개 / FBA 환불 0건 / 셀러 환불 2건 / MCF 발송 0건

1. 동일 두 기종(iPhone 17/17 Pro) UH MagFit 케이스 반복 황변 주장 건. 도움불가 1차·2차·3차 모두 이미 발송 완료

2. 고객이 이번엔 위협성 발언 없이 단순 질문(""1년 워런티가 무슨 의미냐"")만 함 — 이전보다 톤 완화

3. 동일고객 클레임 이력: 이전 환불 #1000153607, 전일 재인입 3건(도움불가 1~3차) 참고

4. 충성 고객 아님으로 유지 (나아름 프로님이 이미 예외 워런티 중단 판단, 정책상 3회 도움불가 완료로 이번 4번째 재인입부터 NRN 대상)","[TCK 예상 답변] 도움 불가 4차 안내 OR NRN
[GCX AI 예상답변] 1. 고객님의 재문의에 대해 유감스럽게 생각합니다
2. 워런티 적용 여부는 제조상 결함 확인 시에만 해당되며, 본 건은 3차례에 걸쳐 사용환경에 의한 것으로 확인되어 추가 도움 드리기 어려운 점 재차 안내드립니다
3. 도움 불가 3회 완료된 건으로 사내 정책상 이번부터 NRN 적용이 타당 — ""도움 불가 4차""로 새로 라벨링하기보다, 짧은 마무리 답변 후 재인입 시 추가 응답 없이 내부 종결 처리 권장 (TCK가 제시한 두 옵션 중 4차 라벨은 정책상 부적절)
, 1 reply, Last Reply: Tue 9:12 AM
1
Add reaction
,
Tue 9:05 AM
,
1 reply
, Last Reply
Tue 9:12 AM",나아름 Jane 글로벌CX전략팀,NRN 처리
GCX Agent 글로벌CX전략팀,https://spigenhelp.zendesk.com/agent/tickets/1000163829,"링크: https://spigenhelp.zendesk.com/agent/tickets/1000163829
국가 / 제품: UK / Galaxy Z Fold8 Ultra Slim Armor Pro S MagFit Case
ASIN=B0GYQDR1FW / SKU=ACS11778UKO
구매일자: 2026-08-02","1차: Galaxy Z Fold 8 Ultra용 Slim Armor Pro S MagFit 케이스(2026.8.2 구매)를 삼성 25W 무선충전기와 처음 함께 사용했는데 휴대폰에서 ""케이스가 너무 두꺼워서 충전 불가"" 메시지 발생. 아마존에 리뷰 남겼으며 5영업일 내 환불 없으면 전 SNS에 결함 공개하겠다고 경고, Sale of Goods Act 위반이라 주장 → 제품 설명대로 일부 마그네틱/무선 충전이 원활하지 않을 수 있음 안내, 유선 충전 권장, 증상 확인용 영상 요청

2차: 충전 시작 10초 만에 충전이 멈추며 매번 재현됨. 영상 파일이 25MB를 초과해 대신 사진 여러 장 첨부, 케이스 분리 후 청소함. 환불 원함 → 영상 파일 링크 공유 요청

3차(현재): 영상 링크 전달, 영상 내 ""Wireless charging has been paused. Try removing foreign objects or thick cases..."" 알림 확인됨

충전호환불가 증상 영상으로 재현 확인, 100% 환불 안내 예정 #충전호환불가 #강성고객 #영상증빙확인","+ 구매 2개월(60일) 경과
+ (최근 2년) 총 주문 제품 1개 / FBA 환불 제품 0개 / 셀러 환불 0건 / MCF 발송 0건

1. 케이스 장착 상태에서 무선충전 10초 만에 중단되는 현상이 매번 재현되며, 영상에서 ""Wireless charging has been paused"" 알림이 명확히 확인됨 — 리뷰 공개·SNS 공개 위협 및 소비자법 위반 주장 등 강성 고객 태도

2. 1차 안내 시 제품 설명상 마그네틱/무선 충전 제한 가능성을 들어 유선 충전을 권장했으나, 고객이 요청받은 영상 증빙까지 제출하며 재인입 — 실제 증상이 영상으로 명확히 입증됨

3. 유사 전례: #1000159011, #1000158640 — 동일 Galaxy Z Fold8 SA Pro S MagFit 케이스 무선충전 호환 불가 건, 둘 다 ""고객 불편 유감 + 유선 충전 권장 + 제품 불량 아님"" 1차 안내로 종결(영상 증빙 제출까지는 이어지지 않음)","[TCK 예상 답변] 불편 고려하여 100% 환불 안내
[GCX AI 예상답변] 동일 (영상으로 ""Wireless charging has been paused"" 알림이 명확히 확인되어 제품 설명대로의 충전 제한 현상이 매번 재현되는 실제 증상임이 입증됨 — 유사 전례 #1000159011/#1000158640와 달리 이번 건은 영상 증빙까지 확보된 점, SNS 공개·법령 위반 주장은 강성 고객 태도로만 참고하고 판단 근거로 삼지 않은 점을 고려해 100% 환불로 마무리하는 것이 타당)",김지우 Kevin 글로벌CX전략팀,@ Ticket Reporter 예상 답변 진행 (짧은 사용기간 + 영상상 충전 불안정 명확 + 자사 케이스와 사용으로 환불 타당)
GCX Agent 글로벌CX전략팀,https://spigenhelp.zendesk.com/agent/tickets/1000164360,"링크: https://spigenhelp.zendesk.com/agent/tickets/1000164360
국가 / 제품: DE / Google Pixel 9 Pro Rugged Armor Case
ASIN=B0CWS88S43 / SKU=ACS07783PAN
구매일자: 2025-08-10","1차(현재): 최근 2년간 Pixel 9 Pro용 Rugged Armor 케이스를 2번 구매했는데(2024.11.12 / 2025.08.10) 첫 번째 케이스는 1년이 되지 않아 느슨해지면서 휴대폰이 내부에서 미끄러졌음(사진 및 영상 첨부). 두 번째 케이스도 4개월 사용 후 동일한 이슈가 발생했으며 아버지가 Pixel 9에 같은 케이스를 사용 중인데 동일하게 미끄러지는 현상이 있어서 예외적인 경우가 아닌 것으로 보임. 케이스와 휴대폰 사이에 먼지와 이물질이 유입되었고 휴대폰이 움직이면서 후면에 심한 스크래치가 생겼음. 휴대폰을 떨어뜨리지 않았고 항상 케이스를 장착했으며 거칠게 다루어 발생한 문제는 아닌 것으로 생각됨. iPhone 17 Pro로 기기를 변경 예정이라서 대체품 제공 도움이 되지 않을 것 같고 휴대폰에 발생한 스크래치로 인해 재판매 가격이 €200 정도로 하락할 것으로 예상되며 보상이 가능한지 문의함. 검토를 위해 수리 견적서도 제출 가능함을 밝힘.

케이스 유격으로 인한 기기손상(후면 스크래치) 금전 보상 요청 — 기기보상 불가 + 케이스 환불로 안내 예정 #유격 #기기손상 #기기보상불가","+ 구매 13개월(417일) 경과
+ (최근 2년) 총 주문 제품 2개 / FBA 환불 제품 0개 / 셀러 환불 0건 / MCF 발송 0건

1. 2건의 케이스(2024.11.12 구매, 2025.08.10 구매) 모두 사용 중 유격 발생 주장, 케이스-폰 사이 먼지 유입으로 폰 후면에 기기손상(스크래치)이 생겼다며 재판매가 하락분(약 €200) 보상 요청 — 사진 4매 + 영상 1개 첨부, 수리 견적서 제출 의사 있음

2. 케이스 자체의 유격/품질 이슈는 워런티 검토 대상이나, 케이스 결함으로 인해 발생했다고 주장하는 휴대폰 자체의 손상(스크래치)에 대한 금전적 배상은 당사 CS 보증 범위(제품 한정) 밖 — 기기와 케이스 결함 간 직접적 인과관계 입증이 어려움

3. 유사 전례: #1000146524 — 케이스 구조 결함(힌지 노출) + 기기 후면 스크래치 보상 요청 건, 동일 기준으로 ""제조상 결함 확인 불가, 고객 불편 고려 케이스 환불 only / 기기보상 불가"" 처리","[TCK 예상 답변] 사진과 영상에서 확인되는 306-2355500-2598711건에 대해서만 기기보상불가 + 환불 only 가능 제안
[GCX AI 예상답변] 동일 (사진·영상으로 결함이 확인되는 두 번째 케이스(306-2355500-2598711, 2025.08.10 구매)에 한해 케이스 자체 환불은 타당 — 다만 휴대폰 후면 스크래치로 인한 재판매가 하락(€200) 보상은 케이스와 기기손상 간 직접 인과관계 입증이 어려운 기기 자체 손상 보상 요청으로, 유사 전례 #1000146524와 동일하게 보증 범위 밖이므로 기기보상 불가가 타당)",나아름 Jane 글로벌CX전략팀,"처리 요청 사항 고객 상황 유감 표현 제조 결함과 기기 손상과의 인과 관계가 확인되지 않으므로 기기 보상 불가 양해 바람 그럼에도 고객 불편 고려하여 사진/영상 첨부해주신 제품 306-2355500-2598711건에 대해 예외적 제품 환불 도움드리고 자 함 동의 시, 100% 환불 진행"
GCX Agent 글로벌CX전략팀,https://spigenhelp.zendesk.com/agent/tickets/1000164215,"링크: https://spigenhelp.zendesk.com/agent/tickets/1000164215
국가 / 제품: UK / Galaxy S25 Tough Armor (AI) MagFit Case
ASIN=B0DJ9VF2M6 / SKU=ACS09008UKO
구매일자: 2025-07-20","1차: Galaxy S25용 TA MagFit 케이스의 코팅벗겨짐, 킥스탠드이슈(헐거워짐), 케이스 측면 파손으로 보증 교환 요청 → 사용 중 생긴 결함 1차 안내 (환불 X)

2차: 일반적인 마모라는 결론에 동의하기 어려움 — 내구성을 강조하는 슈피겐 제품 가격대·사용 기간 대비 명백한 품질 불량이라며 보증/품질관리팀 재검토 요청, 추가 사진·영상 제출 의사 표명 → 사용 중 생긴 결함 2차 안내 (환불 X)

3차(현재): 슈피겐 2년 보증 정책을 인용하며 코팅벗겨짐·킥스탠드이슈·프레임파손은 단순 마모가 아닌 제조 결함이라 주장, 증빙 없이 사용감·경과만으로 보증 거부하는 것은 수용 불가 — 증빙 사진/영상 제공 가능하니 상급 보증 담당 부서로 이관 요청
코팅벗겨짐+킥스탠드이슈+프레임파손 3중 결함 주장, 아직 증빙 영상/사진 없음 — 영상 확인 후 재검토 필요 #코팅벗겨짐 #킥스탠드이슈 #프레임파손 #증빙필요","+ 구매 1년 2개월 경과
+ (최근 2년) 총 주문 제품 3개 / FBA 환불 제품 1건 / 셀러 환불 0건 / MCF 발송 0건

1. 코팅벗겨짐·킥스탠드이슈·프레임파손 3가지 증상을 동시에 주장, 2차례 ""사용 중 생긴 결함"" 안내에도 동의하지 않고 3차 재인입하며 상급 부서 이관 요청 — 증빙 사진/영상 제출 의사 있음

2. 현재까지 실제 사진·영상은 미제출 — 결함 여부를 판단할 근거가 아직 부족함

3. 충성 고객 (최근 2년 총 주문 3개, 환불 1건으로 비율 정확히 1/3)","[TCK 예상 답변] 이슈 영상 먼저 요청 (이후 확인하여 도움 고려)
[GCX AI 예상답변] 동일 (아직 이슈를 확인할 수 있는 사진·영상이 제출되지 않아 코팅벗겨짐·킥스탠드이슈·프레임파손이 실제 제조 결함인지 일반 마모인지 판단할 근거가 없음 — 충성 고객(최근 2년 총 주문 3개/환불 1건, 비율 정확히 1/3)이고 증빙 제출 의사를 밝힌 점을 고려해 영상 확인 후 전향적으로 재검토하는 것이 타당)
, 2 replies, Last Reply: 10:59 AM
1
Add reaction
,
9:57 AM
,
Ticket Reporter replied
1 unread
2 replies
, Last Reply
10:59 AM",김지우 Kevin 글로벌CX전략팀,@ Ticket Reporter 예상 답변 진행(고객이 주장하는 결함을 확인 할 방법이 없으므로 이슈 영상 제공 요청 타당)
GCX Agent 글로벌CX전략팀,https://spigenhelp.zendesk.com/agent/tickets/1000164035,"링크: https://spigenhelp.zendesk.com/agent/tickets/1000164035
국가 / 제품: BE / MacBook Pro 14"" (M5 Pro/M5 Max 2026) Glas.tR FC [Lot de 1]
ASIN=B09NP4TQW1 / SKU=AGL04234PAN
구매일자: 2026-09-24","1차: MacBook Pro 14""용 Glas.tR FC 글라스 부착 후 거울처럼 반사가 심해 눈이 불편하고 사용이 어려움. 이미 부착·사용한 상태에서 반품 또는 무광 제품 교체 가능 여부 문의 → 반사 현상 확인되는 사진·바코드 요청

2차(현재): 사진 첨부하여 재인입
동일 유형 전례 3건 모두 100% 환불로 종결된 반복 문의 — 다만 FBA 환불 비율이 높아 참고 필요 #반사방지저하 #환불비율경고 #예외적환불","+ 구매 7일 경과
+ (최근 2년) 총 주문 제품 23개 / FBA 환불 제품 12건 / 셀러 환불 1건 / MCF 발송 0건

1. 거울처럼 반사가 심해 사용 불가 주장, 이미 부착·사용한 상태 — 바코드 사진은 미첨부, 반사 확인용 제품 사진 4매만 첨부

2. FBA 환불 비율 높음 ((12+1)/23 ≈ 56.5%) — abuse 경계 신호로 참고 필요

3. 유사 전례 3건 모두 동일 ""거울처럼 심한 반사"" 사유로 100% 환불 처리: #112939, #1000006566, #1000099562","[TCK 예상 답변] 동일한 제품으로만 교체품 제공 가능 + 제조상 결함 아니지만 예외적 환불 도움
[GCX AI 예상답변] 동일 (동일 유형 전례 3건(#112939, #1000006566, #1000099562) 모두 ""거울처럼 심한 반사로 사용 불가"" 사유로 예외 없이 100% 환불 처리된 확립된 전례가 있어 동일 기준 적용이 타당 — 다만 최근 2년 FBA 환불 비율이 56.5%로 높아 abuse 경계 신호가 있으나, Glas.tR FC(유광) 제품 특성상 반복적으로 발생하는 보편적 불만 유형이고 TCK도 동일하게 예외적 환불을 제안하므로 예외적 환불로 마무리하는 것이 합리적)",김지우 Kevin 글로벌CX전략팀,"@ Ticket Reporter 예상 답변 진행(FBA 환불 비율이 56.5%로 높아 abuse 신호가 있으나, Glas.tR FC(유광) 제품 특성상 반복적으로 발생하는 보편적 불만 유형으로 타티켓과 동일하게 환불안내 타당)"
GCX Agent 글로벌CX전략팀,https://spigenhelp.zendesk.com/agent/tickets/1000163730,"링크: https://spigenhelp.zendesk.com/agent/tickets/1000163730
국가 / 제품: NL / iPhone 18 Pro Max/17 Pro Max EZ Fit Pro Screenprotector [2P]
ASIN=B0FCFG5PN6 / SKU=AGL09995PAN
구매일자: 2026-09-24","1차: (동일 주문 건) EZ Fit Pro Privacy 글라스(ASIN B0HCY6FZ5Q) 2장 모두 결함 — 이미 별도로 100% 환불 처리 완료

2차: 동일 주문의 두 번째(별도) 제품인 EZ Fit Pro Screenprotector [2P](Privacy 아님)도 2장 모두 부착 후 측면 들뜸 발생. 평소 슈피겐 제품 품질에 만족해 왔으나 최근 두 글라스 제품 모두에 실망하며 환불 요청 → 제품 상태/바코드 사진 요청

3차(현재): 사진 첨부하여 재인입, 패키지는 더 이상 보유하지 않아 바코드 사진은 제공 불가
동일 주문에서 두 번째 제품도 동일 유형(들뜸) 결함 발생 — 제조상 결함 확인 어려우나 예외적 환불 권고 #들뜸 #예외적환불","+ 구매 7일 경과
+ (최근 2년) 총 주문 제품 2개 / FBA 환불 제품 0개 / 셀러 환불 1건 / MCF 발송 0건

1. 동일고객 클레임 이력: 같은 티켓 내 #1000163730 Privacy 글라스 건은 이미 100% 환불 처리 완료 — 이번 건은 같은 주문의 두 번째 제품에서 발생한 별도 결함

2. 2장 모두 측면 들뜸 발생, 패키지 폐기로 바코드 사진은 제공 불가하나 제품 사진은 첨부됨

3. 동일 주문에서 서로 다른 두 제품 모두 접착 관련 결함(주름/들뜸)을 보이는 반복 패턴","[TCK 예상 답변] 제조상 결함 아니지만 예외적 환불 도움
[GCX AI 예상답변] 동일 (동일 주문에서 이미 한 제품(Privacy 글라스)에 대해 100% 환불이 처리된 전례가 있고, 이번 두 번째 제품도 2장 모두 동일하게 들뜸 증상을 보여 품질 이슈 패턴이 반복됨 — 패키지 폐기로 바코드 확인은 어려우나 제품 사진으로 상태 확인 가능하고, 저가 품목인 점까지 고려하면 예외적 환불로 마무리하는 것이 합리적)",김지우 Kevin 글로벌CX전략팀,"@ Ticket Reporter 예상 답변 진행(측면들뜸 확인 가능 + 이번 인입 사유와 이슈가 다르나, SIREN 결과 대기 중인 제품으로 환불 타당)
@ 양숙랑 Grace 글로벌CX전략팀 @ 나아름 Jane 글로벌CX전략팀"
GCX Agent 글로벌CX전략팀,https://spigenhelp.zendesk.com/agent/tickets/1000164194,"링크: https://spigenhelp.zendesk.com/agent/tickets/1000164194
국가 / 제품: SE / Apple Watch Ultra 2 (49mm) Dura Pro Armor 밴드 (SDA, Svart/Black)
ASIN=B0BX4VRZXC / SKU=AMP06065PAN
구매일자: 2025-03-07","1차: Apple Watch Ultra 2(49mm)용 Dura Pro Armor 밴드 연결 부위(커넥터)가 일상적인 사용 중 완전히 파손됨. 조심히 다뤘고 낙하·충격·액체 노출 없었음을 명시, 보증기간 내 교환 요청 (사진 첨부) → 사용 중 생긴 결함 1차 안내 (환불 X)

2차(현재): TCK의 ""일반적인 사용 요인"" 결론에 강하게 반발 — 기술적 분석·설명 없이 추측성 결론이라고 지적, 정상 사용 18개월 만에 파손된 것에 실망감 표현, 최근 2년간 15개 이상 구매한 충성 고객으로서 재검토(수퍼바이저 2차 의견) 요청, 향후 슈피겐 구매 재고 및 타사 전환 가능성까지 언급
충성 고객(15주문/환불 0건)의 정당한 재검토 요청 + 기술적 근거 없는 1차 거절에 대한 타당한 반박 → 예외적 100% 환불이 합리적 #워런티기간불만 #충성고객 #예외적환불검토","+ 구매 1년 6개월 경과
+ (최근 2년) 총 주문 제품 15개 / FBA 환불 제품 0개 / 셀러 환불 0건 / MCF 발송 0건

1. 밴드 연결부(커넥터) 완전 파손 주장, 낙하·충격·화학물질 노출 없음을 명시, 사진 3매 첨부

2. TCK 1차 답변이 기술적 근거 제시 없이 ""일반적 사용 요인""으로 결론 내렸다는 고객 지적은 타당한 측면이 있음 — 해당 국가는 MCF 발송도 불가하여 물리적 교환도 어려운 상황

3. 충성 고객(최근 2년 총 주문 15개, 환불 이력 0건 — 이번이 사실상 최초 클레임)

4. 강한 불만 표출 + 향후 구매 중단 및 타사 브랜드 전환 시사(평판 리스크)","[TCK 예상 답변] (충성 고객, MCF 발송 불가 국가 확인) 불편을 고려하여 예외적 100% 환불 OR 사용 중 생긴 결함 2차 안내 (환불 X)
[GCX AI 예상답변] 1. 고객 상황에 대한 유감 표현드립니다.
2. 충성 고객(최근 2년 총 주문 15개, 환불 이력 전무)이며 낙하·충격·화학물질 노출 등 오사용 정황이 없고 MCF 발송도 불가한 국가인 점을 고려하여
3. 충성 고객을 고려하여 예외적 환불 도움드립니다.

근거: 약 18개월 사용 후 파손이라는 사실 하나만으로 ""일반적 사용 요인""으로 단정하기엔 기술적 근거가 부족하고, 고객이 스스로 밝힌 무결점 사용 이력(낙하·화학물질 노출 없음)에 대한 반박 근거도 TCK 측에서 제시하지 못한 상태. 15건 구매·환불 이력 全無의 명백한 충성 고객이 사실상 첫 클레임을 제기한 것이며, 브랜드 이탈(경쟁사 전환)까지 시사한 점을 고려하면 2차 거절보다 예외적 환불로 종결하는 것이 CS 리스크 관리 측면에서 더 합리적.",나아름 Jane 글로벌CX전략팀,"@ Ticket Reporter 1. 고객 상황 유감표현 2. 고객 사용기간 및 첨부사진 확인 시, 사용중 발생된 일반적인 마모로 보여지며 제조상 결함이 아닌 점 재안내 3. 워런티 제공 대상 아니나 고객 불편 고려하여 예외적 도움드리고 자함 4. 100% 환불 진행"
GCX Agent 글로벌CX전략팀,https://spigenhelp.zendesk.com/agent/tickets/1000164203,"링크: https://spigenhelp.zendesk.com/agent/tickets/1000164203
국가 / 제품: DE / iPhone 18 Pro Max Ultra Hybrid MagFit (Case, Frost Black)
ASIN=B0FD1RV1BQ / SKU=ACS10038PAN
구매일자: 2026-09-27","1차: iPhone 18 Pro Max용 UH MagFit 케이스의 후면 카메라 컷아웃이 카메라 위치와 맞지 않고 계속 어긋남, 여러 번 탈부착 시도했으나 해결되지 않음 → 핸드폰 모델명 + 제품/바코드 사진 요청

2차(현재): iPhone 18 Pro Max에 장착한 상태의 추가 사진 첨부, 카메라 주변이 제대로 정렬되지 않았고 실제로 보면 더 심하다고 주장
동일 유형 전례 2건 모두 ""카메라 글라스 호환성 극대화를 위한 의도된 컷아웃 위치""로 결론, 불편 고려 예외적 환불 안내 #컷아웃정렬 #의도된설계공차 #예외적환불","+ 구매 3일 경과
+ (최근 2년) 총 주문 제품 2개 / FBA 환불 제품 1건 / 셀러 환불 0건 / MCF 발송 0건

1. 카메라 컷아웃 정렬 불량 주장 — 여러 번 재장착 시도했으나 동일 증상 지속, 첨부 사진상 카메라 홀 위치가 살짝 어긋나 보임

2. 동일 유형 전례 확인: #1000162554, #1000163627 모두 ""카메라 글라스와의 호환성 최대화를 위해 의도된 컷아웃 위치""로 제조상 결함 아님으로 결론, 그중 #1000163627은 불편 고려하여 예외적 환불 안내함

3. 최근 2년 주문 2건 중 1건 FBA 환불 이력 있음(환불비율 50%) — 다만 총 주문 수가 3건 미만으로 abuse 기준(주문 3건 이상 + 환불비율 50% 이상)에는 해당하지 않아 참고 사항으로만 기록","[TCK 예상 답변] 자사 카메라 글라스와 호환성을 최대화하기 위해 의도된 컷아웃 위치임 + 불편 고려하여 예외적 환불 안내
[GCX AI 예상답변] 동일 (동일 유형 전례 #1000162554·#1000163627 모두 동일한 카메라 컷아웃 정렬 불만에 대해 ""의도된 설계 공차(카메라 글라스 호환성 최대화)""로 일관 판정했고, 그중 하나는 동일하게 예외적 환불로 마무리한 바 있어 이번 건도 동일 기준 적용이 타당. 구매 3일 경과로 초기불량 주장 신빙성은 있으나, 반복된 전례상 제조 결함이 아닌 설계 특성으로 판단되므로 물리적 재교환보다 예외적 환불로 종결 권장)",나아름 Jane 글로벌CX전략팀,"@ Ticket Reporter 1. 제품 불편 사과 + 유관부서 공유하겠음 2. 자사 카메라 글라스와 호환성을 최대화하기 위해 의도된 컷아웃 위치임 2. 제조상 결함여부 확인되지 않으나, 고객 불편 고려하여 예외적 도움드리겠음 3. 100% 환불 진행 *사전 공유된 이슈"
GCX Agent 글로벌CX전략팀,https://spigenhelp.zendesk.com/agent/tickets/1000164250,"링크: https://spigenhelp.zendesk.com/agent/tickets/1000164250
국가 / 제품: UK / iPhone 18 Pro Max Nano Pop MagFit (Case, Black Sesame) + Glas.tR EZ Fit Pro (Privacy, 2P) — 2개 품목 주문
ASIN=B0FD1J8X1R / SKU=ACS09915 (Nano Pop MagFit 기준; Privacy 필름 품목 SKU 별도 미확인)
구매일자: 2026-09-26 (Invoice #I-00616 = Shopify Order #1636)","1차: 주문 I-00616(Shopify Order #1636)이 트래킹상 배송완료로 표시되나 실제 수령하지 못했다며 배송 상태 확인 요청 → TCK가 인보이스/주문 정보 스크린샷 요청

2차(현재): 인보이스 첨부하여 재인입, 트래킹 정보를 다시 확인했으나 배달 인증사진 속 장소가 본인 집과 전혀 관련 없는 곳이라고 주장하며 업데이트/해결책 요청
택배사(Swiship UK) 트래킹상 배송완료 처리되었으나 배달 인증사진 속 장소가 고객 자택과 무관 — Spigen은 배송사가 아니므로 배송 경로·사진 확인/변경 권한 없음 #미배송분쟁 #택배사확인필요 #Shopify주문","+ 구매 4일 경과
+ Shopify 주문 — Amazon 주문 이력(FBA/셀러 환불 등) 조회 대상 아님, 관련 통계 없음

1. 트래킹 정보(swiship.co.uk 추적)상 배송완료로 확인되나, 배달 인증사진 속 장소가 고객 자택과 무관하다는 주장 — 오배송 가능성 있으나 사실관계는 택배사 확인 필요

2. 내부 기준상 판매자인 당사는 택배사의 배송 경로·인증사진 오류에 대한 직접 조사·정정 권한이 없음

3. 유사 전례 확인 불가 (Previous_tickets.csv는 Amazon 중심 사례 위주로, Shopify EU 배송분쟁 전례 없음)

4. 충성 고객 여부 확인 불가 (Shopify 주문으로 Amazon 기준 주문 이력 데이터 없음)","[TCK 예상 답변] 자사는 배송 상태 관련하여 확인 및 변경 권한이 없음 + 아마존 또는 택배사로 직접 문의하실 것 안내
[GCX AI 예상답변] 동일 (배송사 트래킹상 배송완료 처리된 건에 대해 판매자인 당사가 배송 경로나 배달 인증사진의 정확성을 직접 확인·정정할 권한이 없다는 결론 자체는 통상 정책과 일치. 다만 TCK 예상 답변 문구 중 ""아마존 문의"" 부분은 본 건이 Amazon이 아닌 Shopify EU 주문이므로 오적용된 채널 안내 — 고객에게는 반드시 실제 배송을 수행한 택배사인 Swiship UK에 직접 배송조사(delivery investigation/claim)를 요청하도록 정정 안내 필요)",나아름 Jane 글로벌CX전략팀,Shopify TF팀 확인중
GCX Agent 글로벌CX전략팀,https://spigenhelp.zendesk.com/agent/tickets/1000164216,"링크: https://spigenhelp.zendesk.com/agent/tickets/1000164216 (이전 티켓 #1000149836과 동일 주문 건, 3차 재인입)
국가 / 제품: FR / Galaxy S25 Ultra Ultra Hybrid S MagFit (Case, Blanc)
ASIN=B0DJ9TGGFR / SKU=ACS08963PAN
구매일자: 2026-04-06","1차: 킥스탠드 재파손, 1회성 예외 MCF 이미 소진 → 도움 불가 1차 안내

2차: 고객이 도움 불가 답변에 강하게 반발 — ""€30짜리 보호 제품이 3개월 만에 망가졌는데 새로 사라는 것이냐"" 재차 이의 제기 → 동일 결론 유지, 도움 불가 2차 안내 (GCX KJW 컨펌 완료)

3차(현재): ""그럼 이 상태로 계속 쓰라는 것인지, 30유로나 주고 산 제품을 3개월 만에 또 새로 사야 하는 것인지, 슈피겐 제품 품질이 나쁜 것도 자신의 잘못인지"" 문의하며 강한 불만 재차 표출
동일 주문에서 원본+MCF 교체품 모두 동일 부위(킥스탠드) 파손이 반복 확인되어 TCK가 이번 3차 인입에서 도움 불가 3차 대신 폐기 사진 확인 후 예외적 100% 환불을 대안으로 제시 #킥스탠드파손 #재인입3차 #예외적환불검토","+ 구매 5개월 24일 경과
+ (최근 2년) 총 주문 제품 2개 / FBA 환불 제품 0개 / 셀러 환불 0건 / MCF 발송 1건

1. 동일 주문에서 오리지널 제품과 예외적으로 제공된 MCF 교체품 모두 동일 부위(킥스탠드)가 반복 파손 — 단순 1회성 불량이 아닌 2연속 동일 결함 재현 패턴

2. 내부 기준(GCX_CS PROCEDURE)상 동일 결함에 대한 예외적 MCF는 1회로 제한되어 이미 소진되었으나, 반복 재현 양상을 고려해 TCK가 이번 재인입에서 폐기 사진 확인 후 예외적 100% 환불을 대안으로 제시함

3. 동일 주문 이력: #1000149836 (동일 주문 건, 최초 파손 MCF 발송) — 현재 티켓은 그 교체품의 재파손

4. 충성 고객 아님 (최근 2년 총 주문 2개로 최소 기준 3개 미충족)","[TCK 예상 답변] 폐기 사진 확인 후 예외적 100% 환불 OR 도움 불가 3차 안내
[GCX AI 예상답변] 1. 고객 상황에 대한 유감 표현드립니다.
2. 워런티의 지속적인 도움은 어려우나, 동일 주문에서 원본 및 예외적으로 제공된 교체품 모두 동일 부위(킥스탠드)가 반복적으로 파손된 점을 고려하여
3. 폐기 사진 확인 후 예외적으로 환불 도움드립니다.

근거: 동일 결함이 원본+예외적 MCF 교체품 양쪽에서 재현된 것은 통상적인 사용 마모로 보기 어려운 반복 패턴이며, 여기서 세 번째로 또 다른 물리적 교체품(MCF)을 재발송할 경우 동일 재파손이 다시 반복될 리스크가 큼 — 저가 품목(€30 상당)인 점까지 고려하면 추가 물리적 교체보다 예외적 환불로 종결하는 것이 CS 비용·고객 불만 확산 방지 양면에서 더 합리적. 다만 충성 고객 기준(최근 2년 총 주문 3개 이상)은 미충족이므로 향후 유사 재인입 시 동일 예외를 반복 적용하지 않도록 유의.",김지우 Kevin 글로벌CX전략팀,@ Ticket Reporter 예상 답변 중 환불 진행(단시간 내 강경 지속 인입 + MCF시 동일 사유로 재인입할 가능성 고려 예외적 폐기 확인 후 환불 100% 타당)
